0 verbose cli /opt/homebrew/Cellar/node/23.10.0/bin/node /opt/homebrew/bin/npm
1 info using npm@11.6.2
2 info using node@v23.10.0
3 silly config load:file:/opt/homebrew/lib/node_modules/npm/npmrc
4 silly config load:file:/Users/fujirio75/dev/w3software/.npmrc
5 silly config load:file:/Users/fujirio75/.npmrc
6 silly config load:file:/opt/homebrew/etc/npmrc
7 verbose title npm ci
8 verbose argv "ci" "--cache" "/Users/fujirio75/dev/w3software/.npm-cache"
9 verbose logfile logs-max:10 dir:/Users/fujirio75/dev/w3software/.npm-cache/_logs/2026-04-19T14_50_25_904Z-
10 verbose logfile /Users/fujirio75/dev/w3software/.npm-cache/_logs/2026-04-19T14_50_25_904Z-debug-0.log
11 silly logfile done cleaning log files
12 silly packumentCache heap:4345298944 maxSize:1086324736 maxEntrySize:543162368
13 silly idealTree buildDeps
14 silly fetch manifest @types/react@*
15 silly packumentCache full:https://registry.npmjs.org/@types%2freact cache-miss
16 http fetch GET https://registry.npmjs.org/@types%2freact attempt 1 failed with ENOTFOUND
17 http fetch GET https://registry.npmjs.org/@types%2freact attempt 2 failed with ENOTFOUND
18 http fetch GET https://registry.npmjs.org/@types%2freact attempt 3 failed with ENOTFOUND
19 silly placeDep ROOT @types/react@ OK for: @types/react-reconciler@0.28.9 want: *
20 silly fetch manifest react@^16.8.0 || ^17 || ^18
21 silly packumentCache full:https://registry.npmjs.org/react cache-miss
22 http fetch GET https://registry.npmjs.org/react attempt 1 failed with ENOTFOUND
23 http fetch GET https://registry.npmjs.org/react attempt 2 failed with ENOTFOUND
24 http fetch GET https://registry.npmjs.org/react attempt 3 failed with ENOTFOUND
25 silly fetch manifest react-dom@^16.8.0 || ^17 || ^18
26 silly packumentCache full:https://registry.npmjs.org/react-dom cache-miss
27 http fetch GET https://registry.npmjs.org/react-dom attempt 1 failed with ENOTFOUND
28 http fetch GET https://registry.npmjs.org/react-dom attempt 2 failed with ENOTFOUND
29 http fetch GET https://registry.npmjs.org/react-dom attempt 3 failed with ENOTFOUND
30 silly placeDep ROOT react@ REPLACE for: react-popper@2.3.0 want: ^16.8.0 || ^17 || ^18
31 warn ERESOLVE overriding peer dependency {
31 warn ERESOLVE   code: 'ERESOLVE',
31 warn ERESOLVE   edge: {
31 warn ERESOLVE     type: 'peer',
31 warn ERESOLVE     name: 'react',
31 warn ERESOLVE     spec: '>=16.8.0',
31 warn ERESOLVE     from: {
31 warn ERESOLVE       name: '@emotion/react',
31 warn ERESOLVE       version: '11.14.0',
31 warn ERESOLVE       location: 'node_modules/@emotion/react',
31 warn ERESOLVE       isWorkspace: false,
31 warn ERESOLVE       dependents: [Array]
31 warn ERESOLVE     }
31 warn ERESOLVE   },
31 warn ERESOLVE   dep: {
31 warn ERESOLVE     name: 'react',
31 warn ERESOLVE     version: undefined,
31 warn ERESOLVE     errors: [ [FetchError] ],
31 warn ERESOLVE     package: {},
31 warn ERESOLVE     whileInstalling: {
31 warn ERESOLVE       name: 'react-popper',
31 warn ERESOLVE       version: '2.3.0',
31 warn ERESOLVE       path: '/Users/fujirio75/dev/w3software/node_modules/react-popper'
31 warn ERESOLVE     },
31 warn ERESOLVE     location: 'node_modules/react',
31 warn ERESOLVE     isWorkspace: false,
31 warn ERESOLVE     dependents: [ [Object] ]
31 warn ERESOLVE   },
31 warn ERESOLVE   force: false,
31 warn ERESOLVE   isMine: true,
31 warn ERESOLVE   strictPeerDeps: false,
31 warn ERESOLVE   current: {
31 warn ERESOLVE     name: 'react',
31 warn ERESOLVE     version: '19.2.0',
31 warn ERESOLVE     location: 'node_modules/react',
31 warn ERESOLVE     isWorkspace: false,
31 warn ERESOLVE     dependents: [
31 warn ERESOLVE       [Object], [Object], [Object], [Object], [Object], [Object],
31 warn ERESOLVE       [Object], [Object], [Object], [Object], [Object], [Object],
31 warn ERESOLVE       [Object], [Object], [Object], [Object], [Object], [Object],
31 warn ERESOLVE       [Object], [Object], [Object], [Object], [Object], [Object],
31 warn ERESOLVE       [Object], [Object], [Object], [Object], [Object], [Object],
31 warn ERESOLVE       [Object], [Object], [Object], [Object], [Object], [Object],
31 warn ERESOLVE       [Object], [Object], [Object], [Object], [Object], [Object],
31 warn ERESOLVE       [Object], [Object], [Object], [Object], [Object], [Object],
31 warn ERESOLVE       [Object], [Object], [Object], [Object], [Object], [Object],
31 warn ERESOLVE       [Object], [Object], [Object], [Object], [Object], [Object],
31 warn ERESOLVE       [Object], [Object], [Object], [Object], [Object], [Object],
31 warn ERESOLVE       [Object], [Object], [Object], [Object], [Object], [Object],
31 warn ERESOLVE       [Object], [Object], [Object], [Object], [Object], [Object],
31 warn ERESOLVE       [Object], [Object], [Object], [Object], [Object], [Object],
31 warn ERESOLVE       [Object], [Object], [Object], [Object], [Object], [Object],
31 warn ERESOLVE       [Object]
31 warn ERESOLVE     ]
31 warn ERESOLVE   }
31 warn ERESOLVE }
32 warn ERESOLVE overriding peer dependency {
32 warn ERESOLVE   code: 'ERESOLVE',
32 warn ERESOLVE   edge: {
32 warn ERESOLVE     type: 'peer',
32 warn ERESOLVE     name: 'react',
32 warn ERESOLVE     spec: '>=16.8.0',
32 warn ERESOLVE     from: {
32 warn ERESOLVE       name: '@emotion/react',
32 warn ERESOLVE       version: '11.14.0',
32 warn ERESOLVE       location: 'node_modules/@emotion/react',
32 warn ERESOLVE       isWorkspace: false,
32 warn ERESOLVE       dependents: [Array]
32 warn ERESOLVE     }
32 warn ERESOLVE   },
32 warn ERESOLVE   dep: {
32 warn ERESOLVE     name: 'react',
32 warn ERESOLVE     version: undefined,
32 warn ERESOLVE     errors: [ [FetchError] ],
32 warn ERESOLVE     package: {},
32 warn ERESOLVE     whileInstalling: {
32 warn ERESOLVE       name: 'react-popper',
32 warn ERESOLVE       version: '2.3.0',
32 warn ERESOLVE       path: '/Users/fujirio75/dev/w3software/node_modules/react-popper'
32 warn ERESOLVE     },
32 warn ERESOLVE     location: 'node_modules/react',
32 warn ERESOLVE     isWorkspace: false,
32 warn ERESOLVE     dependents: [ [Object] ]
32 warn ERESOLVE   },
32 warn ERESOLVE   force: false,
32 warn ERESOLVE   isMine: true,
32 warn ERESOLVE   strictPeerDeps: false,
32 warn ERESOLVE   current: {
32 warn ERESOLVE     name: 'react',
32 warn ERESOLVE     version: '19.2.0',
32 warn ERESOLVE     location: 'node_modules/react',
32 warn ERESOLVE     isWorkspace: false,
32 warn ERESOLVE     dependents: [
32 warn ERESOLVE       [Object], [Object], [Object], [Object], [Object], [Object],
32 warn ERESOLVE       [Object], [Object], [Object], [Object], [Object], [Object],
32 warn ERESOLVE       [Object], [Object], [Object], [Object], [Object], [Object],
32 warn ERESOLVE       [Object], [Object], [Object], [Object], [Object], [Object],
32 warn ERESOLVE       [Object], [Object], [Object], [Object], [Object], [Object],
32 warn ERESOLVE       [Object], [Object], [Object], [Object], [Object], [Object],
32 warn ERESOLVE       [Object], [Object], [Object], [Object], [Object], [Object],
32 warn ERESOLVE       [Object], [Object], [Object], [Object], [Object], [Object],
32 warn ERESOLVE       [Object], [Object], [Object], [Object], [Object], [Object],
32 warn ERESOLVE       [Object], [Object], [Object], [Object], [Object], [Object],
32 warn ERESOLVE       [Object], [Object], [Object], [Object], [Object], [Object],
32 warn ERESOLVE       [Object], [Object], [Object], [Object], [Object], [Object],
32 warn ERESOLVE       [Object], [Object], [Object], [Object], [Object], [Object],
32 warn ERESOLVE       [Object], [Object], [Object], [Object], [Object], [Object],
32 warn ERESOLVE       [Object], [Object], [Object], [Object], [Object], [Object],
32 warn ERESOLVE       [Object]
32 warn ERESOLVE     ]
32 warn ERESOLVE   }
32 warn ERESOLVE }
33 warn ERESOLVE overriding peer dependency {
33 warn ERESOLVE   code: 'ERESOLVE',
33 warn ERESOLVE   edge: {
33 warn ERESOLVE     type: 'peer',
33 warn ERESOLVE     name: 'react',
33 warn ERESOLVE     spec: '>=16.8.0',
33 warn ERESOLVE     from: {
33 warn ERESOLVE       name: '@emotion/react',
33 warn ERESOLVE       version: '11.14.0',
33 warn ERESOLVE       location: 'node_modules/@emotion/react',
33 warn ERESOLVE       isWorkspace: false,
33 warn ERESOLVE       dependents: [Array]
33 warn ERESOLVE     }
33 warn ERESOLVE   },
33 warn ERESOLVE   dep: {
33 warn ERESOLVE     name: 'react',
33 warn ERESOLVE     version: undefined,
33 warn ERESOLVE     errors: [ [FetchError] ],
33 warn ERESOLVE     package: {},
33 warn ERESOLVE     whileInstalling: {
33 warn ERESOLVE       name: 'react-popper',
33 warn ERESOLVE       version: '2.3.0',
33 warn ERESOLVE       path: '/Users/fujirio75/dev/w3software/node_modules/react-popper'
33 warn ERESOLVE     },
33 warn ERESOLVE     location: 'node_modules/react',
33 warn ERESOLVE     isWorkspace: false,
33 warn ERESOLVE     dependents: [ [Object] ]
33 warn ERESOLVE   },
33 warn ERESOLVE   force: false,
33 warn ERESOLVE   isMine: true,
33 warn ERESOLVE   strictPeerDeps: false,
33 warn ERESOLVE   current: {
33 warn ERESOLVE     name: 'react',
33 warn ERESOLVE     version: '19.2.0',
33 warn ERESOLVE     location: 'node_modules/react',
33 warn ERESOLVE     isWorkspace: false,
33 warn ERESOLVE     dependents: [
33 warn ERESOLVE       [Object], [Object], [Object], [Object], [Object], [Object],
33 warn ERESOLVE       [Object], [Object], [Object], [Object], [Object], [Object],
33 warn ERESOLVE       [Object], [Object], [Object], [Object], [Object], [Object],
33 warn ERESOLVE       [Object], [Object], [Object], [Object], [Object], [Object],
33 warn ERESOLVE       [Object], [Object], [Object], [Object], [Object], [Object],
33 warn ERESOLVE       [Object], [Object], [Object], [Object], [Object], [Object],
33 warn ERESOLVE       [Object], [Object], [Object], [Object], [Object], [Object],
33 warn ERESOLVE       [Object], [Object], [Object], [Object], [Object], [Object],
33 warn ERESOLVE       [Object], [Object], [Object], [Object], [Object], [Object],
33 warn ERESOLVE       [Object], [Object], [Object], [Object], [Object], [Object],
33 warn ERESOLVE       [Object], [Object], [Object], [Object], [Object], [Object],
33 warn ERESOLVE       [Object], [Object], [Object], [Object], [Object], [Object],
33 warn ERESOLVE       [Object], [Object], [Object], [Object], [Object], [Object],
33 warn ERESOLVE       [Object], [Object], [Object], [Object], [Object], [Object],
33 warn ERESOLVE       [Object], [Object], [Object], [Object], [Object], [Object],
33 warn ERESOLVE       [Object]
33 warn ERESOLVE     ]
33 warn ERESOLVE   }
33 warn ERESOLVE }
34 warn ERESOLVE overriding peer dependency {
34 warn ERESOLVE   code: 'ERESOLVE',
34 warn ERESOLVE   edge: {
34 warn ERESOLVE     type: 'peer',
34 warn ERESOLVE     name: 'react',
34 warn ERESOLVE     spec: '>=16.8.0',
34 warn ERESOLVE     from: {
34 warn ERESOLVE       name: '@emotion/react',
34 warn ERESOLVE       version: '11.14.0',
34 warn ERESOLVE       location: 'node_modules/@emotion/react',
34 warn ERESOLVE       isWorkspace: false,
34 warn ERESOLVE       dependents: [Array]
34 warn ERESOLVE     }
34 warn ERESOLVE   },
34 warn ERESOLVE   dep: {
34 warn ERESOLVE     name: 'react',
34 warn ERESOLVE     version: undefined,
34 warn ERESOLVE     errors: [ [FetchError] ],
34 warn ERESOLVE     package: {},
34 warn ERESOLVE     whileInstalling: {
34 warn ERESOLVE       name: 'react-popper',
34 warn ERESOLVE       version: '2.3.0',
34 warn ERESOLVE       path: '/Users/fujirio75/dev/w3software/node_modules/react-popper'
34 warn ERESOLVE     },
34 warn ERESOLVE     location: 'node_modules/react',
34 warn ERESOLVE     isWorkspace: false,
34 warn ERESOLVE     dependents: [ [Object] ]
34 warn ERESOLVE   },
34 warn ERESOLVE   force: false,
34 warn ERESOLVE   isMine: true,
34 warn ERESOLVE   strictPeerDeps: false,
34 warn ERESOLVE   current: {
34 warn ERESOLVE     name: 'react',
34 warn ERESOLVE     version: '19.2.0',
34 warn ERESOLVE     location: 'node_modules/react',
34 warn ERESOLVE     isWorkspace: false,
34 warn ERESOLVE     dependents: [
34 warn ERESOLVE       [Object], [Object], [Object], [Object], [Object], [Object],
34 warn ERESOLVE       [Object], [Object], [Object], [Object], [Object], [Object],
34 warn ERESOLVE       [Object], [Object], [Object], [Object], [Object], [Object],
34 warn ERESOLVE       [Object], [Object], [Object], [Object], [Object], [Object],
34 warn ERESOLVE       [Object], [Object], [Object], [Object], [Object], [Object],
34 warn ERESOLVE       [Object], [Object], [Object], [Object], [Object], [Object],
34 warn ERESOLVE       [Object], [Object], [Object], [Object], [Object], [Object],
34 warn ERESOLVE       [Object], [Object], [Object], [Object], [Object], [Object],
34 warn ERESOLVE       [Object], [Object], [Object], [Object], [Object], [Object],
34 warn ERESOLVE       [Object], [Object], [Object], [Object], [Object], [Object],
34 warn ERESOLVE       [Object], [Object], [Object], [Object], [Object], [Object],
34 warn ERESOLVE       [Object], [Object], [Object], [Object], [Object], [Object],
34 warn ERESOLVE       [Object], [Object], [Object], [Object], [Object], [Object],
34 warn ERESOLVE       [Object], [Object], [Object], [Object], [Object], [Object],
34 warn ERESOLVE       [Object], [Object], [Object], [Object], [Object], [Object],
34 warn ERESOLVE       [Object]
34 warn ERESOLVE     ]
34 warn ERESOLVE   }
34 warn ERESOLVE }
35 warn ERESOLVE overriding peer dependency {
35 warn ERESOLVE   code: 'ERESOLVE',
35 warn ERESOLVE   edge: {
35 warn ERESOLVE     type: 'peer',
35 warn ERESOLVE     name: 'react',
35 warn ERESOLVE     spec: '>=16.8.0',
35 warn ERESOLVE     from: {
35 warn ERESOLVE       name: '@emotion/styled',
35 warn ERESOLVE       version: '11.14.1',
35 warn ERESOLVE       location: 'node_modules/@emotion/styled',
35 warn ERESOLVE       isWorkspace: false,
35 warn ERESOLVE       dependents: [Array]
35 warn ERESOLVE     }
35 warn ERESOLVE   },
35 warn ERESOLVE   dep: {
35 warn ERESOLVE     name: 'react',
35 warn ERESOLVE     version: undefined,
35 warn ERESOLVE     errors: [ [FetchError] ],
35 warn ERESOLVE     package: {},
35 warn ERESOLVE     whileInstalling: {
35 warn ERESOLVE       name: 'react-popper',
35 warn ERESOLVE       version: '2.3.0',
35 warn ERESOLVE       path: '/Users/fujirio75/dev/w3software/node_modules/react-popper'
35 warn ERESOLVE     },
35 warn ERESOLVE     location: 'node_modules/react',
35 warn ERESOLVE     isWorkspace: false,
35 warn ERESOLVE     dependents: [ [Object] ]
35 warn ERESOLVE   },
35 warn ERESOLVE   force: false,
35 warn ERESOLVE   isMine: true,
35 warn ERESOLVE   strictPeerDeps: false,
35 warn ERESOLVE   current: {
35 warn ERESOLVE     name: 'react',
35 warn ERESOLVE     version: '19.2.0',
35 warn ERESOLVE     location: 'node_modules/react',
35 warn ERESOLVE     isWorkspace: false,
35 warn ERESOLVE     dependents: [
35 warn ERESOLVE       [Object], [Object], [Object], [Object], [Object], [Object],
35 warn ERESOLVE       [Object], [Object], [Object], [Object], [Object], [Object],
35 warn ERESOLVE       [Object], [Object], [Object], [Object], [Object], [Object],
35 warn ERESOLVE       [Object], [Object], [Object], [Object], [Object], [Object],
35 warn ERESOLVE       [Object], [Object], [Object], [Object], [Object], [Object],
35 warn ERESOLVE       [Object], [Object], [Object], [Object], [Object], [Object],
35 warn ERESOLVE       [Object], [Object], [Object], [Object], [Object], [Object],
35 warn ERESOLVE       [Object], [Object], [Object], [Object], [Object], [Object],
35 warn ERESOLVE       [Object], [Object], [Object], [Object], [Object], [Object],
35 warn ERESOLVE       [Object], [Object], [Object], [Object], [Object], [Object],
35 warn ERESOLVE       [Object], [Object], [Object], [Object], [Object], [Object],
35 warn ERESOLVE       [Object], [Object], [Object], [Object], [Object], [Object],
35 warn ERESOLVE       [Object], [Object], [Object], [Object], [Object], [Object],
35 warn ERESOLVE       [Object], [Object], [Object], [Object], [Object], [Object],
35 warn ERESOLVE       [Object], [Object], [Object], [Object], [Object], [Object],
35 warn ERESOLVE       [Object]
35 warn ERESOLVE     ]
35 warn ERESOLVE   }
35 warn ERESOLVE }
36 warn ERESOLVE overriding peer dependency {
36 warn ERESOLVE   code: 'ERESOLVE',
36 warn ERESOLVE   edge: {
36 warn ERESOLVE     type: 'peer',
36 warn ERESOLVE     name: 'react',
36 warn ERESOLVE     spec: '>=16.8.0',
36 warn ERESOLVE     from: {
36 warn ERESOLVE       name: '@emotion/styled',
36 warn ERESOLVE       version: '11.14.1',
36 warn ERESOLVE       location: 'node_modules/@emotion/styled',
36 warn ERESOLVE       isWorkspace: false,
36 warn ERESOLVE       dependents: [Array]
36 warn ERESOLVE     }
36 warn ERESOLVE   },
36 warn ERESOLVE   dep: {
36 warn ERESOLVE     name: 'react',
36 warn ERESOLVE     version: undefined,
36 warn ERESOLVE     errors: [ [FetchError] ],
36 warn ERESOLVE     package: {},
36 warn ERESOLVE     whileInstalling: {
36 warn ERESOLVE       name: 'react-popper',
36 warn ERESOLVE       version: '2.3.0',
36 warn ERESOLVE       path: '/Users/fujirio75/dev/w3software/node_modules/react-popper'
36 warn ERESOLVE     },
36 warn ERESOLVE     location: 'node_modules/react',
36 warn ERESOLVE     isWorkspace: false,
36 warn ERESOLVE     dependents: [ [Object] ]
36 warn ERESOLVE   },
36 warn ERESOLVE   force: false,
36 warn ERESOLVE   isMine: true,
36 warn ERESOLVE   strictPeerDeps: false,
36 warn ERESOLVE   current: {
36 warn ERESOLVE     name: 'react',
36 warn ERESOLVE     version: '19.2.0',
36 warn ERESOLVE     location: 'node_modules/react',
36 warn ERESOLVE     isWorkspace: false,
36 warn ERESOLVE     dependents: [
36 warn ERESOLVE       [Object], [Object], [Object], [Object], [Object], [Object],
36 warn ERESOLVE       [Object], [Object], [Object], [Object], [Object], [Object],
36 warn ERESOLVE       [Object], [Object], [Object], [Object], [Object], [Object],
36 warn ERESOLVE       [Object], [Object], [Object], [Object], [Object], [Object],
36 warn ERESOLVE       [Object], [Object], [Object], [Object], [Object], [Object],
36 warn ERESOLVE       [Object], [Object], [Object], [Object], [Object], [Object],
36 warn ERESOLVE       [Object], [Object], [Object], [Object], [Object], [Object],
36 warn ERESOLVE       [Object], [Object], [Object], [Object], [Object], [Object],
36 warn ERESOLVE       [Object], [Object], [Object], [Object], [Object], [Object],
36 warn ERESOLVE       [Object], [Object], [Object], [Object], [Object], [Object],
36 warn ERESOLVE       [Object], [Object], [Object], [Object], [Object], [Object],
36 warn ERESOLVE       [Object], [Object], [Object], [Object], [Object], [Object],
36 warn ERESOLVE       [Object], [Object], [Object], [Object], [Object], [Object],
36 warn ERESOLVE       [Object], [Object], [Object], [Object], [Object], [Object],
36 warn ERESOLVE       [Object], [Object], [Object], [Object], [Object], [Object],
36 warn ERESOLVE       [Object]
36 warn ERESOLVE     ]
36 warn ERESOLVE   }
36 warn ERESOLVE }
37 warn ERESOLVE overriding peer dependency {
37 warn ERESOLVE   code: 'ERESOLVE',
37 warn ERESOLVE   edge: {
37 warn ERESOLVE     type: 'peer',
37 warn ERESOLVE     name: 'react',
37 warn ERESOLVE     spec: '>=16.8.0',
37 warn ERESOLVE     from: {
37 warn ERESOLVE       name: '@emotion/styled',
37 warn ERESOLVE       version: '11.14.1',
37 warn ERESOLVE       location: 'node_modules/@emotion/styled',
37 warn ERESOLVE       isWorkspace: false,
37 warn ERESOLVE       dependents: [Array]
37 warn ERESOLVE     }
37 warn ERESOLVE   },
37 warn ERESOLVE   dep: {
37 warn ERESOLVE     name: 'react',
37 warn ERESOLVE     version: undefined,
37 warn ERESOLVE     errors: [ [FetchError] ],
37 warn ERESOLVE     package: {},
37 warn ERESOLVE     whileInstalling: {
37 warn ERESOLVE       name: 'react-popper',
37 warn ERESOLVE       version: '2.3.0',
37 warn ERESOLVE       path: '/Users/fujirio75/dev/w3software/node_modules/react-popper'
37 warn ERESOLVE     },
37 warn ERESOLVE     location: 'node_modules/react',
37 warn ERESOLVE     isWorkspace: false,
37 warn ERESOLVE     dependents: [ [Object] ]
37 warn ERESOLVE   },
37 warn ERESOLVE   force: false,
37 warn ERESOLVE   isMine: true,
37 warn ERESOLVE   strictPeerDeps: false,
37 warn ERESOLVE   current: {
37 warn ERESOLVE     name: 'react',
37 warn ERESOLVE     version: '19.2.0',
37 warn ERESOLVE     location: 'node_modules/react',
37 warn ERESOLVE     isWorkspace: false,
37 warn ERESOLVE     dependents: [
37 warn ERESOLVE       [Object], [Object], [Object], [Object], [Object], [Object],
37 warn ERESOLVE       [Object], [Object], [Object], [Object], [Object], [Object],
37 warn ERESOLVE       [Object], [Object], [Object], [Object], [Object], [Object],
37 warn ERESOLVE       [Object], [Object], [Object], [Object], [Object], [Object],
37 warn ERESOLVE       [Object], [Object], [Object], [Object], [Object], [Object],
37 warn ERESOLVE       [Object], [Object], [Object], [Object], [Object], [Object],
37 warn ERESOLVE       [Object], [Object], [Object], [Object], [Object], [Object],
37 warn ERESOLVE       [Object], [Object], [Object], [Object], [Object], [Object],
37 warn ERESOLVE       [Object], [Object], [Object], [Object], [Object], [Object],
37 warn ERESOLVE       [Object], [Object], [Object], [Object], [Object], [Object],
37 warn ERESOLVE       [Object], [Object], [Object], [Object], [Object], [Object],
37 warn ERESOLVE       [Object], [Object], [Object], [Object], [Object], [Object],
37 warn ERESOLVE       [Object], [Object], [Object], [Object], [Object], [Object],
37 warn ERESOLVE       [Object], [Object], [Object], [Object], [Object], [Object],
37 warn ERESOLVE       [Object], [Object], [Object], [Object], [Object], [Object],
37 warn ERESOLVE       [Object]
37 warn ERESOLVE     ]
37 warn ERESOLVE   }
37 warn ERESOLVE }
38 warn ERESOLVE overriding peer dependency {
38 warn ERESOLVE   code: 'ERESOLVE',
38 warn ERESOLVE   edge: {
38 warn ERESOLVE     type: 'peer',
38 warn ERESOLVE     name: 'react',
38 warn ERESOLVE     spec: '^17.0.0 || ^18.0.0 || ^19.0.0',
38 warn ERESOLVE     from: {
38 warn ERESOLVE       name: '@mui/icons-material',
38 warn ERESOLVE       version: '7.3.5',
38 warn ERESOLVE       location: 'node_modules/@mui/icons-material',
38 warn ERESOLVE       isWorkspace: false,
38 warn ERESOLVE       dependents: [Array]
38 warn ERESOLVE     }
38 warn ERESOLVE   },
38 warn ERESOLVE   dep: {
38 warn ERESOLVE     name: 'react',
38 warn ERESOLVE     version: undefined,
38 warn ERESOLVE     errors: [ [FetchError] ],
38 warn ERESOLVE     package: {},
38 warn ERESOLVE     whileInstalling: {
38 warn ERESOLVE       name: 'react-popper',
38 warn ERESOLVE       version: '2.3.0',
38 warn ERESOLVE       path: '/Users/fujirio75/dev/w3software/node_modules/react-popper'
38 warn ERESOLVE     },
38 warn ERESOLVE     location: 'node_modules/react',
38 warn ERESOLVE     isWorkspace: false,
38 warn ERESOLVE     dependents: [ [Object] ]
38 warn ERESOLVE   },
38 warn ERESOLVE   force: false,
38 warn ERESOLVE   isMine: true,
38 warn ERESOLVE   strictPeerDeps: false,
38 warn ERESOLVE   current: {
38 warn ERESOLVE     name: 'react',
38 warn ERESOLVE     version: '19.2.0',
38 warn ERESOLVE     location: 'node_modules/react',
38 warn ERESOLVE     isWorkspace: false,
38 warn ERESOLVE     dependents: [
38 warn ERESOLVE       [Object], [Object], [Object], [Object], [Object], [Object],
38 warn ERESOLVE       [Object], [Object], [Object], [Object], [Object], [Object],
38 warn ERESOLVE       [Object], [Object], [Object], [Object], [Object], [Object],
38 warn ERESOLVE       [Object], [Object], [Object], [Object], [Object], [Object],
38 warn ERESOLVE       [Object], [Object], [Object], [Object], [Object], [Object],
38 warn ERESOLVE       [Object], [Object], [Object], [Object], [Object], [Object],
38 warn ERESOLVE       [Object], [Object], [Object], [Object], [Object], [Object],
38 warn ERESOLVE       [Object], [Object], [Object], [Object], [Object], [Object],
38 warn ERESOLVE       [Object], [Object], [Object], [Object], [Object], [Object],
38 warn ERESOLVE       [Object], [Object], [Object], [Object], [Object], [Object],
38 warn ERESOLVE       [Object], [Object], [Object], [Object], [Object], [Object],
38 warn ERESOLVE       [Object], [Object], [Object], [Object], [Object], [Object],
38 warn ERESOLVE       [Object], [Object], [Object], [Object], [Object], [Object],
38 warn ERESOLVE       [Object], [Object], [Object], [Object], [Object], [Object],
38 warn ERESOLVE       [Object], [Object], [Object], [Object], [Object], [Object],
38 warn ERESOLVE       [Object]
38 warn ERESOLVE     ]
38 warn ERESOLVE   }
38 warn ERESOLVE }
39 warn ERESOLVE overriding peer dependency {
39 warn ERESOLVE   code: 'ERESOLVE',
39 warn ERESOLVE   edge: {
39 warn ERESOLVE     type: 'peer',
39 warn ERESOLVE     name: 'react',
39 warn ERESOLVE     spec: '^17.0.0 || ^18.0.0 || ^19.0.0',
39 warn ERESOLVE     from: {
39 warn ERESOLVE       name: '@mui/material',
39 warn ERESOLVE       version: '7.3.5',
39 warn ERESOLVE       location: 'node_modules/@mui/material',
39 warn ERESOLVE       isWorkspace: false,
39 warn ERESOLVE       dependents: [Array]
39 warn ERESOLVE     }
39 warn ERESOLVE   },
39 warn ERESOLVE   dep: {
39 warn ERESOLVE     name: 'react',
39 warn ERESOLVE     version: undefined,
39 warn ERESOLVE     errors: [ [FetchError] ],
39 warn ERESOLVE     package: {},
39 warn ERESOLVE     whileInstalling: {
39 warn ERESOLVE       name: 'react-popper',
39 warn ERESOLVE       version: '2.3.0',
39 warn ERESOLVE       path: '/Users/fujirio75/dev/w3software/node_modules/react-popper'
39 warn ERESOLVE     },
39 warn ERESOLVE     location: 'node_modules/react',
39 warn ERESOLVE     isWorkspace: false,
39 warn ERESOLVE     dependents: [ [Object] ]
39 warn ERESOLVE   },
39 warn ERESOLVE   force: false,
39 warn ERESOLVE   isMine: true,
39 warn ERESOLVE   strictPeerDeps: false,
39 warn ERESOLVE   current: {
39 warn ERESOLVE     name: 'react',
39 warn ERESOLVE     version: '19.2.0',
39 warn ERESOLVE     location: 'node_modules/react',
39 warn ERESOLVE     isWorkspace: false,
39 warn ERESOLVE     dependents: [
39 warn ERESOLVE       [Object], [Object], [Object], [Object], [Object], [Object],
39 warn ERESOLVE       [Object], [Object], [Object], [Object], [Object], [Object],
39 warn ERESOLVE       [Object], [Object], [Object], [Object], [Object], [Object],
39 warn ERESOLVE       [Object], [Object], [Object], [Object], [Object], [Object],
39 warn ERESOLVE       [Object], [Object], [Object], [Object], [Object], [Object],
39 warn ERESOLVE       [Object], [Object], [Object], [Object], [Object], [Object],
39 warn ERESOLVE       [Object], [Object], [Object], [Object], [Object], [Object],
39 warn ERESOLVE       [Object], [Object], [Object], [Object], [Object], [Object],
39 warn ERESOLVE       [Object], [Object], [Object], [Object], [Object], [Object],
39 warn ERESOLVE       [Object], [Object], [Object], [Object], [Object], [Object],
39 warn ERESOLVE       [Object], [Object], [Object], [Object], [Object], [Object],
39 warn ERESOLVE       [Object], [Object], [Object], [Object], [Object], [Object],
39 warn ERESOLVE       [Object], [Object], [Object], [Object], [Object], [Object],
39 warn ERESOLVE       [Object], [Object], [Object], [Object], [Object], [Object],
39 warn ERESOLVE       [Object], [Object], [Object], [Object], [Object], [Object],
39 warn ERESOLVE       [Object]
39 warn ERESOLVE     ]
39 warn ERESOLVE   }
39 warn ERESOLVE }
40 warn ERESOLVE overriding peer dependency {
40 warn ERESOLVE   code: 'ERESOLVE',
40 warn ERESOLVE   edge: {
40 warn ERESOLVE     type: 'peer',
40 warn ERESOLVE     name: 'react',
40 warn ERESOLVE     spec: '^17.0.0 || ^18.0.0 || ^19.0.0',
40 warn ERESOLVE     from: {
40 warn ERESOLVE       name: '@mui/material',
40 warn ERESOLVE       version: '7.3.5',
40 warn ERESOLVE       location: 'node_modules/@mui/material',
40 warn ERESOLVE       isWorkspace: false,
40 warn ERESOLVE       dependents: [Array]
40 warn ERESOLVE     }
40 warn ERESOLVE   },
40 warn ERESOLVE   dep: {
40 warn ERESOLVE     name: 'react',
40 warn ERESOLVE     version: undefined,
40 warn ERESOLVE     errors: [ [FetchError] ],
40 warn ERESOLVE     package: {},
40 warn ERESOLVE     whileInstalling: {
40 warn ERESOLVE       name: 'react-popper',
40 warn ERESOLVE       version: '2.3.0',
40 warn ERESOLVE       path: '/Users/fujirio75/dev/w3software/node_modules/react-popper'
40 warn ERESOLVE     },
40 warn ERESOLVE     location: 'node_modules/react',
40 warn ERESOLVE     isWorkspace: false,
40 warn ERESOLVE     dependents: [ [Object] ]
40 warn ERESOLVE   },
40 warn ERESOLVE   force: false,
40 warn ERESOLVE   isMine: true,
40 warn ERESOLVE   strictPeerDeps: false,
40 warn ERESOLVE   current: {
40 warn ERESOLVE     name: 'react',
40 warn ERESOLVE     version: '19.2.0',
40 warn ERESOLVE     location: 'node_modules/react',
40 warn ERESOLVE     isWorkspace: false,
40 warn ERESOLVE     dependents: [
40 warn ERESOLVE       [Object], [Object], [Object], [Object], [Object], [Object],
40 warn ERESOLVE       [Object], [Object], [Object], [Object], [Object], [Object],
40 warn ERESOLVE       [Object], [Object], [Object], [Object], [Object], [Object],
40 warn ERESOLVE       [Object], [Object], [Object], [Object], [Object], [Object],
40 warn ERESOLVE       [Object], [Object], [Object], [Object], [Object], [Object],
40 warn ERESOLVE       [Object], [Object], [Object], [Object], [Object], [Object],
40 warn ERESOLVE       [Object], [Object], [Object], [Object], [Object], [Object],
40 warn ERESOLVE       [Object], [Object], [Object], [Object], [Object], [Object],
40 warn ERESOLVE       [Object], [Object], [Object], [Object], [Object], [Object],
40 warn ERESOLVE       [Object], [Object], [Object], [Object], [Object], [Object],
40 warn ERESOLVE       [Object], [Object], [Object], [Object], [Object], [Object],
40 warn ERESOLVE       [Object], [Object], [Object], [Object], [Object], [Object],
40 warn ERESOLVE       [Object], [Object], [Object], [Object], [Object], [Object],
40 warn ERESOLVE       [Object], [Object], [Object], [Object], [Object], [Object],
40 warn ERESOLVE       [Object], [Object], [Object], [Object], [Object], [Object],
40 warn ERESOLVE       [Object]
40 warn ERESOLVE     ]
40 warn ERESOLVE   }
40 warn ERESOLVE }
41 warn ERESOLVE overriding peer dependency {
41 warn ERESOLVE   code: 'ERESOLVE',
41 warn ERESOLVE   edge: {
41 warn ERESOLVE     type: 'peer',
41 warn ERESOLVE     name: 'react',
41 warn ERESOLVE     spec: '^16.8 || ^17.0 || ^18.0 || ^19.0 || ^19.0.0-rc',
41 warn ERESOLVE     from: {
41 warn ERESOLVE       name: '@radix-ui/react-accordion',
41 warn ERESOLVE       version: '1.2.3',
41 warn ERESOLVE       location: 'node_modules/@radix-ui/react-accordion',
41 warn ERESOLVE       isWorkspace: false,
41 warn ERESOLVE       dependents: [Array]
41 warn ERESOLVE     }
41 warn ERESOLVE   },
41 warn ERESOLVE   dep: {
41 warn ERESOLVE     name: 'react',
41 warn ERESOLVE     version: undefined,
41 warn ERESOLVE     errors: [ [FetchError] ],
41 warn ERESOLVE     package: {},
41 warn ERESOLVE     whileInstalling: {
41 warn ERESOLVE       name: 'react-popper',
41 warn ERESOLVE       version: '2.3.0',
41 warn ERESOLVE       path: '/Users/fujirio75/dev/w3software/node_modules/react-popper'
41 warn ERESOLVE     },
41 warn ERESOLVE     location: 'node_modules/react',
41 warn ERESOLVE     isWorkspace: false,
41 warn ERESOLVE     dependents: [ [Object] ]
41 warn ERESOLVE   },
41 warn ERESOLVE   force: false,
41 warn ERESOLVE   isMine: true,
41 warn ERESOLVE   strictPeerDeps: false,
41 warn ERESOLVE   current: {
41 warn ERESOLVE     name: 'react',
41 warn ERESOLVE     version: '19.2.0',
41 warn ERESOLVE     location: 'node_modules/react',
41 warn ERESOLVE     isWorkspace: false,
41 warn ERESOLVE     dependents: [
41 warn ERESOLVE       [Object], [Object], [Object], [Object], [Object], [Object],
41 warn ERESOLVE       [Object], [Object], [Object], [Object], [Object], [Object],
41 warn ERESOLVE       [Object], [Object], [Object], [Object], [Object], [Object],
41 warn ERESOLVE       [Object], [Object], [Object], [Object], [Object], [Object],
41 warn ERESOLVE       [Object], [Object], [Object], [Object], [Object], [Object],
41 warn ERESOLVE       [Object], [Object], [Object], [Object], [Object], [Object],
41 warn ERESOLVE       [Object], [Object], [Object], [Object], [Object], [Object],
41 warn ERESOLVE       [Object], [Object], [Object], [Object], [Object], [Object],
41 warn ERESOLVE       [Object], [Object], [Object], [Object], [Object], [Object],
41 warn ERESOLVE       [Object], [Object], [Object], [Object], [Object], [Object],
41 warn ERESOLVE       [Object], [Object], [Object], [Object], [Object], [Object],
41 warn ERESOLVE       [Object], [Object], [Object], [Object], [Object], [Object],
41 warn ERESOLVE       [Object], [Object], [Object], [Object], [Object], [Object],
41 warn ERESOLVE       [Object], [Object], [Object], [Object], [Object], [Object],
41 warn ERESOLVE       [Object], [Object], [Object], [Object], [Object], [Object],
41 warn ERESOLVE       [Object]
41 warn ERESOLVE     ]
41 warn ERESOLVE   }
41 warn ERESOLVE }
42 warn ERESOLVE overriding peer dependency {
42 warn ERESOLVE   code: 'ERESOLVE',
42 warn ERESOLVE   edge: {
42 warn ERESOLVE     type: 'peer',
42 warn ERESOLVE     name: 'react',
42 warn ERESOLVE     spec: '^16.8 || ^17.0 || ^18.0 || ^19.0 || ^19.0.0-rc',
42 warn ERESOLVE     from: {
42 warn ERESOLVE       name: '@radix-ui/react-alert-dialog',
42 warn ERESOLVE       version: '1.1.6',
42 warn ERESOLVE       location: 'node_modules/@radix-ui/react-alert-dialog',
42 warn ERESOLVE       isWorkspace: false,
42 warn ERESOLVE       dependents: [Array]
42 warn ERESOLVE     }
42 warn ERESOLVE   },
42 warn ERESOLVE   dep: {
42 warn ERESOLVE     name: 'react',
42 warn ERESOLVE     version: undefined,
42 warn ERESOLVE     errors: [ [FetchError] ],
42 warn ERESOLVE     package: {},
42 warn ERESOLVE     whileInstalling: {
42 warn ERESOLVE       name: 'react-popper',
42 warn ERESOLVE       version: '2.3.0',
42 warn ERESOLVE       path: '/Users/fujirio75/dev/w3software/node_modules/react-popper'
42 warn ERESOLVE     },
42 warn ERESOLVE     location: 'node_modules/react',
42 warn ERESOLVE     isWorkspace: false,
42 warn ERESOLVE     dependents: [ [Object] ]
42 warn ERESOLVE   },
42 warn ERESOLVE   force: false,
42 warn ERESOLVE   isMine: true,
42 warn ERESOLVE   strictPeerDeps: false,
42 warn ERESOLVE   current: {
42 warn ERESOLVE     name: 'react',
42 warn ERESOLVE     version: '19.2.0',
42 warn ERESOLVE     location: 'node_modules/react',
42 warn ERESOLVE     isWorkspace: false,
42 warn ERESOLVE     dependents: [
42 warn ERESOLVE       [Object], [Object], [Object], [Object], [Object], [Object],
42 warn ERESOLVE       [Object], [Object], [Object], [Object], [Object], [Object],
42 warn ERESOLVE       [Object], [Object], [Object], [Object], [Object], [Object],
42 warn ERESOLVE       [Object], [Object], [Object], [Object], [Object], [Object],
42 warn ERESOLVE       [Object], [Object], [Object], [Object], [Object], [Object],
42 warn ERESOLVE       [Object], [Object], [Object], [Object], [Object], [Object],
42 warn ERESOLVE       [Object], [Object], [Object], [Object], [Object], [Object],
42 warn ERESOLVE       [Object], [Object], [Object], [Object], [Object], [Object],
42 warn ERESOLVE       [Object], [Object], [Object], [Object], [Object], [Object],
42 warn ERESOLVE       [Object], [Object], [Object], [Object], [Object], [Object],
42 warn ERESOLVE       [Object], [Object], [Object], [Object], [Object], [Object],
42 warn ERESOLVE       [Object], [Object], [Object], [Object], [Object], [Object],
42 warn ERESOLVE       [Object], [Object], [Object], [Object], [Object], [Object],
42 warn ERESOLVE       [Object], [Object], [Object], [Object], [Object], [Object],
42 warn ERESOLVE       [Object], [Object], [Object], [Object], [Object], [Object],
42 warn ERESOLVE       [Object]
42 warn ERESOLVE     ]
42 warn ERESOLVE   }
42 warn ERESOLVE }
43 warn ERESOLVE overriding peer dependency {
43 warn ERESOLVE   code: 'ERESOLVE',
43 warn ERESOLVE   edge: {
43 warn ERESOLVE     type: 'peer',
43 warn ERESOLVE     name: 'react',
43 warn ERESOLVE     spec: '^16.8 || ^17.0 || ^18.0 || ^19.0 || ^19.0.0-rc',
43 warn ERESOLVE     from: {
43 warn ERESOLVE       name: '@radix-ui/react-aspect-ratio',
43 warn ERESOLVE       version: '1.1.2',
43 warn ERESOLVE       location: 'node_modules/@radix-ui/react-aspect-ratio',
43 warn ERESOLVE       isWorkspace: false,
43 warn ERESOLVE       dependents: [Array]
43 warn ERESOLVE     }
43 warn ERESOLVE   },
43 warn ERESOLVE   dep: {
43 warn ERESOLVE     name: 'react',
43 warn ERESOLVE     version: undefined,
43 warn ERESOLVE     errors: [ [FetchError] ],
43 warn ERESOLVE     package: {},
43 warn ERESOLVE     whileInstalling: {
43 warn ERESOLVE       name: 'react-popper',
43 warn ERESOLVE       version: '2.3.0',
43 warn ERESOLVE       path: '/Users/fujirio75/dev/w3software/node_modules/react-popper'
43 warn ERESOLVE     },
43 warn ERESOLVE     location: 'node_modules/react',
43 warn ERESOLVE     isWorkspace: false,
43 warn ERESOLVE     dependents: [ [Object] ]
43 warn ERESOLVE   },
43 warn ERESOLVE   force: false,
43 warn ERESOLVE   isMine: true,
43 warn ERESOLVE   strictPeerDeps: false,
43 warn ERESOLVE   current: {
43 warn ERESOLVE     name: 'react',
43 warn ERESOLVE     version: '19.2.0',
43 warn ERESOLVE     location: 'node_modules/react',
43 warn ERESOLVE     isWorkspace: false,
43 warn ERESOLVE     dependents: [
43 warn ERESOLVE       [Object], [Object], [Object], [Object], [Object], [Object],
43 warn ERESOLVE       [Object], [Object], [Object], [Object], [Object], [Object],
43 warn ERESOLVE       [Object], [Object], [Object], [Object], [Object], [Object],
43 warn ERESOLVE       [Object], [Object], [Object], [Object], [Object], [Object],
43 warn ERESOLVE       [Object], [Object], [Object], [Object], [Object], [Object],
43 warn ERESOLVE       [Object], [Object], [Object], [Object], [Object], [Object],
43 warn ERESOLVE       [Object], [Object], [Object], [Object], [Object], [Object],
43 warn ERESOLVE       [Object], [Object], [Object], [Object], [Object], [Object],
43 warn ERESOLVE       [Object], [Object], [Object], [Object], [Object], [Object],
43 warn ERESOLVE       [Object], [Object], [Object], [Object], [Object], [Object],
43 warn ERESOLVE       [Object], [Object], [Object], [Object], [Object], [Object],
43 warn ERESOLVE       [Object], [Object], [Object], [Object], [Object], [Object],
43 warn ERESOLVE       [Object], [Object], [Object], [Object], [Object], [Object],
43 warn ERESOLVE       [Object], [Object], [Object], [Object], [Object], [Object],
43 warn ERESOLVE       [Object], [Object], [Object], [Object], [Object], [Object],
43 warn ERESOLVE       [Object]
43 warn ERESOLVE     ]
43 warn ERESOLVE   }
43 warn ERESOLVE }
44 warn ERESOLVE overriding peer dependency {
44 warn ERESOLVE   code: 'ERESOLVE',
44 warn ERESOLVE   edge: {
44 warn ERESOLVE     type: 'peer',
44 warn ERESOLVE     name: 'react',
44 warn ERESOLVE     spec: '^16.8 || ^17.0 || ^18.0 || ^19.0 || ^19.0.0-rc',
44 warn ERESOLVE     from: {
44 warn ERESOLVE       name: '@radix-ui/react-avatar',
44 warn ERESOLVE       version: '1.1.3',
44 warn ERESOLVE       location: 'node_modules/@radix-ui/react-avatar',
44 warn ERESOLVE       isWorkspace: false,
44 warn ERESOLVE       dependents: [Array]
44 warn ERESOLVE     }
44 warn ERESOLVE   },
44 warn ERESOLVE   dep: {
44 warn ERESOLVE     name: 'react',
44 warn ERESOLVE     version: undefined,
44 warn ERESOLVE     errors: [ [FetchError] ],
44 warn ERESOLVE     package: {},
44 warn ERESOLVE     whileInstalling: {
44 warn ERESOLVE       name: 'react-popper',
44 warn ERESOLVE       version: '2.3.0',
44 warn ERESOLVE       path: '/Users/fujirio75/dev/w3software/node_modules/react-popper'
44 warn ERESOLVE     },
44 warn ERESOLVE     location: 'node_modules/react',
44 warn ERESOLVE     isWorkspace: false,
44 warn ERESOLVE     dependents: [ [Object] ]
44 warn ERESOLVE   },
44 warn ERESOLVE   force: false,
44 warn ERESOLVE   isMine: true,
44 warn ERESOLVE   strictPeerDeps: false,
44 warn ERESOLVE   current: {
44 warn ERESOLVE     name: 'react',
44 warn ERESOLVE     version: '19.2.0',
44 warn ERESOLVE     location: 'node_modules/react',
44 warn ERESOLVE     isWorkspace: false,
44 warn ERESOLVE     dependents: [
44 warn ERESOLVE       [Object], [Object], [Object], [Object], [Object], [Object],
44 warn ERESOLVE       [Object], [Object], [Object], [Object], [Object], [Object],
44 warn ERESOLVE       [Object], [Object], [Object], [Object], [Object], [Object],
44 warn ERESOLVE       [Object], [Object], [Object], [Object], [Object], [Object],
44 warn ERESOLVE       [Object], [Object], [Object], [Object], [Object], [Object],
44 warn ERESOLVE       [Object], [Object], [Object], [Object], [Object], [Object],
44 warn ERESOLVE       [Object], [Object], [Object], [Object], [Object], [Object],
44 warn ERESOLVE       [Object], [Object], [Object], [Object], [Object], [Object],
44 warn ERESOLVE       [Object], [Object], [Object], [Object], [Object], [Object],
44 warn ERESOLVE       [Object], [Object], [Object], [Object], [Object], [Object],
44 warn ERESOLVE       [Object], [Object], [Object], [Object], [Object], [Object],
44 warn ERESOLVE       [Object], [Object], [Object], [Object], [Object], [Object],
44 warn ERESOLVE       [Object], [Object], [Object], [Object], [Object], [Object],
44 warn ERESOLVE       [Object], [Object], [Object], [Object], [Object], [Object],
44 warn ERESOLVE       [Object], [Object], [Object], [Object], [Object], [Object],
44 warn ERESOLVE       [Object]
44 warn ERESOLVE     ]
44 warn ERESOLVE   }
44 warn ERESOLVE }
45 warn ERESOLVE overriding peer dependency {
45 warn ERESOLVE   code: 'ERESOLVE',
45 warn ERESOLVE   edge: {
45 warn ERESOLVE     type: 'peer',
45 warn ERESOLVE     name: 'react',
45 warn ERESOLVE     spec: '^16.8 || ^17.0 || ^18.0 || ^19.0 || ^19.0.0-rc',
45 warn ERESOLVE     from: {
45 warn ERESOLVE       name: '@radix-ui/react-checkbox',
45 warn ERESOLVE       version: '1.1.4',
45 warn ERESOLVE       location: 'node_modules/@radix-ui/react-checkbox',
45 warn ERESOLVE       isWorkspace: false,
45 warn ERESOLVE       dependents: [Array]
45 warn ERESOLVE     }
45 warn ERESOLVE   },
45 warn ERESOLVE   dep: {
45 warn ERESOLVE     name: 'react',
45 warn ERESOLVE     version: undefined,
45 warn ERESOLVE     errors: [ [FetchError] ],
45 warn ERESOLVE     package: {},
45 warn ERESOLVE     whileInstalling: {
45 warn ERESOLVE       name: 'react-popper',
45 warn ERESOLVE       version: '2.3.0',
45 warn ERESOLVE       path: '/Users/fujirio75/dev/w3software/node_modules/react-popper'
45 warn ERESOLVE     },
45 warn ERESOLVE     location: 'node_modules/react',
45 warn ERESOLVE     isWorkspace: false,
45 warn ERESOLVE     dependents: [ [Object] ]
45 warn ERESOLVE   },
45 warn ERESOLVE   force: false,
45 warn ERESOLVE   isMine: true,
45 warn ERESOLVE   strictPeerDeps: false,
45 warn ERESOLVE   current: {
45 warn ERESOLVE     name: 'react',
45 warn ERESOLVE     version: '19.2.0',
45 warn ERESOLVE     location: 'node_modules/react',
45 warn ERESOLVE     isWorkspace: false,
45 warn ERESOLVE     dependents: [
45 warn ERESOLVE       [Object], [Object], [Object], [Object], [Object], [Object],
45 warn ERESOLVE       [Object], [Object], [Object], [Object], [Object], [Object],
45 warn ERESOLVE       [Object], [Object], [Object], [Object], [Object], [Object],
45 warn ERESOLVE       [Object], [Object], [Object], [Object], [Object], [Object],
45 warn ERESOLVE       [Object], [Object], [Object], [Object], [Object], [Object],
45 warn ERESOLVE       [Object], [Object], [Object], [Object], [Object], [Object],
45 warn ERESOLVE       [Object], [Object], [Object], [Object], [Object], [Object],
45 warn ERESOLVE       [Object], [Object], [Object], [Object], [Object], [Object],
45 warn ERESOLVE       [Object], [Object], [Object], [Object], [Object], [Object],
45 warn ERESOLVE       [Object], [Object], [Object], [Object], [Object], [Object],
45 warn ERESOLVE       [Object], [Object], [Object], [Object], [Object], [Object],
45 warn ERESOLVE       [Object], [Object], [Object], [Object], [Object], [Object],
45 warn ERESOLVE       [Object], [Object], [Object], [Object], [Object], [Object],
45 warn ERESOLVE       [Object], [Object], [Object], [Object], [Object], [Object],
45 warn ERESOLVE       [Object], [Object], [Object], [Object], [Object], [Object],
45 warn ERESOLVE       [Object]
45 warn ERESOLVE     ]
45 warn ERESOLVE   }
45 warn ERESOLVE }
46 warn ERESOLVE overriding peer dependency {
46 warn ERESOLVE   code: 'ERESOLVE',
46 warn ERESOLVE   edge: {
46 warn ERESOLVE     type: 'peer',
46 warn ERESOLVE     name: 'react',
46 warn ERESOLVE     spec: '^16.8 || ^17.0 || ^18.0 || ^19.0 || ^19.0.0-rc',
46 warn ERESOLVE     from: {
46 warn ERESOLVE       name: '@radix-ui/react-collapsible',
46 warn ERESOLVE       version: '1.1.3',
46 warn ERESOLVE       location: 'node_modules/@radix-ui/react-collapsible',
46 warn ERESOLVE       isWorkspace: false,
46 warn ERESOLVE       dependents: [Array]
46 warn ERESOLVE     }
46 warn ERESOLVE   },
46 warn ERESOLVE   dep: {
46 warn ERESOLVE     name: 'react',
46 warn ERESOLVE     version: undefined,
46 warn ERESOLVE     errors: [ [FetchError] ],
46 warn ERESOLVE     package: {},
46 warn ERESOLVE     whileInstalling: {
46 warn ERESOLVE       name: 'react-popper',
46 warn ERESOLVE       version: '2.3.0',
46 warn ERESOLVE       path: '/Users/fujirio75/dev/w3software/node_modules/react-popper'
46 warn ERESOLVE     },
46 warn ERESOLVE     location: 'node_modules/react',
46 warn ERESOLVE     isWorkspace: false,
46 warn ERESOLVE     dependents: [ [Object] ]
46 warn ERESOLVE   },
46 warn ERESOLVE   force: false,
46 warn ERESOLVE   isMine: true,
46 warn ERESOLVE   strictPeerDeps: false,
46 warn ERESOLVE   current: {
46 warn ERESOLVE     name: 'react',
46 warn ERESOLVE     version: '19.2.0',
46 warn ERESOLVE     location: 'node_modules/react',
46 warn ERESOLVE     isWorkspace: false,
46 warn ERESOLVE     dependents: [
46 warn ERESOLVE       [Object], [Object], [Object], [Object], [Object], [Object],
46 warn ERESOLVE       [Object], [Object], [Object], [Object], [Object], [Object],
46 warn ERESOLVE       [Object], [Object], [Object], [Object], [Object], [Object],
46 warn ERESOLVE       [Object], [Object], [Object], [Object], [Object], [Object],
46 warn ERESOLVE       [Object], [Object], [Object], [Object], [Object], [Object],
46 warn ERESOLVE       [Object], [Object], [Object], [Object], [Object], [Object],
46 warn ERESOLVE       [Object], [Object], [Object], [Object], [Object], [Object],
46 warn ERESOLVE       [Object], [Object], [Object], [Object], [Object], [Object],
46 warn ERESOLVE       [Object], [Object], [Object], [Object], [Object], [Object],
46 warn ERESOLVE       [Object], [Object], [Object], [Object], [Object], [Object],
46 warn ERESOLVE       [Object], [Object], [Object], [Object], [Object], [Object],
46 warn ERESOLVE       [Object], [Object], [Object], [Object], [Object], [Object],
46 warn ERESOLVE       [Object], [Object], [Object], [Object], [Object], [Object],
46 warn ERESOLVE       [Object], [Object], [Object], [Object], [Object], [Object],
46 warn ERESOLVE       [Object], [Object], [Object], [Object], [Object], [Object],
46 warn ERESOLVE       [Object]
46 warn ERESOLVE     ]
46 warn ERESOLVE   }
46 warn ERESOLVE }
47 warn ERESOLVE overriding peer dependency {
47 warn ERESOLVE   code: 'ERESOLVE',
47 warn ERESOLVE   edge: {
47 warn ERESOLVE     type: 'peer',
47 warn ERESOLVE     name: 'react',
47 warn ERESOLVE     spec: '^16.8 || ^17.0 || ^18.0 || ^19.0 || ^19.0.0-rc',
47 warn ERESOLVE     from: {
47 warn ERESOLVE       name: '@radix-ui/react-context-menu',
47 warn ERESOLVE       version: '2.2.6',
47 warn ERESOLVE       location: 'node_modules/@radix-ui/react-context-menu',
47 warn ERESOLVE       isWorkspace: false,
47 warn ERESOLVE       dependents: [Array]
47 warn ERESOLVE     }
47 warn ERESOLVE   },
47 warn ERESOLVE   dep: {
47 warn ERESOLVE     name: 'react',
47 warn ERESOLVE     version: undefined,
47 warn ERESOLVE     errors: [ [FetchError] ],
47 warn ERESOLVE     package: {},
47 warn ERESOLVE     whileInstalling: {
47 warn ERESOLVE       name: 'react-popper',
47 warn ERESOLVE       version: '2.3.0',
47 warn ERESOLVE       path: '/Users/fujirio75/dev/w3software/node_modules/react-popper'
47 warn ERESOLVE     },
47 warn ERESOLVE     location: 'node_modules/react',
47 warn ERESOLVE     isWorkspace: false,
47 warn ERESOLVE     dependents: [ [Object] ]
47 warn ERESOLVE   },
47 warn ERESOLVE   force: false,
47 warn ERESOLVE   isMine: true,
47 warn ERESOLVE   strictPeerDeps: false,
47 warn ERESOLVE   current: {
47 warn ERESOLVE     name: 'react',
47 warn ERESOLVE     version: '19.2.0',
47 warn ERESOLVE     location: 'node_modules/react',
47 warn ERESOLVE     isWorkspace: false,
47 warn ERESOLVE     dependents: [
47 warn ERESOLVE       [Object], [Object], [Object], [Object], [Object], [Object],
47 warn ERESOLVE       [Object], [Object], [Object], [Object], [Object], [Object],
47 warn ERESOLVE       [Object], [Object], [Object], [Object], [Object], [Object],
47 warn ERESOLVE       [Object], [Object], [Object], [Object], [Object], [Object],
47 warn ERESOLVE       [Object], [Object], [Object], [Object], [Object], [Object],
47 warn ERESOLVE       [Object], [Object], [Object], [Object], [Object], [Object],
47 warn ERESOLVE       [Object], [Object], [Object], [Object], [Object], [Object],
47 warn ERESOLVE       [Object], [Object], [Object], [Object], [Object], [Object],
47 warn ERESOLVE       [Object], [Object], [Object], [Object], [Object], [Object],
47 warn ERESOLVE       [Object], [Object], [Object], [Object], [Object], [Object],
47 warn ERESOLVE       [Object], [Object], [Object], [Object], [Object], [Object],
47 warn ERESOLVE       [Object], [Object], [Object], [Object], [Object], [Object],
47 warn ERESOLVE       [Object], [Object], [Object], [Object], [Object], [Object],
47 warn ERESOLVE       [Object], [Object], [Object], [Object], [Object], [Object],
47 warn ERESOLVE       [Object], [Object], [Object], [Object], [Object], [Object],
47 warn ERESOLVE       [Object]
47 warn ERESOLVE     ]
47 warn ERESOLVE   }
47 warn ERESOLVE }
48 warn ERESOLVE overriding peer dependency {
48 warn ERESOLVE   code: 'ERESOLVE',
48 warn ERESOLVE   edge: {
48 warn ERESOLVE     type: 'peer',
48 warn ERESOLVE     name: 'react',
48 warn ERESOLVE     spec: '^16.8 || ^17.0 || ^18.0 || ^19.0 || ^19.0.0-rc',
48 warn ERESOLVE     from: {
48 warn ERESOLVE       name: '@radix-ui/react-dialog',
48 warn ERESOLVE       version: '1.1.6',
48 warn ERESOLVE       location: 'node_modules/@radix-ui/react-dialog',
48 warn ERESOLVE       isWorkspace: false,
48 warn ERESOLVE       dependents: [Array]
48 warn ERESOLVE     }
48 warn ERESOLVE   },
48 warn ERESOLVE   dep: {
48 warn ERESOLVE     name: 'react',
48 warn ERESOLVE     version: undefined,
48 warn ERESOLVE     errors: [ [FetchError] ],
48 warn ERESOLVE     package: {},
48 warn ERESOLVE     whileInstalling: {
48 warn ERESOLVE       name: 'react-popper',
48 warn ERESOLVE       version: '2.3.0',
48 warn ERESOLVE       path: '/Users/fujirio75/dev/w3software/node_modules/react-popper'
48 warn ERESOLVE     },
48 warn ERESOLVE     location: 'node_modules/react',
48 warn ERESOLVE     isWorkspace: false,
48 warn ERESOLVE     dependents: [ [Object] ]
48 warn ERESOLVE   },
48 warn ERESOLVE   force: false,
48 warn ERESOLVE   isMine: true,
48 warn ERESOLVE   strictPeerDeps: false,
48 warn ERESOLVE   current: {
48 warn ERESOLVE     name: 'react',
48 warn ERESOLVE     version: '19.2.0',
48 warn ERESOLVE     location: 'node_modules/react',
48 warn ERESOLVE     isWorkspace: false,
48 warn ERESOLVE     dependents: [
48 warn ERESOLVE       [Object], [Object], [Object], [Object], [Object], [Object],
48 warn ERESOLVE       [Object], [Object], [Object], [Object], [Object], [Object],
48 warn ERESOLVE       [Object], [Object], [Object], [Object], [Object], [Object],
48 warn ERESOLVE       [Object], [Object], [Object], [Object], [Object], [Object],
48 warn ERESOLVE       [Object], [Object], [Object], [Object], [Object], [Object],
48 warn ERESOLVE       [Object], [Object], [Object], [Object], [Object], [Object],
48 warn ERESOLVE       [Object], [Object], [Object], [Object], [Object], [Object],
48 warn ERESOLVE       [Object], [Object], [Object], [Object], [Object], [Object],
48 warn ERESOLVE       [Object], [Object], [Object], [Object], [Object], [Object],
48 warn ERESOLVE       [Object], [Object], [Object], [Object], [Object], [Object],
48 warn ERESOLVE       [Object], [Object], [Object], [Object], [Object], [Object],
48 warn ERESOLVE       [Object], [Object], [Object], [Object], [Object], [Object],
48 warn ERESOLVE       [Object], [Object], [Object], [Object], [Object], [Object],
48 warn ERESOLVE       [Object], [Object], [Object], [Object], [Object], [Object],
48 warn ERESOLVE       [Object], [Object], [Object], [Object], [Object], [Object],
48 warn ERESOLVE       [Object]
48 warn ERESOLVE     ]
48 warn ERESOLVE   }
48 warn ERESOLVE }
49 warn ERESOLVE overriding peer dependency {
49 warn ERESOLVE   code: 'ERESOLVE',
49 warn ERESOLVE   edge: {
49 warn ERESOLVE     type: 'peer',
49 warn ERESOLVE     name: 'react',
49 warn ERESOLVE     spec: '^16.8 || ^17.0 || ^18.0 || ^19.0 || ^19.0.0-rc',
49 warn ERESOLVE     from: {
49 warn ERESOLVE       name: '@radix-ui/react-dropdown-menu',
49 warn ERESOLVE       version: '2.1.6',
49 warn ERESOLVE       location: 'node_modules/@radix-ui/react-dropdown-menu',
49 warn ERESOLVE       isWorkspace: false,
49 warn ERESOLVE       dependents: [Array]
49 warn ERESOLVE     }
49 warn ERESOLVE   },
49 warn ERESOLVE   dep: {
49 warn ERESOLVE     name: 'react',
49 warn ERESOLVE     version: undefined,
49 warn ERESOLVE     errors: [ [FetchError] ],
49 warn ERESOLVE     package: {},
49 warn ERESOLVE     whileInstalling: {
49 warn ERESOLVE       name: 'react-popper',
49 warn ERESOLVE       version: '2.3.0',
49 warn ERESOLVE       path: '/Users/fujirio75/dev/w3software/node_modules/react-popper'
49 warn ERESOLVE     },
49 warn ERESOLVE     location: 'node_modules/react',
49 warn ERESOLVE     isWorkspace: false,
49 warn ERESOLVE     dependents: [ [Object] ]
49 warn ERESOLVE   },
49 warn ERESOLVE   force: false,
49 warn ERESOLVE   isMine: true,
49 warn ERESOLVE   strictPeerDeps: false,
49 warn ERESOLVE   current: {
49 warn ERESOLVE     name: 'react',
49 warn ERESOLVE     version: '19.2.0',
49 warn ERESOLVE     location: 'node_modules/react',
49 warn ERESOLVE     isWorkspace: false,
49 warn ERESOLVE     dependents: [
49 warn ERESOLVE       [Object], [Object], [Object], [Object], [Object], [Object],
49 warn ERESOLVE       [Object], [Object], [Object], [Object], [Object], [Object],
49 warn ERESOLVE       [Object], [Object], [Object], [Object], [Object], [Object],
49 warn ERESOLVE       [Object], [Object], [Object], [Object], [Object], [Object],
49 warn ERESOLVE       [Object], [Object], [Object], [Object], [Object], [Object],
49 warn ERESOLVE       [Object], [Object], [Object], [Object], [Object], [Object],
49 warn ERESOLVE       [Object], [Object], [Object], [Object], [Object], [Object],
49 warn ERESOLVE       [Object], [Object], [Object], [Object], [Object], [Object],
49 warn ERESOLVE       [Object], [Object], [Object], [Object], [Object], [Object],
49 warn ERESOLVE       [Object], [Object], [Object], [Object], [Object], [Object],
49 warn ERESOLVE       [Object], [Object], [Object], [Object], [Object], [Object],
49 warn ERESOLVE       [Object], [Object], [Object], [Object], [Object], [Object],
49 warn ERESOLVE       [Object], [Object], [Object], [Object], [Object], [Object],
49 warn ERESOLVE       [Object], [Object], [Object], [Object], [Object], [Object],
49 warn ERESOLVE       [Object], [Object], [Object], [Object], [Object], [Object],
49 warn ERESOLVE       [Object]
49 warn ERESOLVE     ]
49 warn ERESOLVE   }
49 warn ERESOLVE }
50 warn ERESOLVE overriding peer dependency {
50 warn ERESOLVE   code: 'ERESOLVE',
50 warn ERESOLVE   edge: {
50 warn ERESOLVE     type: 'peer',
50 warn ERESOLVE     name: 'react',
50 warn ERESOLVE     spec: '^16.8 || ^17.0 || ^18.0 || ^19.0 || ^19.0.0-rc',
50 warn ERESOLVE     from: {
50 warn ERESOLVE       name: '@radix-ui/react-hover-card',
50 warn ERESOLVE       version: '1.1.6',
50 warn ERESOLVE       location: 'node_modules/@radix-ui/react-hover-card',
50 warn ERESOLVE       isWorkspace: false,
50 warn ERESOLVE       dependents: [Array]
50 warn ERESOLVE     }
50 warn ERESOLVE   },
50 warn ERESOLVE   dep: {
50 warn ERESOLVE     name: 'react',
50 warn ERESOLVE     version: undefined,
50 warn ERESOLVE     errors: [ [FetchError] ],
50 warn ERESOLVE     package: {},
50 warn ERESOLVE     whileInstalling: {
50 warn ERESOLVE       name: 'react-popper',
50 warn ERESOLVE       version: '2.3.0',
50 warn ERESOLVE       path: '/Users/fujirio75/dev/w3software/node_modules/react-popper'
50 warn ERESOLVE     },
50 warn ERESOLVE     location: 'node_modules/react',
50 warn ERESOLVE     isWorkspace: false,
50 warn ERESOLVE     dependents: [ [Object] ]
50 warn ERESOLVE   },
50 warn ERESOLVE   force: false,
50 warn ERESOLVE   isMine: true,
50 warn ERESOLVE   strictPeerDeps: false,
50 warn ERESOLVE   current: {
50 warn ERESOLVE     name: 'react',
50 warn ERESOLVE     version: '19.2.0',
50 warn ERESOLVE     location: 'node_modules/react',
50 warn ERESOLVE     isWorkspace: false,
50 warn ERESOLVE     dependents: [
50 warn ERESOLVE       [Object], [Object], [Object], [Object], [Object], [Object],
50 warn ERESOLVE       [Object], [Object], [Object], [Object], [Object], [Object],
50 warn ERESOLVE       [Object], [Object], [Object], [Object], [Object], [Object],
50 warn ERESOLVE       [Object], [Object], [Object], [Object], [Object], [Object],
50 warn ERESOLVE       [Object], [Object], [Object], [Object], [Object], [Object],
50 warn ERESOLVE       [Object], [Object], [Object], [Object], [Object], [Object],
50 warn ERESOLVE       [Object], [Object], [Object], [Object], [Object], [Object],
50 warn ERESOLVE       [Object], [Object], [Object], [Object], [Object], [Object],
50 warn ERESOLVE       [Object], [Object], [Object], [Object], [Object], [Object],
50 warn ERESOLVE       [Object], [Object], [Object], [Object], [Object], [Object],
50 warn ERESOLVE       [Object], [Object], [Object], [Object], [Object], [Object],
50 warn ERESOLVE       [Object], [Object], [Object], [Object], [Object], [Object],
50 warn ERESOLVE       [Object], [Object], [Object], [Object], [Object], [Object],
50 warn ERESOLVE       [Object], [Object], [Object], [Object], [Object], [Object],
50 warn ERESOLVE       [Object], [Object], [Object], [Object], [Object], [Object],
50 warn ERESOLVE       [Object]
50 warn ERESOLVE     ]
50 warn ERESOLVE   }
50 warn ERESOLVE }
51 warn ERESOLVE overriding peer dependency {
51 warn ERESOLVE   code: 'ERESOLVE',
51 warn ERESOLVE   edge: {
51 warn ERESOLVE     type: 'peer',
51 warn ERESOLVE     name: 'react',
51 warn ERESOLVE     spec: '^16.8 || ^17.0 || ^18.0 || ^19.0 || ^19.0.0-rc',
51 warn ERESOLVE     from: {
51 warn ERESOLVE       name: '@radix-ui/react-label',
51 warn ERESOLVE       version: '2.1.2',
51 warn ERESOLVE       location: 'node_modules/@radix-ui/react-label',
51 warn ERESOLVE       isWorkspace: false,
51 warn ERESOLVE       dependents: [Array]
51 warn ERESOLVE     }
51 warn ERESOLVE   },
51 warn ERESOLVE   dep: {
51 warn ERESOLVE     name: 'react',
51 warn ERESOLVE     version: undefined,
51 warn ERESOLVE     errors: [ [FetchError] ],
51 warn ERESOLVE     package: {},
51 warn ERESOLVE     whileInstalling: {
51 warn ERESOLVE       name: 'react-popper',
51 warn ERESOLVE       version: '2.3.0',
51 warn ERESOLVE       path: '/Users/fujirio75/dev/w3software/node_modules/react-popper'
51 warn ERESOLVE     },
51 warn ERESOLVE     location: 'node_modules/react',
51 warn ERESOLVE     isWorkspace: false,
51 warn ERESOLVE     dependents: [ [Object] ]
51 warn ERESOLVE   },
51 warn ERESOLVE   force: false,
51 warn ERESOLVE   isMine: true,
51 warn ERESOLVE   strictPeerDeps: false,
51 warn ERESOLVE   current: {
51 warn ERESOLVE     name: 'react',
51 warn ERESOLVE     version: '19.2.0',
51 warn ERESOLVE     location: 'node_modules/react',
51 warn ERESOLVE     isWorkspace: false,
51 warn ERESOLVE     dependents: [
51 warn ERESOLVE       [Object], [Object], [Object], [Object], [Object], [Object],
51 warn ERESOLVE       [Object], [Object], [Object], [Object], [Object], [Object],
51 warn ERESOLVE       [Object], [Object], [Object], [Object], [Object], [Object],
51 warn ERESOLVE       [Object], [Object], [Object], [Object], [Object], [Object],
51 warn ERESOLVE       [Object], [Object], [Object], [Object], [Object], [Object],
51 warn ERESOLVE       [Object], [Object], [Object], [Object], [Object], [Object],
51 warn ERESOLVE       [Object], [Object], [Object], [Object], [Object], [Object],
51 warn ERESOLVE       [Object], [Object], [Object], [Object], [Object], [Object],
51 warn ERESOLVE       [Object], [Object], [Object], [Object], [Object], [Object],
51 warn ERESOLVE       [Object], [Object], [Object], [Object], [Object], [Object],
51 warn ERESOLVE       [Object], [Object], [Object], [Object], [Object], [Object],
51 warn ERESOLVE       [Object], [Object], [Object], [Object], [Object], [Object],
51 warn ERESOLVE       [Object], [Object], [Object], [Object], [Object], [Object],
51 warn ERESOLVE       [Object], [Object], [Object], [Object], [Object], [Object],
51 warn ERESOLVE       [Object], [Object], [Object], [Object], [Object], [Object],
51 warn ERESOLVE       [Object]
51 warn ERESOLVE     ]
51 warn ERESOLVE   }
51 warn ERESOLVE }
52 warn ERESOLVE overriding peer dependency {
52 warn ERESOLVE   code: 'ERESOLVE',
52 warn ERESOLVE   edge: {
52 warn ERESOLVE     type: 'peer',
52 warn ERESOLVE     name: 'react',
52 warn ERESOLVE     spec: '^16.8 || ^17.0 || ^18.0 || ^19.0 || ^19.0.0-rc',
52 warn ERESOLVE     from: {
52 warn ERESOLVE       name: '@radix-ui/react-menubar',
52 warn ERESOLVE       version: '1.1.6',
52 warn ERESOLVE       location: 'node_modules/@radix-ui/react-menubar',
52 warn ERESOLVE       isWorkspace: false,
52 warn ERESOLVE       dependents: [Array]
52 warn ERESOLVE     }
52 warn ERESOLVE   },
52 warn ERESOLVE   dep: {
52 warn ERESOLVE     name: 'react',
52 warn ERESOLVE     version: undefined,
52 warn ERESOLVE     errors: [ [FetchError] ],
52 warn ERESOLVE     package: {},
52 warn ERESOLVE     whileInstalling: {
52 warn ERESOLVE       name: 'react-popper',
52 warn ERESOLVE       version: '2.3.0',
52 warn ERESOLVE       path: '/Users/fujirio75/dev/w3software/node_modules/react-popper'
52 warn ERESOLVE     },
52 warn ERESOLVE     location: 'node_modules/react',
52 warn ERESOLVE     isWorkspace: false,
52 warn ERESOLVE     dependents: [ [Object] ]
52 warn ERESOLVE   },
52 warn ERESOLVE   force: false,
52 warn ERESOLVE   isMine: true,
52 warn ERESOLVE   strictPeerDeps: false,
52 warn ERESOLVE   current: {
52 warn ERESOLVE     name: 'react',
52 warn ERESOLVE     version: '19.2.0',
52 warn ERESOLVE     location: 'node_modules/react',
52 warn ERESOLVE     isWorkspace: false,
52 warn ERESOLVE     dependents: [
52 warn ERESOLVE       [Object], [Object], [Object], [Object], [Object], [Object],
52 warn ERESOLVE       [Object], [Object], [Object], [Object], [Object], [Object],
52 warn ERESOLVE       [Object], [Object], [Object], [Object], [Object], [Object],
52 warn ERESOLVE       [Object], [Object], [Object], [Object], [Object], [Object],
52 warn ERESOLVE       [Object], [Object], [Object], [Object], [Object], [Object],
52 warn ERESOLVE       [Object], [Object], [Object], [Object], [Object], [Object],
52 warn ERESOLVE       [Object], [Object], [Object], [Object], [Object], [Object],
52 warn ERESOLVE       [Object], [Object], [Object], [Object], [Object], [Object],
52 warn ERESOLVE       [Object], [Object], [Object], [Object], [Object], [Object],
52 warn ERESOLVE       [Object], [Object], [Object], [Object], [Object], [Object],
52 warn ERESOLVE       [Object], [Object], [Object], [Object], [Object], [Object],
52 warn ERESOLVE       [Object], [Object], [Object], [Object], [Object], [Object],
52 warn ERESOLVE       [Object], [Object], [Object], [Object], [Object], [Object],
52 warn ERESOLVE       [Object], [Object], [Object], [Object], [Object], [Object],
52 warn ERESOLVE       [Object], [Object], [Object], [Object], [Object], [Object],
52 warn ERESOLVE       [Object]
52 warn ERESOLVE     ]
52 warn ERESOLVE   }
52 warn ERESOLVE }
53 warn ERESOLVE overriding peer dependency {
53 warn ERESOLVE   code: 'ERESOLVE',
53 warn ERESOLVE   edge: {
53 warn ERESOLVE     type: 'peer',
53 warn ERESOLVE     name: 'react',
53 warn ERESOLVE     spec: '^16.8 || ^17.0 || ^18.0 || ^19.0 || ^19.0.0-rc',
53 warn ERESOLVE     from: {
53 warn ERESOLVE       name: '@radix-ui/react-navigation-menu',
53 warn ERESOLVE       version: '1.2.5',
53 warn ERESOLVE       location: 'node_modules/@radix-ui/react-navigation-menu',
53 warn ERESOLVE       isWorkspace: false,
53 warn ERESOLVE       dependents: [Array]
53 warn ERESOLVE     }
53 warn ERESOLVE   },
53 warn ERESOLVE   dep: {
53 warn ERESOLVE     name: 'react',
53 warn ERESOLVE     version: undefined,
53 warn ERESOLVE     errors: [ [FetchError] ],
53 warn ERESOLVE     package: {},
53 warn ERESOLVE     whileInstalling: {
53 warn ERESOLVE       name: 'react-popper',
53 warn ERESOLVE       version: '2.3.0',
53 warn ERESOLVE       path: '/Users/fujirio75/dev/w3software/node_modules/react-popper'
53 warn ERESOLVE     },
53 warn ERESOLVE     location: 'node_modules/react',
53 warn ERESOLVE     isWorkspace: false,
53 warn ERESOLVE     dependents: [ [Object] ]
53 warn ERESOLVE   },
53 warn ERESOLVE   force: false,
53 warn ERESOLVE   isMine: true,
53 warn ERESOLVE   strictPeerDeps: false,
53 warn ERESOLVE   current: {
53 warn ERESOLVE     name: 'react',
53 warn ERESOLVE     version: '19.2.0',
53 warn ERESOLVE     location: 'node_modules/react',
53 warn ERESOLVE     isWorkspace: false,
53 warn ERESOLVE     dependents: [
53 warn ERESOLVE       [Object], [Object], [Object], [Object], [Object], [Object],
53 warn ERESOLVE       [Object], [Object], [Object], [Object], [Object], [Object],
53 warn ERESOLVE       [Object], [Object], [Object], [Object], [Object], [Object],
53 warn ERESOLVE       [Object], [Object], [Object], [Object], [Object], [Object],
53 warn ERESOLVE       [Object], [Object], [Object], [Object], [Object], [Object],
53 warn ERESOLVE       [Object], [Object], [Object], [Object], [Object], [Object],
53 warn ERESOLVE       [Object], [Object], [Object], [Object], [Object], [Object],
53 warn ERESOLVE       [Object], [Object], [Object], [Object], [Object], [Object],
53 warn ERESOLVE       [Object], [Object], [Object], [Object], [Object], [Object],
53 warn ERESOLVE       [Object], [Object], [Object], [Object], [Object], [Object],
53 warn ERESOLVE       [Object], [Object], [Object], [Object], [Object], [Object],
53 warn ERESOLVE       [Object], [Object], [Object], [Object], [Object], [Object],
53 warn ERESOLVE       [Object], [Object], [Object], [Object], [Object], [Object],
53 warn ERESOLVE       [Object], [Object], [Object], [Object], [Object], [Object],
53 warn ERESOLVE       [Object], [Object], [Object], [Object], [Object], [Object],
53 warn ERESOLVE       [Object]
53 warn ERESOLVE     ]
53 warn ERESOLVE   }
53 warn ERESOLVE }
54 warn ERESOLVE overriding peer dependency {
54 warn ERESOLVE   code: 'ERESOLVE',
54 warn ERESOLVE   edge: {
54 warn ERESOLVE     type: 'peer',
54 warn ERESOLVE     name: 'react',
54 warn ERESOLVE     spec: '^16.8 || ^17.0 || ^18.0 || ^19.0 || ^19.0.0-rc',
54 warn ERESOLVE     from: {
54 warn ERESOLVE       name: '@radix-ui/react-popover',
54 warn ERESOLVE       version: '1.1.6',
54 warn ERESOLVE       location: 'node_modules/@radix-ui/react-popover',
54 warn ERESOLVE       isWorkspace: false,
54 warn ERESOLVE       dependents: [Array]
54 warn ERESOLVE     }
54 warn ERESOLVE   },
54 warn ERESOLVE   dep: {
54 warn ERESOLVE     name: 'react',
54 warn ERESOLVE     version: undefined,
54 warn ERESOLVE     errors: [ [FetchError] ],
54 warn ERESOLVE     package: {},
54 warn ERESOLVE     whileInstalling: {
54 warn ERESOLVE       name: 'react-popper',
54 warn ERESOLVE       version: '2.3.0',
54 warn ERESOLVE       path: '/Users/fujirio75/dev/w3software/node_modules/react-popper'
54 warn ERESOLVE     },
54 warn ERESOLVE     location: 'node_modules/react',
54 warn ERESOLVE     isWorkspace: false,
54 warn ERESOLVE     dependents: [ [Object] ]
54 warn ERESOLVE   },
54 warn ERESOLVE   force: false,
54 warn ERESOLVE   isMine: true,
54 warn ERESOLVE   strictPeerDeps: false,
54 warn ERESOLVE   current: {
54 warn ERESOLVE     name: 'react',
54 warn ERESOLVE     version: '19.2.0',
54 warn ERESOLVE     location: 'node_modules/react',
54 warn ERESOLVE     isWorkspace: false,
54 warn ERESOLVE     dependents: [
54 warn ERESOLVE       [Object], [Object], [Object], [Object], [Object], [Object],
54 warn ERESOLVE       [Object], [Object], [Object], [Object], [Object], [Object],
54 warn ERESOLVE       [Object], [Object], [Object], [Object], [Object], [Object],
54 warn ERESOLVE       [Object], [Object], [Object], [Object], [Object], [Object],
54 warn ERESOLVE       [Object], [Object], [Object], [Object], [Object], [Object],
54 warn ERESOLVE       [Object], [Object], [Object], [Object], [Object], [Object],
54 warn ERESOLVE       [Object], [Object], [Object], [Object], [Object], [Object],
54 warn ERESOLVE       [Object], [Object], [Object], [Object], [Object], [Object],
54 warn ERESOLVE       [Object], [Object], [Object], [Object], [Object], [Object],
54 warn ERESOLVE       [Object], [Object], [Object], [Object], [Object], [Object],
54 warn ERESOLVE       [Object], [Object], [Object], [Object], [Object], [Object],
54 warn ERESOLVE       [Object], [Object], [Object], [Object], [Object], [Object],
54 warn ERESOLVE       [Object], [Object], [Object], [Object], [Object], [Object],
54 warn ERESOLVE       [Object], [Object], [Object], [Object], [Object], [Object],
54 warn ERESOLVE       [Object], [Object], [Object], [Object], [Object], [Object],
54 warn ERESOLVE       [Object]
54 warn ERESOLVE     ]
54 warn ERESOLVE   }
54 warn ERESOLVE }
55 warn ERESOLVE overriding peer dependency {
55 warn ERESOLVE   code: 'ERESOLVE',
55 warn ERESOLVE   edge: {
55 warn ERESOLVE     type: 'peer',
55 warn ERESOLVE     name: 'react',
55 warn ERESOLVE     spec: '^16.8 || ^17.0 || ^18.0 || ^19.0 || ^19.0.0-rc',
55 warn ERESOLVE     from: {
55 warn ERESOLVE       name: '@radix-ui/react-progress',
55 warn ERESOLVE       version: '1.1.2',
55 warn ERESOLVE       location: 'node_modules/@radix-ui/react-progress',
55 warn ERESOLVE       isWorkspace: false,
55 warn ERESOLVE       dependents: [Array]
55 warn ERESOLVE     }
55 warn ERESOLVE   },
55 warn ERESOLVE   dep: {
55 warn ERESOLVE     name: 'react',
55 warn ERESOLVE     version: undefined,
55 warn ERESOLVE     errors: [ [FetchError] ],
55 warn ERESOLVE     package: {},
55 warn ERESOLVE     whileInstalling: {
55 warn ERESOLVE       name: 'react-popper',
55 warn ERESOLVE       version: '2.3.0',
55 warn ERESOLVE       path: '/Users/fujirio75/dev/w3software/node_modules/react-popper'
55 warn ERESOLVE     },
55 warn ERESOLVE     location: 'node_modules/react',
55 warn ERESOLVE     isWorkspace: false,
55 warn ERESOLVE     dependents: [ [Object] ]
55 warn ERESOLVE   },
55 warn ERESOLVE   force: false,
55 warn ERESOLVE   isMine: true,
55 warn ERESOLVE   strictPeerDeps: false,
55 warn ERESOLVE   current: {
55 warn ERESOLVE     name: 'react',
55 warn ERESOLVE     version: '19.2.0',
55 warn ERESOLVE     location: 'node_modules/react',
55 warn ERESOLVE     isWorkspace: false,
55 warn ERESOLVE     dependents: [
55 warn ERESOLVE       [Object], [Object], [Object], [Object], [Object], [Object],
55 warn ERESOLVE       [Object], [Object], [Object], [Object], [Object], [Object],
55 warn ERESOLVE       [Object], [Object], [Object], [Object], [Object], [Object],
55 warn ERESOLVE       [Object], [Object], [Object], [Object], [Object], [Object],
55 warn ERESOLVE       [Object], [Object], [Object], [Object], [Object], [Object],
55 warn ERESOLVE       [Object], [Object], [Object], [Object], [Object], [Object],
55 warn ERESOLVE       [Object], [Object], [Object], [Object], [Object], [Object],
55 warn ERESOLVE       [Object], [Object], [Object], [Object], [Object], [Object],
55 warn ERESOLVE       [Object], [Object], [Object], [Object], [Object], [Object],
55 warn ERESOLVE       [Object], [Object], [Object], [Object], [Object], [Object],
55 warn ERESOLVE       [Object], [Object], [Object], [Object], [Object], [Object],
55 warn ERESOLVE       [Object], [Object], [Object], [Object], [Object], [Object],
55 warn ERESOLVE       [Object], [Object], [Object], [Object], [Object], [Object],
55 warn ERESOLVE       [Object], [Object], [Object], [Object], [Object], [Object],
55 warn ERESOLVE       [Object], [Object], [Object], [Object], [Object], [Object],
55 warn ERESOLVE       [Object]
55 warn ERESOLVE     ]
55 warn ERESOLVE   }
55 warn ERESOLVE }
56 warn ERESOLVE overriding peer dependency {
56 warn ERESOLVE   code: 'ERESOLVE',
56 warn ERESOLVE   edge: {
56 warn ERESOLVE     type: 'peer',
56 warn ERESOLVE     name: 'react',
56 warn ERESOLVE     spec: '^16.8 || ^17.0 || ^18.0 || ^19.0 || ^19.0.0-rc',
56 warn ERESOLVE     from: {
56 warn ERESOLVE       name: '@radix-ui/react-radio-group',
56 warn ERESOLVE       version: '1.2.3',
56 warn ERESOLVE       location: 'node_modules/@radix-ui/react-radio-group',
56 warn ERESOLVE       isWorkspace: false,
56 warn ERESOLVE       dependents: [Array]
56 warn ERESOLVE     }
56 warn ERESOLVE   },
56 warn ERESOLVE   dep: {
56 warn ERESOLVE     name: 'react',
56 warn ERESOLVE     version: undefined,
56 warn ERESOLVE     errors: [ [FetchError] ],
56 warn ERESOLVE     package: {},
56 warn ERESOLVE     whileInstalling: {
56 warn ERESOLVE       name: 'react-popper',
56 warn ERESOLVE       version: '2.3.0',
56 warn ERESOLVE       path: '/Users/fujirio75/dev/w3software/node_modules/react-popper'
56 warn ERESOLVE     },
56 warn ERESOLVE     location: 'node_modules/react',
56 warn ERESOLVE     isWorkspace: false,
56 warn ERESOLVE     dependents: [ [Object] ]
56 warn ERESOLVE   },
56 warn ERESOLVE   force: false,
56 warn ERESOLVE   isMine: true,
56 warn ERESOLVE   strictPeerDeps: false,
56 warn ERESOLVE   current: {
56 warn ERESOLVE     name: 'react',
56 warn ERESOLVE     version: '19.2.0',
56 warn ERESOLVE     location: 'node_modules/react',
56 warn ERESOLVE     isWorkspace: false,
56 warn ERESOLVE     dependents: [
56 warn ERESOLVE       [Object], [Object], [Object], [Object], [Object], [Object],
56 warn ERESOLVE       [Object], [Object], [Object], [Object], [Object], [Object],
56 warn ERESOLVE       [Object], [Object], [Object], [Object], [Object], [Object],
56 warn ERESOLVE       [Object], [Object], [Object], [Object], [Object], [Object],
56 warn ERESOLVE       [Object], [Object], [Object], [Object], [Object], [Object],
56 warn ERESOLVE       [Object], [Object], [Object], [Object], [Object], [Object],
56 warn ERESOLVE       [Object], [Object], [Object], [Object], [Object], [Object],
56 warn ERESOLVE       [Object], [Object], [Object], [Object], [Object], [Object],
56 warn ERESOLVE       [Object], [Object], [Object], [Object], [Object], [Object],
56 warn ERESOLVE       [Object], [Object], [Object], [Object], [Object], [Object],
56 warn ERESOLVE       [Object], [Object], [Object], [Object], [Object], [Object],
56 warn ERESOLVE       [Object], [Object], [Object], [Object], [Object], [Object],
56 warn ERESOLVE       [Object], [Object], [Object], [Object], [Object], [Object],
56 warn ERESOLVE       [Object], [Object], [Object], [Object], [Object], [Object],
56 warn ERESOLVE       [Object], [Object], [Object], [Object], [Object], [Object],
56 warn ERESOLVE       [Object]
56 warn ERESOLVE     ]
56 warn ERESOLVE   }
56 warn ERESOLVE }
57 warn ERESOLVE overriding peer dependency {
57 warn ERESOLVE   code: 'ERESOLVE',
57 warn ERESOLVE   edge: {
57 warn ERESOLVE     type: 'peer',
57 warn ERESOLVE     name: 'react',
57 warn ERESOLVE     spec: '^16.8 || ^17.0 || ^18.0 || ^19.0 || ^19.0.0-rc',
57 warn ERESOLVE     from: {
57 warn ERESOLVE       name: '@radix-ui/react-scroll-area',
57 warn ERESOLVE       version: '1.2.3',
57 warn ERESOLVE       location: 'node_modules/@radix-ui/react-scroll-area',
57 warn ERESOLVE       isWorkspace: false,
57 warn ERESOLVE       dependents: [Array]
57 warn ERESOLVE     }
57 warn ERESOLVE   },
57 warn ERESOLVE   dep: {
57 warn ERESOLVE     name: 'react',
57 warn ERESOLVE     version: undefined,
57 warn ERESOLVE     errors: [ [FetchError] ],
57 warn ERESOLVE     package: {},
57 warn ERESOLVE     whileInstalling: {
57 warn ERESOLVE       name: 'react-popper',
57 warn ERESOLVE       version: '2.3.0',
57 warn ERESOLVE       path: '/Users/fujirio75/dev/w3software/node_modules/react-popper'
57 warn ERESOLVE     },
57 warn ERESOLVE     location: 'node_modules/react',
57 warn ERESOLVE     isWorkspace: false,
57 warn ERESOLVE     dependents: [ [Object] ]
57 warn ERESOLVE   },
57 warn ERESOLVE   force: false,
57 warn ERESOLVE   isMine: true,
57 warn ERESOLVE   strictPeerDeps: false,
57 warn ERESOLVE   current: {
57 warn ERESOLVE     name: 'react',
57 warn ERESOLVE     version: '19.2.0',
57 warn ERESOLVE     location: 'node_modules/react',
57 warn ERESOLVE     isWorkspace: false,
57 warn ERESOLVE     dependents: [
57 warn ERESOLVE       [Object], [Object], [Object], [Object], [Object], [Object],
57 warn ERESOLVE       [Object], [Object], [Object], [Object], [Object], [Object],
57 warn ERESOLVE       [Object], [Object], [Object], [Object], [Object], [Object],
57 warn ERESOLVE       [Object], [Object], [Object], [Object], [Object], [Object],
57 warn ERESOLVE       [Object], [Object], [Object], [Object], [Object], [Object],
57 warn ERESOLVE       [Object], [Object], [Object], [Object], [Object], [Object],
57 warn ERESOLVE       [Object], [Object], [Object], [Object], [Object], [Object],
57 warn ERESOLVE       [Object], [Object], [Object], [Object], [Object], [Object],
57 warn ERESOLVE       [Object], [Object], [Object], [Object], [Object], [Object],
57 warn ERESOLVE       [Object], [Object], [Object], [Object], [Object], [Object],
57 warn ERESOLVE       [Object], [Object], [Object], [Object], [Object], [Object],
57 warn ERESOLVE       [Object], [Object], [Object], [Object], [Object], [Object],
57 warn ERESOLVE       [Object], [Object], [Object], [Object], [Object], [Object],
57 warn ERESOLVE       [Object], [Object], [Object], [Object], [Object], [Object],
57 warn ERESOLVE       [Object], [Object], [Object], [Object], [Object], [Object],
57 warn ERESOLVE       [Object]
57 warn ERESOLVE     ]
57 warn ERESOLVE   }
57 warn ERESOLVE }
58 warn ERESOLVE overriding peer dependency {
58 warn ERESOLVE   code: 'ERESOLVE',
58 warn ERESOLVE   edge: {
58 warn ERESOLVE     type: 'peer',
58 warn ERESOLVE     name: 'react',
58 warn ERESOLVE     spec: '^16.8 || ^17.0 || ^18.0 || ^19.0 || ^19.0.0-rc',
58 warn ERESOLVE     from: {
58 warn ERESOLVE       name: '@radix-ui/react-select',
58 warn ERESOLVE       version: '2.1.6',
58 warn ERESOLVE       location: 'node_modules/@radix-ui/react-select',
58 warn ERESOLVE       isWorkspace: false,
58 warn ERESOLVE       dependents: [Array]
58 warn ERESOLVE     }
58 warn ERESOLVE   },
58 warn ERESOLVE   dep: {
58 warn ERESOLVE     name: 'react',
58 warn ERESOLVE     version: undefined,
58 warn ERESOLVE     errors: [ [FetchError] ],
58 warn ERESOLVE     package: {},
58 warn ERESOLVE     whileInstalling: {
58 warn ERESOLVE       name: 'react-popper',
58 warn ERESOLVE       version: '2.3.0',
58 warn ERESOLVE       path: '/Users/fujirio75/dev/w3software/node_modules/react-popper'
58 warn ERESOLVE     },
58 warn ERESOLVE     location: 'node_modules/react',
58 warn ERESOLVE     isWorkspace: false,
58 warn ERESOLVE     dependents: [ [Object] ]
58 warn ERESOLVE   },
58 warn ERESOLVE   force: false,
58 warn ERESOLVE   isMine: true,
58 warn ERESOLVE   strictPeerDeps: false,
58 warn ERESOLVE   current: {
58 warn ERESOLVE     name: 'react',
58 warn ERESOLVE     version: '19.2.0',
58 warn ERESOLVE     location: 'node_modules/react',
58 warn ERESOLVE     isWorkspace: false,
58 warn ERESOLVE     dependents: [
58 warn ERESOLVE       [Object], [Object], [Object], [Object], [Object], [Object],
58 warn ERESOLVE       [Object], [Object], [Object], [Object], [Object], [Object],
58 warn ERESOLVE       [Object], [Object], [Object], [Object], [Object], [Object],
58 warn ERESOLVE       [Object], [Object], [Object], [Object], [Object], [Object],
58 warn ERESOLVE       [Object], [Object], [Object], [Object], [Object], [Object],
58 warn ERESOLVE       [Object], [Object], [Object], [Object], [Object], [Object],
58 warn ERESOLVE       [Object], [Object], [Object], [Object], [Object], [Object],
58 warn ERESOLVE       [Object], [Object], [Object], [Object], [Object], [Object],
58 warn ERESOLVE       [Object], [Object], [Object], [Object], [Object], [Object],
58 warn ERESOLVE       [Object], [Object], [Object], [Object], [Object], [Object],
58 warn ERESOLVE       [Object], [Object], [Object], [Object], [Object], [Object],
58 warn ERESOLVE       [Object], [Object], [Object], [Object], [Object], [Object],
58 warn ERESOLVE       [Object], [Object], [Object], [Object], [Object], [Object],
58 warn ERESOLVE       [Object], [Object], [Object], [Object], [Object], [Object],
58 warn ERESOLVE       [Object], [Object], [Object], [Object], [Object], [Object],
58 warn ERESOLVE       [Object]
58 warn ERESOLVE     ]
58 warn ERESOLVE   }
58 warn ERESOLVE }
59 warn ERESOLVE overriding peer dependency {
59 warn ERESOLVE   code: 'ERESOLVE',
59 warn ERESOLVE   edge: {
59 warn ERESOLVE     type: 'peer',
59 warn ERESOLVE     name: 'react',
59 warn ERESOLVE     spec: '^16.8 || ^17.0 || ^18.0 || ^19.0 || ^19.0.0-rc',
59 warn ERESOLVE     from: {
59 warn ERESOLVE       name: '@radix-ui/react-separator',
59 warn ERESOLVE       version: '1.1.2',
59 warn ERESOLVE       location: 'node_modules/@radix-ui/react-separator',
59 warn ERESOLVE       isWorkspace: false,
59 warn ERESOLVE       dependents: [Array]
59 warn ERESOLVE     }
59 warn ERESOLVE   },
59 warn ERESOLVE   dep: {
59 warn ERESOLVE     name: 'react',
59 warn ERESOLVE     version: undefined,
59 warn ERESOLVE     errors: [ [FetchError] ],
59 warn ERESOLVE     package: {},
59 warn ERESOLVE     whileInstalling: {
59 warn ERESOLVE       name: 'react-popper',
59 warn ERESOLVE       version: '2.3.0',
59 warn ERESOLVE       path: '/Users/fujirio75/dev/w3software/node_modules/react-popper'
59 warn ERESOLVE     },
59 warn ERESOLVE     location: 'node_modules/react',
59 warn ERESOLVE     isWorkspace: false,
59 warn ERESOLVE     dependents: [ [Object] ]
59 warn ERESOLVE   },
59 warn ERESOLVE   force: false,
59 warn ERESOLVE   isMine: true,
59 warn ERESOLVE   strictPeerDeps: false,
59 warn ERESOLVE   current: {
59 warn ERESOLVE     name: 'react',
59 warn ERESOLVE     version: '19.2.0',
59 warn ERESOLVE     location: 'node_modules/react',
59 warn ERESOLVE     isWorkspace: false,
59 warn ERESOLVE     dependents: [
59 warn ERESOLVE       [Object], [Object], [Object], [Object], [Object], [Object],
59 warn ERESOLVE       [Object], [Object], [Object], [Object], [Object], [Object],
59 warn ERESOLVE       [Object], [Object], [Object], [Object], [Object], [Object],
59 warn ERESOLVE       [Object], [Object], [Object], [Object], [Object], [Object],
59 warn ERESOLVE       [Object], [Object], [Object], [Object], [Object], [Object],
59 warn ERESOLVE       [Object], [Object], [Object], [Object], [Object], [Object],
59 warn ERESOLVE       [Object], [Object], [Object], [Object], [Object], [Object],
59 warn ERESOLVE       [Object], [Object], [Object], [Object], [Object], [Object],
59 warn ERESOLVE       [Object], [Object], [Object], [Object], [Object], [Object],
59 warn ERESOLVE       [Object], [Object], [Object], [Object], [Object], [Object],
59 warn ERESOLVE       [Object], [Object], [Object], [Object], [Object], [Object],
59 warn ERESOLVE       [Object], [Object], [Object], [Object], [Object], [Object],
59 warn ERESOLVE       [Object], [Object], [Object], [Object], [Object], [Object],
59 warn ERESOLVE       [Object], [Object], [Object], [Object], [Object], [Object],
59 warn ERESOLVE       [Object], [Object], [Object], [Object], [Object], [Object],
59 warn ERESOLVE       [Object]
59 warn ERESOLVE     ]
59 warn ERESOLVE   }
59 warn ERESOLVE }
60 warn ERESOLVE overriding peer dependency {
60 warn ERESOLVE   code: 'ERESOLVE',
60 warn ERESOLVE   edge: {
60 warn ERESOLVE     type: 'peer',
60 warn ERESOLVE     name: 'react',
60 warn ERESOLVE     spec: '^16.8 || ^17.0 || ^18.0 || ^19.0 || ^19.0.0-rc',
60 warn ERESOLVE     from: {
60 warn ERESOLVE       name: '@radix-ui/react-slider',
60 warn ERESOLVE       version: '1.2.3',
60 warn ERESOLVE       location: 'node_modules/@radix-ui/react-slider',
60 warn ERESOLVE       isWorkspace: false,
60 warn ERESOLVE       dependents: [Array]
60 warn ERESOLVE     }
60 warn ERESOLVE   },
60 warn ERESOLVE   dep: {
60 warn ERESOLVE     name: 'react',
60 warn ERESOLVE     version: undefined,
60 warn ERESOLVE     errors: [ [FetchError] ],
60 warn ERESOLVE     package: {},
60 warn ERESOLVE     whileInstalling: {
60 warn ERESOLVE       name: 'react-popper',
60 warn ERESOLVE       version: '2.3.0',
60 warn ERESOLVE       path: '/Users/fujirio75/dev/w3software/node_modules/react-popper'
60 warn ERESOLVE     },
60 warn ERESOLVE     location: 'node_modules/react',
60 warn ERESOLVE     isWorkspace: false,
60 warn ERESOLVE     dependents: [ [Object] ]
60 warn ERESOLVE   },
60 warn ERESOLVE   force: false,
60 warn ERESOLVE   isMine: true,
60 warn ERESOLVE   strictPeerDeps: false,
60 warn ERESOLVE   current: {
60 warn ERESOLVE     name: 'react',
60 warn ERESOLVE     version: '19.2.0',
60 warn ERESOLVE     location: 'node_modules/react',
60 warn ERESOLVE     isWorkspace: false,
60 warn ERESOLVE     dependents: [
60 warn ERESOLVE       [Object], [Object], [Object], [Object], [Object], [Object],
60 warn ERESOLVE       [Object], [Object], [Object], [Object], [Object], [Object],
60 warn ERESOLVE       [Object], [Object], [Object], [Object], [Object], [Object],
60 warn ERESOLVE       [Object], [Object], [Object], [Object], [Object], [Object],
60 warn ERESOLVE       [Object], [Object], [Object], [Object], [Object], [Object],
60 warn ERESOLVE       [Object], [Object], [Object], [Object], [Object], [Object],
60 warn ERESOLVE       [Object], [Object], [Object], [Object], [Object], [Object],
60 warn ERESOLVE       [Object], [Object], [Object], [Object], [Object], [Object],
60 warn ERESOLVE       [Object], [Object], [Object], [Object], [Object], [Object],
60 warn ERESOLVE       [Object], [Object], [Object], [Object], [Object], [Object],
60 warn ERESOLVE       [Object], [Object], [Object], [Object], [Object], [Object],
60 warn ERESOLVE       [Object], [Object], [Object], [Object], [Object], [Object],
60 warn ERESOLVE       [Object], [Object], [Object], [Object], [Object], [Object],
60 warn ERESOLVE       [Object], [Object], [Object], [Object], [Object], [Object],
60 warn ERESOLVE       [Object], [Object], [Object], [Object], [Object], [Object],
60 warn ERESOLVE       [Object]
60 warn ERESOLVE     ]
60 warn ERESOLVE   }
60 warn ERESOLVE }
61 warn ERESOLVE overriding peer dependency {
61 warn ERESOLVE   code: 'ERESOLVE',
61 warn ERESOLVE   edge: {
61 warn ERESOLVE     type: 'peer',
61 warn ERESOLVE     name: 'react',
61 warn ERESOLVE     spec: '^16.8 || ^17.0 || ^18.0 || ^19.0 || ^19.0.0-rc',
61 warn ERESOLVE     from: {
61 warn ERESOLVE       name: '@radix-ui/react-slot',
61 warn ERESOLVE       version: '1.1.2',
61 warn ERESOLVE       location: 'node_modules/@radix-ui/react-slot',
61 warn ERESOLVE       isWorkspace: false,
61 warn ERESOLVE       dependents: [Array]
61 warn ERESOLVE     }
61 warn ERESOLVE   },
61 warn ERESOLVE   dep: {
61 warn ERESOLVE     name: 'react',
61 warn ERESOLVE     version: undefined,
61 warn ERESOLVE     errors: [ [FetchError] ],
61 warn ERESOLVE     package: {},
61 warn ERESOLVE     whileInstalling: {
61 warn ERESOLVE       name: 'react-popper',
61 warn ERESOLVE       version: '2.3.0',
61 warn ERESOLVE       path: '/Users/fujirio75/dev/w3software/node_modules/react-popper'
61 warn ERESOLVE     },
61 warn ERESOLVE     location: 'node_modules/react',
61 warn ERESOLVE     isWorkspace: false,
61 warn ERESOLVE     dependents: [ [Object] ]
61 warn ERESOLVE   },
61 warn ERESOLVE   force: false,
61 warn ERESOLVE   isMine: true,
61 warn ERESOLVE   strictPeerDeps: false,
61 warn ERESOLVE   current: {
61 warn ERESOLVE     name: 'react',
61 warn ERESOLVE     version: '19.2.0',
61 warn ERESOLVE     location: 'node_modules/react',
61 warn ERESOLVE     isWorkspace: false,
61 warn ERESOLVE     dependents: [
61 warn ERESOLVE       [Object], [Object], [Object], [Object], [Object], [Object],
61 warn ERESOLVE       [Object], [Object], [Object], [Object], [Object], [Object],
61 warn ERESOLVE       [Object], [Object], [Object], [Object], [Object], [Object],
61 warn ERESOLVE       [Object], [Object], [Object], [Object], [Object], [Object],
61 warn ERESOLVE       [Object], [Object], [Object], [Object], [Object], [Object],
61 warn ERESOLVE       [Object], [Object], [Object], [Object], [Object], [Object],
61 warn ERESOLVE       [Object], [Object], [Object], [Object], [Object], [Object],
61 warn ERESOLVE       [Object], [Object], [Object], [Object], [Object], [Object],
61 warn ERESOLVE       [Object], [Object], [Object], [Object], [Object], [Object],
61 warn ERESOLVE       [Object], [Object], [Object], [Object], [Object], [Object],
61 warn ERESOLVE       [Object], [Object], [Object], [Object], [Object], [Object],
61 warn ERESOLVE       [Object], [Object], [Object], [Object], [Object], [Object],
61 warn ERESOLVE       [Object], [Object], [Object], [Object], [Object], [Object],
61 warn ERESOLVE       [Object], [Object], [Object], [Object], [Object], [Object],
61 warn ERESOLVE       [Object], [Object], [Object], [Object], [Object], [Object],
61 warn ERESOLVE       [Object]
61 warn ERESOLVE     ]
61 warn ERESOLVE   }
61 warn ERESOLVE }
62 warn ERESOLVE overriding peer dependency {
62 warn ERESOLVE   code: 'ERESOLVE',
62 warn ERESOLVE   edge: {
62 warn ERESOLVE     type: 'peer',
62 warn ERESOLVE     name: 'react',
62 warn ERESOLVE     spec: '^16.8 || ^17.0 || ^18.0 || ^19.0 || ^19.0.0-rc',
62 warn ERESOLVE     from: {
62 warn ERESOLVE       name: '@radix-ui/react-switch',
62 warn ERESOLVE       version: '1.1.3',
62 warn ERESOLVE       location: 'node_modules/@radix-ui/react-switch',
62 warn ERESOLVE       isWorkspace: false,
62 warn ERESOLVE       dependents: [Array]
62 warn ERESOLVE     }
62 warn ERESOLVE   },
62 warn ERESOLVE   dep: {
62 warn ERESOLVE     name: 'react',
62 warn ERESOLVE     version: undefined,
62 warn ERESOLVE     errors: [ [FetchError] ],
62 warn ERESOLVE     package: {},
62 warn ERESOLVE     whileInstalling: {
62 warn ERESOLVE       name: 'react-popper',
62 warn ERESOLVE       version: '2.3.0',
62 warn ERESOLVE       path: '/Users/fujirio75/dev/w3software/node_modules/react-popper'
62 warn ERESOLVE     },
62 warn ERESOLVE     location: 'node_modules/react',
62 warn ERESOLVE     isWorkspace: false,
62 warn ERESOLVE     dependents: [ [Object] ]
62 warn ERESOLVE   },
62 warn ERESOLVE   force: false,
62 warn ERESOLVE   isMine: true,
62 warn ERESOLVE   strictPeerDeps: false,
62 warn ERESOLVE   current: {
62 warn ERESOLVE     name: 'react',
62 warn ERESOLVE     version: '19.2.0',
62 warn ERESOLVE     location: 'node_modules/react',
62 warn ERESOLVE     isWorkspace: false,
62 warn ERESOLVE     dependents: [
62 warn ERESOLVE       [Object], [Object], [Object], [Object], [Object], [Object],
62 warn ERESOLVE       [Object], [Object], [Object], [Object], [Object], [Object],
62 warn ERESOLVE       [Object], [Object], [Object], [Object], [Object], [Object],
62 warn ERESOLVE       [Object], [Object], [Object], [Object], [Object], [Object],
62 warn ERESOLVE       [Object], [Object], [Object], [Object], [Object], [Object],
62 warn ERESOLVE       [Object], [Object], [Object], [Object], [Object], [Object],
62 warn ERESOLVE       [Object], [Object], [Object], [Object], [Object], [Object],
62 warn ERESOLVE       [Object], [Object], [Object], [Object], [Object], [Object],
62 warn ERESOLVE       [Object], [Object], [Object], [Object], [Object], [Object],
62 warn ERESOLVE       [Object], [Object], [Object], [Object], [Object], [Object],
62 warn ERESOLVE       [Object], [Object], [Object], [Object], [Object], [Object],
62 warn ERESOLVE       [Object], [Object], [Object], [Object], [Object], [Object],
62 warn ERESOLVE       [Object], [Object], [Object], [Object], [Object], [Object],
62 warn ERESOLVE       [Object], [Object], [Object], [Object], [Object], [Object],
62 warn ERESOLVE       [Object], [Object], [Object], [Object], [Object], [Object],
62 warn ERESOLVE       [Object]
62 warn ERESOLVE     ]
62 warn ERESOLVE   }
62 warn ERESOLVE }
63 warn ERESOLVE overriding peer dependency {
63 warn ERESOLVE   code: 'ERESOLVE',
63 warn ERESOLVE   edge: {
63 warn ERESOLVE     type: 'peer',
63 warn ERESOLVE     name: 'react',
63 warn ERESOLVE     spec: '^16.8 || ^17.0 || ^18.0 || ^19.0 || ^19.0.0-rc',
63 warn ERESOLVE     from: {
63 warn ERESOLVE       name: '@radix-ui/react-tabs',
63 warn ERESOLVE       version: '1.1.3',
63 warn ERESOLVE       location: 'node_modules/@radix-ui/react-tabs',
63 warn ERESOLVE       isWorkspace: false,
63 warn ERESOLVE       dependents: [Array]
63 warn ERESOLVE     }
63 warn ERESOLVE   },
63 warn ERESOLVE   dep: {
63 warn ERESOLVE     name: 'react',
63 warn ERESOLVE     version: undefined,
63 warn ERESOLVE     errors: [ [FetchError] ],
63 warn ERESOLVE     package: {},
63 warn ERESOLVE     whileInstalling: {
63 warn ERESOLVE       name: 'react-popper',
63 warn ERESOLVE       version: '2.3.0',
63 warn ERESOLVE       path: '/Users/fujirio75/dev/w3software/node_modules/react-popper'
63 warn ERESOLVE     },
63 warn ERESOLVE     location: 'node_modules/react',
63 warn ERESOLVE     isWorkspace: false,
63 warn ERESOLVE     dependents: [ [Object] ]
63 warn ERESOLVE   },
63 warn ERESOLVE   force: false,
63 warn ERESOLVE   isMine: true,
63 warn ERESOLVE   strictPeerDeps: false,
63 warn ERESOLVE   current: {
63 warn ERESOLVE     name: 'react',
63 warn ERESOLVE     version: '19.2.0',
63 warn ERESOLVE     location: 'node_modules/react',
63 warn ERESOLVE     isWorkspace: false,
63 warn ERESOLVE     dependents: [
63 warn ERESOLVE       [Object], [Object], [Object], [Object], [Object], [Object],
63 warn ERESOLVE       [Object], [Object], [Object], [Object], [Object], [Object],
63 warn ERESOLVE       [Object], [Object], [Object], [Object], [Object], [Object],
63 warn ERESOLVE       [Object], [Object], [Object], [Object], [Object], [Object],
63 warn ERESOLVE       [Object], [Object], [Object], [Object], [Object], [Object],
63 warn ERESOLVE       [Object], [Object], [Object], [Object], [Object], [Object],
63 warn ERESOLVE       [Object], [Object], [Object], [Object], [Object], [Object],
63 warn ERESOLVE       [Object], [Object], [Object], [Object], [Object], [Object],
63 warn ERESOLVE       [Object], [Object], [Object], [Object], [Object], [Object],
63 warn ERESOLVE       [Object], [Object], [Object], [Object], [Object], [Object],
63 warn ERESOLVE       [Object], [Object], [Object], [Object], [Object], [Object],
63 warn ERESOLVE       [Object], [Object], [Object], [Object], [Object], [Object],
63 warn ERESOLVE       [Object], [Object], [Object], [Object], [Object], [Object],
63 warn ERESOLVE       [Object], [Object], [Object], [Object], [Object], [Object],
63 warn ERESOLVE       [Object], [Object], [Object], [Object], [Object], [Object],
63 warn ERESOLVE       [Object]
63 warn ERESOLVE     ]
63 warn ERESOLVE   }
63 warn ERESOLVE }
64 warn ERESOLVE overriding peer dependency {
64 warn ERESOLVE   code: 'ERESOLVE',
64 warn ERESOLVE   edge: {
64 warn ERESOLVE     type: 'peer',
64 warn ERESOLVE     name: 'react',
64 warn ERESOLVE     spec: '^16.8 || ^17.0 || ^18.0 || ^19.0 || ^19.0.0-rc',
64 warn ERESOLVE     from: {
64 warn ERESOLVE       name: '@radix-ui/react-toggle',
64 warn ERESOLVE       version: '1.1.2',
64 warn ERESOLVE       location: 'node_modules/@radix-ui/react-toggle',
64 warn ERESOLVE       isWorkspace: false,
64 warn ERESOLVE       dependents: [Array]
64 warn ERESOLVE     }
64 warn ERESOLVE   },
64 warn ERESOLVE   dep: {
64 warn ERESOLVE     name: 'react',
64 warn ERESOLVE     version: undefined,
64 warn ERESOLVE     errors: [ [FetchError] ],
64 warn ERESOLVE     package: {},
64 warn ERESOLVE     whileInstalling: {
64 warn ERESOLVE       name: 'react-popper',
64 warn ERESOLVE       version: '2.3.0',
64 warn ERESOLVE       path: '/Users/fujirio75/dev/w3software/node_modules/react-popper'
64 warn ERESOLVE     },
64 warn ERESOLVE     location: 'node_modules/react',
64 warn ERESOLVE     isWorkspace: false,
64 warn ERESOLVE     dependents: [ [Object] ]
64 warn ERESOLVE   },
64 warn ERESOLVE   force: false,
64 warn ERESOLVE   isMine: true,
64 warn ERESOLVE   strictPeerDeps: false,
64 warn ERESOLVE   current: {
64 warn ERESOLVE     name: 'react',
64 warn ERESOLVE     version: '19.2.0',
64 warn ERESOLVE     location: 'node_modules/react',
64 warn ERESOLVE     isWorkspace: false,
64 warn ERESOLVE     dependents: [
64 warn ERESOLVE       [Object], [Object], [Object], [Object], [Object], [Object],
64 warn ERESOLVE       [Object], [Object], [Object], [Object], [Object], [Object],
64 warn ERESOLVE       [Object], [Object], [Object], [Object], [Object], [Object],
64 warn ERESOLVE       [Object], [Object], [Object], [Object], [Object], [Object],
64 warn ERESOLVE       [Object], [Object], [Object], [Object], [Object], [Object],
64 warn ERESOLVE       [Object], [Object], [Object], [Object], [Object], [Object],
64 warn ERESOLVE       [Object], [Object], [Object], [Object], [Object], [Object],
64 warn ERESOLVE       [Object], [Object], [Object], [Object], [Object], [Object],
64 warn ERESOLVE       [Object], [Object], [Object], [Object], [Object], [Object],
64 warn ERESOLVE       [Object], [Object], [Object], [Object], [Object], [Object],
64 warn ERESOLVE       [Object], [Object], [Object], [Object], [Object], [Object],
64 warn ERESOLVE       [Object], [Object], [Object], [Object], [Object], [Object],
64 warn ERESOLVE       [Object], [Object], [Object], [Object], [Object], [Object],
64 warn ERESOLVE       [Object], [Object], [Object], [Object], [Object], [Object],
64 warn ERESOLVE       [Object], [Object], [Object], [Object], [Object], [Object],
64 warn ERESOLVE       [Object]
64 warn ERESOLVE     ]
64 warn ERESOLVE   }
64 warn ERESOLVE }
65 warn ERESOLVE overriding peer dependency {
65 warn ERESOLVE   code: 'ERESOLVE',
65 warn ERESOLVE   edge: {
65 warn ERESOLVE     type: 'peer',
65 warn ERESOLVE     name: 'react',
65 warn ERESOLVE     spec: '^16.8 || ^17.0 || ^18.0 || ^19.0 || ^19.0.0-rc',
65 warn ERESOLVE     from: {
65 warn ERESOLVE       name: '@radix-ui/react-toggle-group',
65 warn ERESOLVE       version: '1.1.2',
65 warn ERESOLVE       location: 'node_modules/@radix-ui/react-toggle-group',
65 warn ERESOLVE       isWorkspace: false,
65 warn ERESOLVE       dependents: [Array]
65 warn ERESOLVE     }
65 warn ERESOLVE   },
65 warn ERESOLVE   dep: {
65 warn ERESOLVE     name: 'react',
65 warn ERESOLVE     version: undefined,
65 warn ERESOLVE     errors: [ [FetchError] ],
65 warn ERESOLVE     package: {},
65 warn ERESOLVE     whileInstalling: {
65 warn ERESOLVE       name: 'react-popper',
65 warn ERESOLVE       version: '2.3.0',
65 warn ERESOLVE       path: '/Users/fujirio75/dev/w3software/node_modules/react-popper'
65 warn ERESOLVE     },
65 warn ERESOLVE     location: 'node_modules/react',
65 warn ERESOLVE     isWorkspace: false,
65 warn ERESOLVE     dependents: [ [Object] ]
65 warn ERESOLVE   },
65 warn ERESOLVE   force: false,
65 warn ERESOLVE   isMine: true,
65 warn ERESOLVE   strictPeerDeps: false,
65 warn ERESOLVE   current: {
65 warn ERESOLVE     name: 'react',
65 warn ERESOLVE     version: '19.2.0',
65 warn ERESOLVE     location: 'node_modules/react',
65 warn ERESOLVE     isWorkspace: false,
65 warn ERESOLVE     dependents: [
65 warn ERESOLVE       [Object], [Object], [Object], [Object], [Object], [Object],
65 warn ERESOLVE       [Object], [Object], [Object], [Object], [Object], [Object],
65 warn ERESOLVE       [Object], [Object], [Object], [Object], [Object], [Object],
65 warn ERESOLVE       [Object], [Object], [Object], [Object], [Object], [Object],
65 warn ERESOLVE       [Object], [Object], [Object], [Object], [Object], [Object],
65 warn ERESOLVE       [Object], [Object], [Object], [Object], [Object], [Object],
65 warn ERESOLVE       [Object], [Object], [Object], [Object], [Object], [Object],
65 warn ERESOLVE       [Object], [Object], [Object], [Object], [Object], [Object],
65 warn ERESOLVE       [Object], [Object], [Object], [Object], [Object], [Object],
65 warn ERESOLVE       [Object], [Object], [Object], [Object], [Object], [Object],
65 warn ERESOLVE       [Object], [Object], [Object], [Object], [Object], [Object],
65 warn ERESOLVE       [Object], [Object], [Object], [Object], [Object], [Object],
65 warn ERESOLVE       [Object], [Object], [Object], [Object], [Object], [Object],
65 warn ERESOLVE       [Object], [Object], [Object], [Object], [Object], [Object],
65 warn ERESOLVE       [Object], [Object], [Object], [Object], [Object], [Object],
65 warn ERESOLVE       [Object]
65 warn ERESOLVE     ]
65 warn ERESOLVE   }
65 warn ERESOLVE }
66 warn ERESOLVE overriding peer dependency {
66 warn ERESOLVE   code: 'ERESOLVE',
66 warn ERESOLVE   edge: {
66 warn ERESOLVE     type: 'peer',
66 warn ERESOLVE     name: 'react',
66 warn ERESOLVE     spec: '^16.8 || ^17.0 || ^18.0 || ^19.0 || ^19.0.0-rc',
66 warn ERESOLVE     from: {
66 warn ERESOLVE       name: '@radix-ui/react-tooltip',
66 warn ERESOLVE       version: '1.1.8',
66 warn ERESOLVE       location: 'node_modules/@radix-ui/react-tooltip',
66 warn ERESOLVE       isWorkspace: false,
66 warn ERESOLVE       dependents: [Array]
66 warn ERESOLVE     }
66 warn ERESOLVE   },
66 warn ERESOLVE   dep: {
66 warn ERESOLVE     name: 'react',
66 warn ERESOLVE     version: undefined,
66 warn ERESOLVE     errors: [ [FetchError] ],
66 warn ERESOLVE     package: {},
66 warn ERESOLVE     whileInstalling: {
66 warn ERESOLVE       name: 'react-popper',
66 warn ERESOLVE       version: '2.3.0',
66 warn ERESOLVE       path: '/Users/fujirio75/dev/w3software/node_modules/react-popper'
66 warn ERESOLVE     },
66 warn ERESOLVE     location: 'node_modules/react',
66 warn ERESOLVE     isWorkspace: false,
66 warn ERESOLVE     dependents: [ [Object] ]
66 warn ERESOLVE   },
66 warn ERESOLVE   force: false,
66 warn ERESOLVE   isMine: true,
66 warn ERESOLVE   strictPeerDeps: false,
66 warn ERESOLVE   current: {
66 warn ERESOLVE     name: 'react',
66 warn ERESOLVE     version: '19.2.0',
66 warn ERESOLVE     location: 'node_modules/react',
66 warn ERESOLVE     isWorkspace: false,
66 warn ERESOLVE     dependents: [
66 warn ERESOLVE       [Object], [Object], [Object], [Object], [Object], [Object],
66 warn ERESOLVE       [Object], [Object], [Object], [Object], [Object], [Object],
66 warn ERESOLVE       [Object], [Object], [Object], [Object], [Object], [Object],
66 warn ERESOLVE       [Object], [Object], [Object], [Object], [Object], [Object],
66 warn ERESOLVE       [Object], [Object], [Object], [Object], [Object], [Object],
66 warn ERESOLVE       [Object], [Object], [Object], [Object], [Object], [Object],
66 warn ERESOLVE       [Object], [Object], [Object], [Object], [Object], [Object],
66 warn ERESOLVE       [Object], [Object], [Object], [Object], [Object], [Object],
66 warn ERESOLVE       [Object], [Object], [Object], [Object], [Object], [Object],
66 warn ERESOLVE       [Object], [Object], [Object], [Object], [Object], [Object],
66 warn ERESOLVE       [Object], [Object], [Object], [Object], [Object], [Object],
66 warn ERESOLVE       [Object], [Object], [Object], [Object], [Object], [Object],
66 warn ERESOLVE       [Object], [Object], [Object], [Object], [Object], [Object],
66 warn ERESOLVE       [Object], [Object], [Object], [Object], [Object], [Object],
66 warn ERESOLVE       [Object], [Object], [Object], [Object], [Object], [Object],
66 warn ERESOLVE       [Object]
66 warn ERESOLVE     ]
66 warn ERESOLVE   }
66 warn ERESOLVE }
67 warn ERESOLVE overriding peer dependency {
67 warn ERESOLVE   code: 'ERESOLVE',
67 warn ERESOLVE   edge: {
67 warn ERESOLVE     type: 'peer',
67 warn ERESOLVE     name: 'react',
67 warn ERESOLVE     spec: '^19',
67 warn ERESOLVE     from: {
67 warn ERESOLVE       name: '@react-three/drei',
67 warn ERESOLVE       version: '10.7.7',
67 warn ERESOLVE       location: 'node_modules/@react-three/drei',
67 warn ERESOLVE       isWorkspace: false,
67 warn ERESOLVE       dependents: [Array]
67 warn ERESOLVE     }
67 warn ERESOLVE   },
67 warn ERESOLVE   dep: {
67 warn ERESOLVE     name: 'react',
67 warn ERESOLVE     version: undefined,
67 warn ERESOLVE     errors: [ [FetchError] ],
67 warn ERESOLVE     package: {},
67 warn ERESOLVE     whileInstalling: {
67 warn ERESOLVE       name: 'react-popper',
67 warn ERESOLVE       version: '2.3.0',
67 warn ERESOLVE       path: '/Users/fujirio75/dev/w3software/node_modules/react-popper'
67 warn ERESOLVE     },
67 warn ERESOLVE     location: 'node_modules/react',
67 warn ERESOLVE     isWorkspace: false,
67 warn ERESOLVE     dependents: [ [Object] ]
67 warn ERESOLVE   },
67 warn ERESOLVE   force: false,
67 warn ERESOLVE   isMine: true,
67 warn ERESOLVE   strictPeerDeps: false,
67 warn ERESOLVE   current: {
67 warn ERESOLVE     name: 'react',
67 warn ERESOLVE     version: '19.2.0',
67 warn ERESOLVE     location: 'node_modules/react',
67 warn ERESOLVE     isWorkspace: false,
67 warn ERESOLVE     dependents: [
67 warn ERESOLVE       [Object], [Object], [Object], [Object], [Object], [Object],
67 warn ERESOLVE       [Object], [Object], [Object], [Object], [Object], [Object],
67 warn ERESOLVE       [Object], [Object], [Object], [Object], [Object], [Object],
67 warn ERESOLVE       [Object], [Object], [Object], [Object], [Object], [Object],
67 warn ERESOLVE       [Object], [Object], [Object], [Object], [Object], [Object],
67 warn ERESOLVE       [Object], [Object], [Object], [Object], [Object], [Object],
67 warn ERESOLVE       [Object], [Object], [Object], [Object], [Object], [Object],
67 warn ERESOLVE       [Object], [Object], [Object], [Object], [Object], [Object],
67 warn ERESOLVE       [Object], [Object], [Object], [Object], [Object], [Object],
67 warn ERESOLVE       [Object], [Object], [Object], [Object], [Object], [Object],
67 warn ERESOLVE       [Object], [Object], [Object], [Object], [Object], [Object],
67 warn ERESOLVE       [Object], [Object], [Object], [Object], [Object], [Object],
67 warn ERESOLVE       [Object], [Object], [Object], [Object], [Object], [Object],
67 warn ERESOLVE       [Object], [Object], [Object], [Object], [Object], [Object],
67 warn ERESOLVE       [Object], [Object], [Object], [Object], [Object], [Object],
67 warn ERESOLVE       [Object]
67 warn ERESOLVE     ]
67 warn ERESOLVE   }
67 warn ERESOLVE }
68 warn ERESOLVE overriding peer dependency {
68 warn ERESOLVE   code: 'ERESOLVE',
68 warn ERESOLVE   edge: {
68 warn ERESOLVE     type: 'peer',
68 warn ERESOLVE     name: 'react',
68 warn ERESOLVE     spec: '>=19 <19.3',
68 warn ERESOLVE     from: {
68 warn ERESOLVE       name: '@react-three/fiber',
68 warn ERESOLVE       version: '9.5.0',
68 warn ERESOLVE       location: 'node_modules/@react-three/fiber',
68 warn ERESOLVE       isWorkspace: false,
68 warn ERESOLVE       dependents: [Array]
68 warn ERESOLVE     }
68 warn ERESOLVE   },
68 warn ERESOLVE   dep: {
68 warn ERESOLVE     name: 'react',
68 warn ERESOLVE     version: undefined,
68 warn ERESOLVE     errors: [ [FetchError] ],
68 warn ERESOLVE     package: {},
68 warn ERESOLVE     whileInstalling: {
68 warn ERESOLVE       name: 'react-popper',
68 warn ERESOLVE       version: '2.3.0',
68 warn ERESOLVE       path: '/Users/fujirio75/dev/w3software/node_modules/react-popper'
68 warn ERESOLVE     },
68 warn ERESOLVE     location: 'node_modules/react',
68 warn ERESOLVE     isWorkspace: false,
68 warn ERESOLVE     dependents: [ [Object] ]
68 warn ERESOLVE   },
68 warn ERESOLVE   force: false,
68 warn ERESOLVE   isMine: true,
68 warn ERESOLVE   strictPeerDeps: false,
68 warn ERESOLVE   current: {
68 warn ERESOLVE     name: 'react',
68 warn ERESOLVE     version: '19.2.0',
68 warn ERESOLVE     location: 'node_modules/react',
68 warn ERESOLVE     isWorkspace: false,
68 warn ERESOLVE     dependents: [
68 warn ERESOLVE       [Object], [Object], [Object], [Object], [Object], [Object],
68 warn ERESOLVE       [Object], [Object], [Object], [Object], [Object], [Object],
68 warn ERESOLVE       [Object], [Object], [Object], [Object], [Object], [Object],
68 warn ERESOLVE       [Object], [Object], [Object], [Object], [Object], [Object],
68 warn ERESOLVE       [Object], [Object], [Object], [Object], [Object], [Object],
68 warn ERESOLVE       [Object], [Object], [Object], [Object], [Object], [Object],
68 warn ERESOLVE       [Object], [Object], [Object], [Object], [Object], [Object],
68 warn ERESOLVE       [Object], [Object], [Object], [Object], [Object], [Object],
68 warn ERESOLVE       [Object], [Object], [Object], [Object], [Object], [Object],
68 warn ERESOLVE       [Object], [Object], [Object], [Object], [Object], [Object],
68 warn ERESOLVE       [Object], [Object], [Object], [Object], [Object], [Object],
68 warn ERESOLVE       [Object], [Object], [Object], [Object], [Object], [Object],
68 warn ERESOLVE       [Object], [Object], [Object], [Object], [Object], [Object],
68 warn ERESOLVE       [Object], [Object], [Object], [Object], [Object], [Object],
68 warn ERESOLVE       [Object], [Object], [Object], [Object], [Object], [Object],
68 warn ERESOLVE       [Object]
68 warn ERESOLVE     ]
68 warn ERESOLVE   }
68 warn ERESOLVE }
69 warn ERESOLVE overriding peer dependency {
69 warn ERESOLVE   code: 'ERESOLVE',
69 warn ERESOLVE   edge: {
69 warn ERESOLVE     type: 'peer',
69 warn ERESOLVE     name: 'react',
69 warn ERESOLVE     spec: '>=19 <19.3',
69 warn ERESOLVE     from: {
69 warn ERESOLVE       name: '@react-three/fiber',
69 warn ERESOLVE       version: '9.5.0',
69 warn ERESOLVE       location: 'node_modules/@react-three/fiber',
69 warn ERESOLVE       isWorkspace: false,
69 warn ERESOLVE       dependents: [Array]
69 warn ERESOLVE     }
69 warn ERESOLVE   },
69 warn ERESOLVE   dep: {
69 warn ERESOLVE     name: 'react',
69 warn ERESOLVE     version: undefined,
69 warn ERESOLVE     errors: [ [FetchError] ],
69 warn ERESOLVE     package: {},
69 warn ERESOLVE     whileInstalling: {
69 warn ERESOLVE       name: 'react-popper',
69 warn ERESOLVE       version: '2.3.0',
69 warn ERESOLVE       path: '/Users/fujirio75/dev/w3software/node_modules/react-popper'
69 warn ERESOLVE     },
69 warn ERESOLVE     location: 'node_modules/react',
69 warn ERESOLVE     isWorkspace: false,
69 warn ERESOLVE     dependents: [ [Object] ]
69 warn ERESOLVE   },
69 warn ERESOLVE   force: false,
69 warn ERESOLVE   isMine: true,
69 warn ERESOLVE   strictPeerDeps: false,
69 warn ERESOLVE   current: {
69 warn ERESOLVE     name: 'react',
69 warn ERESOLVE     version: '19.2.0',
69 warn ERESOLVE     location: 'node_modules/react',
69 warn ERESOLVE     isWorkspace: false,
69 warn ERESOLVE     dependents: [
69 warn ERESOLVE       [Object], [Object], [Object], [Object], [Object], [Object],
69 warn ERESOLVE       [Object], [Object], [Object], [Object], [Object], [Object],
69 warn ERESOLVE       [Object], [Object], [Object], [Object], [Object], [Object],
69 warn ERESOLVE       [Object], [Object], [Object], [Object], [Object], [Object],
69 warn ERESOLVE       [Object], [Object], [Object], [Object], [Object], [Object],
69 warn ERESOLVE       [Object], [Object], [Object], [Object], [Object], [Object],
69 warn ERESOLVE       [Object], [Object], [Object], [Object], [Object], [Object],
69 warn ERESOLVE       [Object], [Object], [Object], [Object], [Object], [Object],
69 warn ERESOLVE       [Object], [Object], [Object], [Object], [Object], [Object],
69 warn ERESOLVE       [Object], [Object], [Object], [Object], [Object], [Object],
69 warn ERESOLVE       [Object], [Object], [Object], [Object], [Object], [Object],
69 warn ERESOLVE       [Object], [Object], [Object], [Object], [Object], [Object],
69 warn ERESOLVE       [Object], [Object], [Object], [Object], [Object], [Object],
69 warn ERESOLVE       [Object], [Object], [Object], [Object], [Object], [Object],
69 warn ERESOLVE       [Object], [Object], [Object], [Object], [Object], [Object],
69 warn ERESOLVE       [Object]
69 warn ERESOLVE     ]
69 warn ERESOLVE   }
69 warn ERESOLVE }
70 warn ERESOLVE overriding peer dependency {
70 warn ERESOLVE   code: 'ERESOLVE',
70 warn ERESOLVE   edge: {
70 warn ERESOLVE     type: 'peer',
70 warn ERESOLVE     name: 'react',
70 warn ERESOLVE     spec: '^18 || ^19 || ^19.0.0-rc',
70 warn ERESOLVE     from: {
70 warn ERESOLVE       name: 'cmdk',
70 warn ERESOLVE       version: '1.1.1',
70 warn ERESOLVE       location: 'node_modules/cmdk',
70 warn ERESOLVE       isWorkspace: false,
70 warn ERESOLVE       dependents: [Array]
70 warn ERESOLVE     }
70 warn ERESOLVE   },
70 warn ERESOLVE   dep: {
70 warn ERESOLVE     name: 'react',
70 warn ERESOLVE     version: undefined,
70 warn ERESOLVE     errors: [ [FetchError] ],
70 warn ERESOLVE     package: {},
70 warn ERESOLVE     whileInstalling: {
70 warn ERESOLVE       name: 'react-popper',
70 warn ERESOLVE       version: '2.3.0',
70 warn ERESOLVE       path: '/Users/fujirio75/dev/w3software/node_modules/react-popper'
70 warn ERESOLVE     },
70 warn ERESOLVE     location: 'node_modules/react',
70 warn ERESOLVE     isWorkspace: false,
70 warn ERESOLVE     dependents: [ [Object] ]
70 warn ERESOLVE   },
70 warn ERESOLVE   force: false,
70 warn ERESOLVE   isMine: true,
70 warn ERESOLVE   strictPeerDeps: false,
70 warn ERESOLVE   current: {
70 warn ERESOLVE     name: 'react',
70 warn ERESOLVE     version: '19.2.0',
70 warn ERESOLVE     location: 'node_modules/react',
70 warn ERESOLVE     isWorkspace: false,
70 warn ERESOLVE     dependents: [
70 warn ERESOLVE       [Object], [Object], [Object], [Object], [Object], [Object],
70 warn ERESOLVE       [Object], [Object], [Object], [Object], [Object], [Object],
70 warn ERESOLVE       [Object], [Object], [Object], [Object], [Object], [Object],
70 warn ERESOLVE       [Object], [Object], [Object], [Object], [Object], [Object],
70 warn ERESOLVE       [Object], [Object], [Object], [Object], [Object], [Object],
70 warn ERESOLVE       [Object], [Object], [Object], [Object], [Object], [Object],
70 warn ERESOLVE       [Object], [Object], [Object], [Object], [Object], [Object],
70 warn ERESOLVE       [Object], [Object], [Object], [Object], [Object], [Object],
70 warn ERESOLVE       [Object], [Object], [Object], [Object], [Object], [Object],
70 warn ERESOLVE       [Object], [Object], [Object], [Object], [Object], [Object],
70 warn ERESOLVE       [Object], [Object], [Object], [Object], [Object], [Object],
70 warn ERESOLVE       [Object], [Object], [Object], [Object], [Object], [Object],
70 warn ERESOLVE       [Object], [Object], [Object], [Object], [Object], [Object],
70 warn ERESOLVE       [Object], [Object], [Object], [Object], [Object], [Object],
70 warn ERESOLVE       [Object], [Object], [Object], [Object], [Object], [Object],
70 warn ERESOLVE       [Object]
70 warn ERESOLVE     ]
70 warn ERESOLVE   }
70 warn ERESOLVE }
71 warn ERESOLVE overriding peer dependency {
71 warn ERESOLVE   code: 'ERESOLVE',
71 warn ERESOLVE   edge: {
71 warn ERESOLVE     type: 'peer',
71 warn ERESOLVE     name: 'react',
71 warn ERESOLVE     spec: '^16.8.0 || ^17.0.1 || ^18.0.0 || ^19.0.0 || ^19.0.0-rc',
71 warn ERESOLVE     from: {
71 warn ERESOLVE       name: 'embla-carousel-react',
71 warn ERESOLVE       version: '8.6.0',
71 warn ERESOLVE       location: 'node_modules/embla-carousel-react',
71 warn ERESOLVE       isWorkspace: false,
71 warn ERESOLVE       dependents: [Array]
71 warn ERESOLVE     }
71 warn ERESOLVE   },
71 warn ERESOLVE   dep: {
71 warn ERESOLVE     name: 'react',
71 warn ERESOLVE     version: undefined,
71 warn ERESOLVE     errors: [ [FetchError] ],
71 warn ERESOLVE     package: {},
71 warn ERESOLVE     whileInstalling: {
71 warn ERESOLVE       name: 'react-popper',
71 warn ERESOLVE       version: '2.3.0',
71 warn ERESOLVE       path: '/Users/fujirio75/dev/w3software/node_modules/react-popper'
71 warn ERESOLVE     },
71 warn ERESOLVE     location: 'node_modules/react',
71 warn ERESOLVE     isWorkspace: false,
71 warn ERESOLVE     dependents: [ [Object] ]
71 warn ERESOLVE   },
71 warn ERESOLVE   force: false,
71 warn ERESOLVE   isMine: true,
71 warn ERESOLVE   strictPeerDeps: false,
71 warn ERESOLVE   current: {
71 warn ERESOLVE     name: 'react',
71 warn ERESOLVE     version: '19.2.0',
71 warn ERESOLVE     location: 'node_modules/react',
71 warn ERESOLVE     isWorkspace: false,
71 warn ERESOLVE     dependents: [
71 warn ERESOLVE       [Object], [Object], [Object], [Object], [Object], [Object],
71 warn ERESOLVE       [Object], [Object], [Object], [Object], [Object], [Object],
71 warn ERESOLVE       [Object], [Object], [Object], [Object], [Object], [Object],
71 warn ERESOLVE       [Object], [Object], [Object], [Object], [Object], [Object],
71 warn ERESOLVE       [Object], [Object], [Object], [Object], [Object], [Object],
71 warn ERESOLVE       [Object], [Object], [Object], [Object], [Object], [Object],
71 warn ERESOLVE       [Object], [Object], [Object], [Object], [Object], [Object],
71 warn ERESOLVE       [Object], [Object], [Object], [Object], [Object], [Object],
71 warn ERESOLVE       [Object], [Object], [Object], [Object], [Object], [Object],
71 warn ERESOLVE       [Object], [Object], [Object], [Object], [Object], [Object],
71 warn ERESOLVE       [Object], [Object], [Object], [Object], [Object], [Object],
71 warn ERESOLVE       [Object], [Object], [Object], [Object], [Object], [Object],
71 warn ERESOLVE       [Object], [Object], [Object], [Object], [Object], [Object],
71 warn ERESOLVE       [Object], [Object], [Object], [Object], [Object], [Object],
71 warn ERESOLVE       [Object], [Object], [Object], [Object], [Object], [Object],
71 warn ERESOLVE       [Object]
71 warn ERESOLVE     ]
71 warn ERESOLVE   }
71 warn ERESOLVE }
72 warn ERESOLVE overriding peer dependency {
72 warn ERESOLVE   code: 'ERESOLVE',
72 warn ERESOLVE   edge: {
72 warn ERESOLVE     type: 'peer',
72 warn ERESOLVE     name: 'react',
72 warn ERESOLVE     spec: '^16.8 || ^17.0 || ^18.0 || ^19.0.0 || ^19.0.0-rc',
72 warn ERESOLVE     from: {
72 warn ERESOLVE       name: 'input-otp',
72 warn ERESOLVE       version: '1.4.2',
72 warn ERESOLVE       location: 'node_modules/input-otp',
72 warn ERESOLVE       isWorkspace: false,
72 warn ERESOLVE       dependents: [Array]
72 warn ERESOLVE     }
72 warn ERESOLVE   },
72 warn ERESOLVE   dep: {
72 warn ERESOLVE     name: 'react',
72 warn ERESOLVE     version: undefined,
72 warn ERESOLVE     errors: [ [FetchError] ],
72 warn ERESOLVE     package: {},
72 warn ERESOLVE     whileInstalling: {
72 warn ERESOLVE       name: 'react-popper',
72 warn ERESOLVE       version: '2.3.0',
72 warn ERESOLVE       path: '/Users/fujirio75/dev/w3software/node_modules/react-popper'
72 warn ERESOLVE     },
72 warn ERESOLVE     location: 'node_modules/react',
72 warn ERESOLVE     isWorkspace: false,
72 warn ERESOLVE     dependents: [ [Object] ]
72 warn ERESOLVE   },
72 warn ERESOLVE   force: false,
72 warn ERESOLVE   isMine: true,
72 warn ERESOLVE   strictPeerDeps: false,
72 warn ERESOLVE   current: {
72 warn ERESOLVE     name: 'react',
72 warn ERESOLVE     version: '19.2.0',
72 warn ERESOLVE     location: 'node_modules/react',
72 warn ERESOLVE     isWorkspace: false,
72 warn ERESOLVE     dependents: [
72 warn ERESOLVE       [Object], [Object], [Object], [Object], [Object], [Object],
72 warn ERESOLVE       [Object], [Object], [Object], [Object], [Object], [Object],
72 warn ERESOLVE       [Object], [Object], [Object], [Object], [Object], [Object],
72 warn ERESOLVE       [Object], [Object], [Object], [Object], [Object], [Object],
72 warn ERESOLVE       [Object], [Object], [Object], [Object], [Object], [Object],
72 warn ERESOLVE       [Object], [Object], [Object], [Object], [Object], [Object],
72 warn ERESOLVE       [Object], [Object], [Object], [Object], [Object], [Object],
72 warn ERESOLVE       [Object], [Object], [Object], [Object], [Object], [Object],
72 warn ERESOLVE       [Object], [Object], [Object], [Object], [Object], [Object],
72 warn ERESOLVE       [Object], [Object], [Object], [Object], [Object], [Object],
72 warn ERESOLVE       [Object], [Object], [Object], [Object], [Object], [Object],
72 warn ERESOLVE       [Object], [Object], [Object], [Object], [Object], [Object],
72 warn ERESOLVE       [Object], [Object], [Object], [Object], [Object], [Object],
72 warn ERESOLVE       [Object], [Object], [Object], [Object], [Object], [Object],
72 warn ERESOLVE       [Object], [Object], [Object], [Object], [Object], [Object],
72 warn ERESOLVE       [Object]
72 warn ERESOLVE     ]
72 warn ERESOLVE   }
72 warn ERESOLVE }
73 warn ERESOLVE overriding peer dependency {
73 warn ERESOLVE   code: 'ERESOLVE',
73 warn ERESOLVE   edge: {
73 warn ERESOLVE     type: 'peer',
73 warn ERESOLVE     name: 'react',
73 warn ERESOLVE     spec: '^16.5.1 || ^17.0.0 || ^18.0.0 || ^19.0.0',
73 warn ERESOLVE     from: {
73 warn ERESOLVE       name: 'lucide-react',
73 warn ERESOLVE       version: '0.487.0',
73 warn ERESOLVE       location: 'node_modules/lucide-react',
73 warn ERESOLVE       isWorkspace: false,
73 warn ERESOLVE       dependents: [Array]
73 warn ERESOLVE     }
73 warn ERESOLVE   },
73 warn ERESOLVE   dep: {
73 warn ERESOLVE     name: 'react',
73 warn ERESOLVE     version: undefined,
73 warn ERESOLVE     errors: [ [FetchError] ],
73 warn ERESOLVE     package: {},
73 warn ERESOLVE     whileInstalling: {
73 warn ERESOLVE       name: 'react-popper',
73 warn ERESOLVE       version: '2.3.0',
73 warn ERESOLVE       path: '/Users/fujirio75/dev/w3software/node_modules/react-popper'
73 warn ERESOLVE     },
73 warn ERESOLVE     location: 'node_modules/react',
73 warn ERESOLVE     isWorkspace: false,
73 warn ERESOLVE     dependents: [ [Object] ]
73 warn ERESOLVE   },
73 warn ERESOLVE   force: false,
73 warn ERESOLVE   isMine: true,
73 warn ERESOLVE   strictPeerDeps: false,
73 warn ERESOLVE   current: {
73 warn ERESOLVE     name: 'react',
73 warn ERESOLVE     version: '19.2.0',
73 warn ERESOLVE     location: 'node_modules/react',
73 warn ERESOLVE     isWorkspace: false,
73 warn ERESOLVE     dependents: [
73 warn ERESOLVE       [Object], [Object], [Object], [Object], [Object], [Object],
73 warn ERESOLVE       [Object], [Object], [Object], [Object], [Object], [Object],
73 warn ERESOLVE       [Object], [Object], [Object], [Object], [Object], [Object],
73 warn ERESOLVE       [Object], [Object], [Object], [Object], [Object], [Object],
73 warn ERESOLVE       [Object], [Object], [Object], [Object], [Object], [Object],
73 warn ERESOLVE       [Object], [Object], [Object], [Object], [Object], [Object],
73 warn ERESOLVE       [Object], [Object], [Object], [Object], [Object], [Object],
73 warn ERESOLVE       [Object], [Object], [Object], [Object], [Object], [Object],
73 warn ERESOLVE       [Object], [Object], [Object], [Object], [Object], [Object],
73 warn ERESOLVE       [Object], [Object], [Object], [Object], [Object], [Object],
73 warn ERESOLVE       [Object], [Object], [Object], [Object], [Object], [Object],
73 warn ERESOLVE       [Object], [Object], [Object], [Object], [Object], [Object],
73 warn ERESOLVE       [Object], [Object], [Object], [Object], [Object], [Object],
73 warn ERESOLVE       [Object], [Object], [Object], [Object], [Object], [Object],
73 warn ERESOLVE       [Object], [Object], [Object], [Object], [Object], [Object],
73 warn ERESOLVE       [Object]
73 warn ERESOLVE     ]
73 warn ERESOLVE   }
73 warn ERESOLVE }
74 warn ERESOLVE overriding peer dependency {
74 warn ERESOLVE   code: 'ERESOLVE',
74 warn ERESOLVE   edge: {
74 warn ERESOLVE     type: 'peerOptional',
74 warn ERESOLVE     name: 'react',
74 warn ERESOLVE     spec: '^18.0.0 || ^19.0.0',
74 warn ERESOLVE     from: {
74 warn ERESOLVE       name: 'motion',
74 warn ERESOLVE       version: '12.23.24',
74 warn ERESOLVE       location: 'node_modules/motion',
74 warn ERESOLVE       isWorkspace: false,
74 warn ERESOLVE       dependents: [Array]
74 warn ERESOLVE     }
74 warn ERESOLVE   },
74 warn ERESOLVE   dep: {
74 warn ERESOLVE     name: 'react',
74 warn ERESOLVE     version: undefined,
74 warn ERESOLVE     errors: [ [FetchError] ],
74 warn ERESOLVE     package: {},
74 warn ERESOLVE     whileInstalling: {
74 warn ERESOLVE       name: 'react-popper',
74 warn ERESOLVE       version: '2.3.0',
74 warn ERESOLVE       path: '/Users/fujirio75/dev/w3software/node_modules/react-popper'
74 warn ERESOLVE     },
74 warn ERESOLVE     location: 'node_modules/react',
74 warn ERESOLVE     isWorkspace: false,
74 warn ERESOLVE     dependents: [ [Object] ]
74 warn ERESOLVE   },
74 warn ERESOLVE   force: false,
74 warn ERESOLVE   isMine: true,
74 warn ERESOLVE   strictPeerDeps: false,
74 warn ERESOLVE   current: {
74 warn ERESOLVE     name: 'react',
74 warn ERESOLVE     version: '19.2.0',
74 warn ERESOLVE     location: 'node_modules/react',
74 warn ERESOLVE     isWorkspace: false,
74 warn ERESOLVE     dependents: [
74 warn ERESOLVE       [Object], [Object], [Object], [Object], [Object], [Object],
74 warn ERESOLVE       [Object], [Object], [Object], [Object], [Object], [Object],
74 warn ERESOLVE       [Object], [Object], [Object], [Object], [Object], [Object],
74 warn ERESOLVE       [Object], [Object], [Object], [Object], [Object], [Object],
74 warn ERESOLVE       [Object], [Object], [Object], [Object], [Object], [Object],
74 warn ERESOLVE       [Object], [Object], [Object], [Object], [Object], [Object],
74 warn ERESOLVE       [Object], [Object], [Object], [Object], [Object], [Object],
74 warn ERESOLVE       [Object], [Object], [Object], [Object], [Object], [Object],
74 warn ERESOLVE       [Object], [Object], [Object], [Object], [Object], [Object],
74 warn ERESOLVE       [Object], [Object], [Object], [Object], [Object], [Object],
74 warn ERESOLVE       [Object], [Object], [Object], [Object], [Object], [Object],
74 warn ERESOLVE       [Object], [Object], [Object], [Object], [Object], [Object],
74 warn ERESOLVE       [Object], [Object], [Object], [Object], [Object], [Object],
74 warn ERESOLVE       [Object], [Object], [Object], [Object], [Object], [Object],
74 warn ERESOLVE       [Object], [Object], [Object], [Object], [Object], [Object],
74 warn ERESOLVE       [Object]
74 warn ERESOLVE     ]
74 warn ERESOLVE   }
74 warn ERESOLVE }
75 warn ERESOLVE overriding peer dependency {
75 warn ERESOLVE   code: 'ERESOLVE',
75 warn ERESOLVE   edge: {
75 warn ERESOLVE     type: 'peer',
75 warn ERESOLVE     name: 'react',
75 warn ERESOLVE     spec: '^16.8 || ^17 || ^18 || ^19 || ^19.0.0-rc',
75 warn ERESOLVE     from: {
75 warn ERESOLVE       name: 'next-themes',
75 warn ERESOLVE       version: '0.4.6',
75 warn ERESOLVE       location: 'node_modules/next-themes',
75 warn ERESOLVE       isWorkspace: false,
75 warn ERESOLVE       dependents: [Array]
75 warn ERESOLVE     }
75 warn ERESOLVE   },
75 warn ERESOLVE   dep: {
75 warn ERESOLVE     name: 'react',
75 warn ERESOLVE     version: undefined,
75 warn ERESOLVE     errors: [ [FetchError] ],
75 warn ERESOLVE     package: {},
75 warn ERESOLVE     whileInstalling: {
75 warn ERESOLVE       name: 'react-popper',
75 warn ERESOLVE       version: '2.3.0',
75 warn ERESOLVE       path: '/Users/fujirio75/dev/w3software/node_modules/react-popper'
75 warn ERESOLVE     },
75 warn ERESOLVE     location: 'node_modules/react',
75 warn ERESOLVE     isWorkspace: false,
75 warn ERESOLVE     dependents: [ [Object] ]
75 warn ERESOLVE   },
75 warn ERESOLVE   force: false,
75 warn ERESOLVE   isMine: true,
75 warn ERESOLVE   strictPeerDeps: false,
75 warn ERESOLVE   current: {
75 warn ERESOLVE     name: 'react',
75 warn ERESOLVE     version: '19.2.0',
75 warn ERESOLVE     location: 'node_modules/react',
75 warn ERESOLVE     isWorkspace: false,
75 warn ERESOLVE     dependents: [
75 warn ERESOLVE       [Object], [Object], [Object], [Object], [Object], [Object],
75 warn ERESOLVE       [Object], [Object], [Object], [Object], [Object], [Object],
75 warn ERESOLVE       [Object], [Object], [Object], [Object], [Object], [Object],
75 warn ERESOLVE       [Object], [Object], [Object], [Object], [Object], [Object],
75 warn ERESOLVE       [Object], [Object], [Object], [Object], [Object], [Object],
75 warn ERESOLVE       [Object], [Object], [Object], [Object], [Object], [Object],
75 warn ERESOLVE       [Object], [Object], [Object], [Object], [Object], [Object],
75 warn ERESOLVE       [Object], [Object], [Object], [Object], [Object], [Object],
75 warn ERESOLVE       [Object], [Object], [Object], [Object], [Object], [Object],
75 warn ERESOLVE       [Object], [Object], [Object], [Object], [Object], [Object],
75 warn ERESOLVE       [Object], [Object], [Object], [Object], [Object], [Object],
75 warn ERESOLVE       [Object], [Object], [Object], [Object], [Object], [Object],
75 warn ERESOLVE       [Object], [Object], [Object], [Object], [Object], [Object],
75 warn ERESOLVE       [Object], [Object], [Object], [Object], [Object], [Object],
75 warn ERESOLVE       [Object], [Object], [Object], [Object], [Object], [Object],
75 warn ERESOLVE       [Object]
75 warn ERESOLVE     ]
75 warn ERESOLVE   }
75 warn ERESOLVE }
76 warn ERESOLVE overriding peer dependency {
76 warn ERESOLVE   code: 'ERESOLVE',
76 warn ERESOLVE   edge: {
76 warn ERESOLVE     type: 'peer',
76 warn ERESOLVE     name: 'react',
76 warn ERESOLVE     spec: '>= 16.14',
76 warn ERESOLVE     from: {
76 warn ERESOLVE       name: 'react-dnd',
76 warn ERESOLVE       version: '16.0.1',
76 warn ERESOLVE       location: 'node_modules/react-dnd',
76 warn ERESOLVE       isWorkspace: false,
76 warn ERESOLVE       dependents: [Array]
76 warn ERESOLVE     }
76 warn ERESOLVE   },
76 warn ERESOLVE   dep: {
76 warn ERESOLVE     name: 'react',
76 warn ERESOLVE     version: undefined,
76 warn ERESOLVE     errors: [ [FetchError] ],
76 warn ERESOLVE     package: {},
76 warn ERESOLVE     whileInstalling: {
76 warn ERESOLVE       name: 'react-popper',
76 warn ERESOLVE       version: '2.3.0',
76 warn ERESOLVE       path: '/Users/fujirio75/dev/w3software/node_modules/react-popper'
76 warn ERESOLVE     },
76 warn ERESOLVE     location: 'node_modules/react',
76 warn ERESOLVE     isWorkspace: false,
76 warn ERESOLVE     dependents: [ [Object] ]
76 warn ERESOLVE   },
76 warn ERESOLVE   force: false,
76 warn ERESOLVE   isMine: true,
76 warn ERESOLVE   strictPeerDeps: false,
76 warn ERESOLVE   current: {
76 warn ERESOLVE     name: 'react',
76 warn ERESOLVE     version: '19.2.0',
76 warn ERESOLVE     location: 'node_modules/react',
76 warn ERESOLVE     isWorkspace: false,
76 warn ERESOLVE     dependents: [
76 warn ERESOLVE       [Object], [Object], [Object], [Object], [Object], [Object],
76 warn ERESOLVE       [Object], [Object], [Object], [Object], [Object], [Object],
76 warn ERESOLVE       [Object], [Object], [Object], [Object], [Object], [Object],
76 warn ERESOLVE       [Object], [Object], [Object], [Object], [Object], [Object],
76 warn ERESOLVE       [Object], [Object], [Object], [Object], [Object], [Object],
76 warn ERESOLVE       [Object], [Object], [Object], [Object], [Object], [Object],
76 warn ERESOLVE       [Object], [Object], [Object], [Object], [Object], [Object],
76 warn ERESOLVE       [Object], [Object], [Object], [Object], [Object], [Object],
76 warn ERESOLVE       [Object], [Object], [Object], [Object], [Object], [Object],
76 warn ERESOLVE       [Object], [Object], [Object], [Object], [Object], [Object],
76 warn ERESOLVE       [Object], [Object], [Object], [Object], [Object], [Object],
76 warn ERESOLVE       [Object], [Object], [Object], [Object], [Object], [Object],
76 warn ERESOLVE       [Object], [Object], [Object], [Object], [Object], [Object],
76 warn ERESOLVE       [Object], [Object], [Object], [Object], [Object], [Object],
76 warn ERESOLVE       [Object], [Object], [Object], [Object], [Object], [Object],
76 warn ERESOLVE       [Object]
76 warn ERESOLVE     ]
76 warn ERESOLVE   }
76 warn ERESOLVE }
77 warn ERESOLVE overriding peer dependency {
77 warn ERESOLVE   code: 'ERESOLVE',
77 warn ERESOLVE   edge: {
77 warn ERESOLVE     type: 'peer',
77 warn ERESOLVE     name: 'react',
77 warn ERESOLVE     spec: '^19.2.0',
77 warn ERESOLVE     from: {
77 warn ERESOLVE       name: 'react-dom',
77 warn ERESOLVE       version: '19.2.0',
77 warn ERESOLVE       location: 'node_modules/react-dom',
77 warn ERESOLVE       isWorkspace: false,
77 warn ERESOLVE       dependents: [Array]
77 warn ERESOLVE     }
77 warn ERESOLVE   },
77 warn ERESOLVE   dep: {
77 warn ERESOLVE     name: 'react',
77 warn ERESOLVE     version: undefined,
77 warn ERESOLVE     errors: [ [FetchError] ],
77 warn ERESOLVE     package: {},
77 warn ERESOLVE     whileInstalling: {
77 warn ERESOLVE       name: 'react-popper',
77 warn ERESOLVE       version: '2.3.0',
77 warn ERESOLVE       path: '/Users/fujirio75/dev/w3software/node_modules/react-popper'
77 warn ERESOLVE     },
77 warn ERESOLVE     location: 'node_modules/react',
77 warn ERESOLVE     isWorkspace: false,
77 warn ERESOLVE     dependents: [ [Object] ]
77 warn ERESOLVE   },
77 warn ERESOLVE   force: false,
77 warn ERESOLVE   isMine: true,
77 warn ERESOLVE   strictPeerDeps: false,
77 warn ERESOLVE   current: {
77 warn ERESOLVE     name: 'react',
77 warn ERESOLVE     version: '19.2.0',
77 warn ERESOLVE     location: 'node_modules/react',
77 warn ERESOLVE     isWorkspace: false,
77 warn ERESOLVE     dependents: [
77 warn ERESOLVE       [Object], [Object], [Object], [Object], [Object], [Object],
77 warn ERESOLVE       [Object], [Object], [Object], [Object], [Object], [Object],
77 warn ERESOLVE       [Object], [Object], [Object], [Object], [Object], [Object],
77 warn ERESOLVE       [Object], [Object], [Object], [Object], [Object], [Object],
77 warn ERESOLVE       [Object], [Object], [Object], [Object], [Object], [Object],
77 warn ERESOLVE       [Object], [Object], [Object], [Object], [Object], [Object],
77 warn ERESOLVE       [Object], [Object], [Object], [Object], [Object], [Object],
77 warn ERESOLVE       [Object], [Object], [Object], [Object], [Object], [Object],
77 warn ERESOLVE       [Object], [Object], [Object], [Object], [Object], [Object],
77 warn ERESOLVE       [Object], [Object], [Object], [Object], [Object], [Object],
77 warn ERESOLVE       [Object], [Object], [Object], [Object], [Object], [Object],
77 warn ERESOLVE       [Object], [Object], [Object], [Object], [Object], [Object],
77 warn ERESOLVE       [Object], [Object], [Object], [Object], [Object], [Object],
77 warn ERESOLVE       [Object], [Object], [Object], [Object], [Object], [Object],
77 warn ERESOLVE       [Object], [Object], [Object], [Object], [Object], [Object],
77 warn ERESOLVE       [Object]
77 warn ERESOLVE     ]
77 warn ERESOLVE   }
77 warn ERESOLVE }
78 warn ERESOLVE overriding peer dependency {
78 warn ERESOLVE   code: 'ERESOLVE',
78 warn ERESOLVE   edge: {
78 warn ERESOLVE     type: 'peer',
78 warn ERESOLVE     name: 'react',
78 warn ERESOLVE     spec: '^19.2.0',
78 warn ERESOLVE     from: {
78 warn ERESOLVE       name: 'react-dom',
78 warn ERESOLVE       version: '19.2.0',
78 warn ERESOLVE       location: 'node_modules/react-dom',
78 warn ERESOLVE       isWorkspace: false,
78 warn ERESOLVE       dependents: [Array]
78 warn ERESOLVE     }
78 warn ERESOLVE   },
78 warn ERESOLVE   dep: {
78 warn ERESOLVE     name: 'react',
78 warn ERESOLVE     version: undefined,
78 warn ERESOLVE     errors: [ [FetchError] ],
78 warn ERESOLVE     package: {},
78 warn ERESOLVE     whileInstalling: {
78 warn ERESOLVE       name: 'react-popper',
78 warn ERESOLVE       version: '2.3.0',
78 warn ERESOLVE       path: '/Users/fujirio75/dev/w3software/node_modules/react-popper'
78 warn ERESOLVE     },
78 warn ERESOLVE     location: 'node_modules/react',
78 warn ERESOLVE     isWorkspace: false,
78 warn ERESOLVE     dependents: [ [Object] ]
78 warn ERESOLVE   },
78 warn ERESOLVE   force: false,
78 warn ERESOLVE   isMine: true,
78 warn ERESOLVE   strictPeerDeps: false,
78 warn ERESOLVE   current: {
78 warn ERESOLVE     name: 'react',
78 warn ERESOLVE     version: '19.2.0',
78 warn ERESOLVE     location: 'node_modules/react',
78 warn ERESOLVE     isWorkspace: false,
78 warn ERESOLVE     dependents: [
78 warn ERESOLVE       [Object], [Object], [Object], [Object], [Object], [Object],
78 warn ERESOLVE       [Object], [Object], [Object], [Object], [Object], [Object],
78 warn ERESOLVE       [Object], [Object], [Object], [Object], [Object], [Object],
78 warn ERESOLVE       [Object], [Object], [Object], [Object], [Object], [Object],
78 warn ERESOLVE       [Object], [Object], [Object], [Object], [Object], [Object],
78 warn ERESOLVE       [Object], [Object], [Object], [Object], [Object], [Object],
78 warn ERESOLVE       [Object], [Object], [Object], [Object], [Object], [Object],
78 warn ERESOLVE       [Object], [Object], [Object], [Object], [Object], [Object],
78 warn ERESOLVE       [Object], [Object], [Object], [Object], [Object], [Object],
78 warn ERESOLVE       [Object], [Object], [Object], [Object], [Object], [Object],
78 warn ERESOLVE       [Object], [Object], [Object], [Object], [Object], [Object],
78 warn ERESOLVE       [Object], [Object], [Object], [Object], [Object], [Object],
78 warn ERESOLVE       [Object], [Object], [Object], [Object], [Object], [Object],
78 warn ERESOLVE       [Object], [Object], [Object], [Object], [Object], [Object],
78 warn ERESOLVE       [Object], [Object], [Object], [Object], [Object], [Object],
78 warn ERESOLVE       [Object]
78 warn ERESOLVE     ]
78 warn ERESOLVE   }
78 warn ERESOLVE }
79 warn ERESOLVE overriding peer dependency {
79 warn ERESOLVE   code: 'ERESOLVE',
79 warn ERESOLVE   edge: {
79 warn ERESOLVE     type: 'peer',
79 warn ERESOLVE     name: 'react',
79 warn ERESOLVE     spec: '^19.2.0',
79 warn ERESOLVE     from: {
79 warn ERESOLVE       name: 'react-dom',
79 warn ERESOLVE       version: '19.2.0',
79 warn ERESOLVE       location: 'node_modules/react-dom',
79 warn ERESOLVE       isWorkspace: false,
79 warn ERESOLVE       dependents: [Array]
79 warn ERESOLVE     }
79 warn ERESOLVE   },
79 warn ERESOLVE   dep: {
79 warn ERESOLVE     name: 'react',
79 warn ERESOLVE     version: undefined,
79 warn ERESOLVE     errors: [ [FetchError] ],
79 warn ERESOLVE     package: {},
79 warn ERESOLVE     whileInstalling: {
79 warn ERESOLVE       name: 'react-popper',
79 warn ERESOLVE       version: '2.3.0',
79 warn ERESOLVE       path: '/Users/fujirio75/dev/w3software/node_modules/react-popper'
79 warn ERESOLVE     },
79 warn ERESOLVE     location: 'node_modules/react',
79 warn ERESOLVE     isWorkspace: false,
79 warn ERESOLVE     dependents: [ [Object] ]
79 warn ERESOLVE   },
79 warn ERESOLVE   force: false,
79 warn ERESOLVE   isMine: true,
79 warn ERESOLVE   strictPeerDeps: false,
79 warn ERESOLVE   current: {
79 warn ERESOLVE     name: 'react',
79 warn ERESOLVE     version: '19.2.0',
79 warn ERESOLVE     location: 'node_modules/react',
79 warn ERESOLVE     isWorkspace: false,
79 warn ERESOLVE     dependents: [
79 warn ERESOLVE       [Object], [Object], [Object], [Object], [Object], [Object],
79 warn ERESOLVE       [Object], [Object], [Object], [Object], [Object], [Object],
79 warn ERESOLVE       [Object], [Object], [Object], [Object], [Object], [Object],
79 warn ERESOLVE       [Object], [Object], [Object], [Object], [Object], [Object],
79 warn ERESOLVE       [Object], [Object], [Object], [Object], [Object], [Object],
79 warn ERESOLVE       [Object], [Object], [Object], [Object], [Object], [Object],
79 warn ERESOLVE       [Object], [Object], [Object], [Object], [Object], [Object],
79 warn ERESOLVE       [Object], [Object], [Object], [Object], [Object], [Object],
79 warn ERESOLVE       [Object], [Object], [Object], [Object], [Object], [Object],
79 warn ERESOLVE       [Object], [Object], [Object], [Object], [Object], [Object],
79 warn ERESOLVE       [Object], [Object], [Object], [Object], [Object], [Object],
79 warn ERESOLVE       [Object], [Object], [Object], [Object], [Object], [Object],
79 warn ERESOLVE       [Object], [Object], [Object], [Object], [Object], [Object],
79 warn ERESOLVE       [Object], [Object], [Object], [Object], [Object], [Object],
79 warn ERESOLVE       [Object], [Object], [Object], [Object], [Object], [Object],
79 warn ERESOLVE       [Object]
79 warn ERESOLVE     ]
79 warn ERESOLVE   }
79 warn ERESOLVE }
80 warn ERESOLVE overriding peer dependency {
80 warn ERESOLVE   code: 'ERESOLVE',
80 warn ERESOLVE   edge: {
80 warn ERESOLVE     type: 'peer',
80 warn ERESOLVE     name: 'react',
80 warn ERESOLVE     spec: '^19.2.0',
80 warn ERESOLVE     from: {
80 warn ERESOLVE       name: 'react-dom',
80 warn ERESOLVE       version: '19.2.0',
80 warn ERESOLVE       location: 'node_modules/react-dom',
80 warn ERESOLVE       isWorkspace: false,
80 warn ERESOLVE       dependents: [Array]
80 warn ERESOLVE     }
80 warn ERESOLVE   },
80 warn ERESOLVE   dep: {
80 warn ERESOLVE     name: 'react',
80 warn ERESOLVE     version: undefined,
80 warn ERESOLVE     errors: [ [FetchError] ],
80 warn ERESOLVE     package: {},
80 warn ERESOLVE     whileInstalling: {
80 warn ERESOLVE       name: 'react-popper',
80 warn ERESOLVE       version: '2.3.0',
80 warn ERESOLVE       path: '/Users/fujirio75/dev/w3software/node_modules/react-popper'
80 warn ERESOLVE     },
80 warn ERESOLVE     location: 'node_modules/react',
80 warn ERESOLVE     isWorkspace: false,
80 warn ERESOLVE     dependents: [ [Object] ]
80 warn ERESOLVE   },
80 warn ERESOLVE   force: false,
80 warn ERESOLVE   isMine: true,
80 warn ERESOLVE   strictPeerDeps: false,
80 warn ERESOLVE   current: {
80 warn ERESOLVE     name: 'react',
80 warn ERESOLVE     version: '19.2.0',
80 warn ERESOLVE     location: 'node_modules/react',
80 warn ERESOLVE     isWorkspace: false,
80 warn ERESOLVE     dependents: [
80 warn ERESOLVE       [Object], [Object], [Object], [Object], [Object], [Object],
80 warn ERESOLVE       [Object], [Object], [Object], [Object], [Object], [Object],
80 warn ERESOLVE       [Object], [Object], [Object], [Object], [Object], [Object],
80 warn ERESOLVE       [Object], [Object], [Object], [Object], [Object], [Object],
80 warn ERESOLVE       [Object], [Object], [Object], [Object], [Object], [Object],
80 warn ERESOLVE       [Object], [Object], [Object], [Object], [Object], [Object],
80 warn ERESOLVE       [Object], [Object], [Object], [Object], [Object], [Object],
80 warn ERESOLVE       [Object], [Object], [Object], [Object], [Object], [Object],
80 warn ERESOLVE       [Object], [Object], [Object], [Object], [Object], [Object],
80 warn ERESOLVE       [Object], [Object], [Object], [Object], [Object], [Object],
80 warn ERESOLVE       [Object], [Object], [Object], [Object], [Object], [Object],
80 warn ERESOLVE       [Object], [Object], [Object], [Object], [Object], [Object],
80 warn ERESOLVE       [Object], [Object], [Object], [Object], [Object], [Object],
80 warn ERESOLVE       [Object], [Object], [Object], [Object], [Object], [Object],
80 warn ERESOLVE       [Object], [Object], [Object], [Object], [Object], [Object],
80 warn ERESOLVE       [Object]
80 warn ERESOLVE     ]
80 warn ERESOLVE   }
80 warn ERESOLVE }
81 warn ERESOLVE overriding peer dependency {
81 warn ERESOLVE   code: 'ERESOLVE',
81 warn ERESOLVE   edge: {
81 warn ERESOLVE     type: 'peer',
81 warn ERESOLVE     name: 'react',
81 warn ERESOLVE     spec: '^19.2.0',
81 warn ERESOLVE     from: {
81 warn ERESOLVE       name: 'react-dom',
81 warn ERESOLVE       version: '19.2.0',
81 warn ERESOLVE       location: 'node_modules/react-dom',
81 warn ERESOLVE       isWorkspace: false,
81 warn ERESOLVE       dependents: [Array]
81 warn ERESOLVE     }
81 warn ERESOLVE   },
81 warn ERESOLVE   dep: {
81 warn ERESOLVE     name: 'react',
81 warn ERESOLVE     version: undefined,
81 warn ERESOLVE     errors: [ [FetchError] ],
81 warn ERESOLVE     package: {},
81 warn ERESOLVE     whileInstalling: {
81 warn ERESOLVE       name: 'react-popper',
81 warn ERESOLVE       version: '2.3.0',
81 warn ERESOLVE       path: '/Users/fujirio75/dev/w3software/node_modules/react-popper'
81 warn ERESOLVE     },
81 warn ERESOLVE     location: 'node_modules/react',
81 warn ERESOLVE     isWorkspace: false,
81 warn ERESOLVE     dependents: [ [Object] ]
81 warn ERESOLVE   },
81 warn ERESOLVE   force: false,
81 warn ERESOLVE   isMine: true,
81 warn ERESOLVE   strictPeerDeps: false,
81 warn ERESOLVE   current: {
81 warn ERESOLVE     name: 'react',
81 warn ERESOLVE     version: '19.2.0',
81 warn ERESOLVE     location: 'node_modules/react',
81 warn ERESOLVE     isWorkspace: false,
81 warn ERESOLVE     dependents: [
81 warn ERESOLVE       [Object], [Object], [Object], [Object], [Object], [Object],
81 warn ERESOLVE       [Object], [Object], [Object], [Object], [Object], [Object],
81 warn ERESOLVE       [Object], [Object], [Object], [Object], [Object], [Object],
81 warn ERESOLVE       [Object], [Object], [Object], [Object], [Object], [Object],
81 warn ERESOLVE       [Object], [Object], [Object], [Object], [Object], [Object],
81 warn ERESOLVE       [Object], [Object], [Object], [Object], [Object], [Object],
81 warn ERESOLVE       [Object], [Object], [Object], [Object], [Object], [Object],
81 warn ERESOLVE       [Object], [Object], [Object], [Object], [Object], [Object],
81 warn ERESOLVE       [Object], [Object], [Object], [Object], [Object], [Object],
81 warn ERESOLVE       [Object], [Object], [Object], [Object], [Object], [Object],
81 warn ERESOLVE       [Object], [Object], [Object], [Object], [Object], [Object],
81 warn ERESOLVE       [Object], [Object], [Object], [Object], [Object], [Object],
81 warn ERESOLVE       [Object], [Object], [Object], [Object], [Object], [Object],
81 warn ERESOLVE       [Object], [Object], [Object], [Object], [Object], [Object],
81 warn ERESOLVE       [Object], [Object], [Object], [Object], [Object], [Object],
81 warn ERESOLVE       [Object]
81 warn ERESOLVE     ]
81 warn ERESOLVE   }
81 warn ERESOLVE }
82 warn ERESOLVE overriding peer dependency {
82 warn ERESOLVE   code: 'ERESOLVE',
82 warn ERESOLVE   edge: {
82 warn ERESOLVE     type: 'peer',
82 warn ERESOLVE     name: 'react',
82 warn ERESOLVE     spec: '^19.2.0',
82 warn ERESOLVE     from: {
82 warn ERESOLVE       name: 'react-dom',
82 warn ERESOLVE       version: '19.2.0',
82 warn ERESOLVE       location: 'node_modules/react-dom',
82 warn ERESOLVE       isWorkspace: false,
82 warn ERESOLVE       dependents: [Array]
82 warn ERESOLVE     }
82 warn ERESOLVE   },
82 warn ERESOLVE   dep: {
82 warn ERESOLVE     name: 'react',
82 warn ERESOLVE     version: undefined,
82 warn ERESOLVE     errors: [ [FetchError] ],
82 warn ERESOLVE     package: {},
82 warn ERESOLVE     whileInstalling: {
82 warn ERESOLVE       name: 'react-popper',
82 warn ERESOLVE       version: '2.3.0',
82 warn ERESOLVE       path: '/Users/fujirio75/dev/w3software/node_modules/react-popper'
82 warn ERESOLVE     },
82 warn ERESOLVE     location: 'node_modules/react',
82 warn ERESOLVE     isWorkspace: false,
82 warn ERESOLVE     dependents: [ [Object] ]
82 warn ERESOLVE   },
82 warn ERESOLVE   force: false,
82 warn ERESOLVE   isMine: true,
82 warn ERESOLVE   strictPeerDeps: false,
82 warn ERESOLVE   current: {
82 warn ERESOLVE     name: 'react',
82 warn ERESOLVE     version: '19.2.0',
82 warn ERESOLVE     location: 'node_modules/react',
82 warn ERESOLVE     isWorkspace: false,
82 warn ERESOLVE     dependents: [
82 warn ERESOLVE       [Object], [Object], [Object], [Object], [Object], [Object],
82 warn ERESOLVE       [Object], [Object], [Object], [Object], [Object], [Object],
82 warn ERESOLVE       [Object], [Object], [Object], [Object], [Object], [Object],
82 warn ERESOLVE       [Object], [Object], [Object], [Object], [Object], [Object],
82 warn ERESOLVE       [Object], [Object], [Object], [Object], [Object], [Object],
82 warn ERESOLVE       [Object], [Object], [Object], [Object], [Object], [Object],
82 warn ERESOLVE       [Object], [Object], [Object], [Object], [Object], [Object],
82 warn ERESOLVE       [Object], [Object], [Object], [Object], [Object], [Object],
82 warn ERESOLVE       [Object], [Object], [Object], [Object], [Object], [Object],
82 warn ERESOLVE       [Object], [Object], [Object], [Object], [Object], [Object],
82 warn ERESOLVE       [Object], [Object], [Object], [Object], [Object], [Object],
82 warn ERESOLVE       [Object], [Object], [Object], [Object], [Object], [Object],
82 warn ERESOLVE       [Object], [Object], [Object], [Object], [Object], [Object],
82 warn ERESOLVE       [Object], [Object], [Object], [Object], [Object], [Object],
82 warn ERESOLVE       [Object], [Object], [Object], [Object], [Object], [Object],
82 warn ERESOLVE       [Object]
82 warn ERESOLVE     ]
82 warn ERESOLVE   }
82 warn ERESOLVE }
83 warn ERESOLVE overriding peer dependency {
83 warn ERESOLVE   code: 'ERESOLVE',
83 warn ERESOLVE   edge: {
83 warn ERESOLVE     type: 'peer',
83 warn ERESOLVE     name: 'react',
83 warn ERESOLVE     spec: '^19.2.0',
83 warn ERESOLVE     from: {
83 warn ERESOLVE       name: 'react-dom',
83 warn ERESOLVE       version: '19.2.0',
83 warn ERESOLVE       location: 'node_modules/react-dom',
83 warn ERESOLVE       isWorkspace: false,
83 warn ERESOLVE       dependents: [Array]
83 warn ERESOLVE     }
83 warn ERESOLVE   },
83 warn ERESOLVE   dep: {
83 warn ERESOLVE     name: 'react',
83 warn ERESOLVE     version: undefined,
83 warn ERESOLVE     errors: [ [FetchError] ],
83 warn ERESOLVE     package: {},
83 warn ERESOLVE     whileInstalling: {
83 warn ERESOLVE       name: 'react-popper',
83 warn ERESOLVE       version: '2.3.0',
83 warn ERESOLVE       path: '/Users/fujirio75/dev/w3software/node_modules/react-popper'
83 warn ERESOLVE     },
83 warn ERESOLVE     location: 'node_modules/react',
83 warn ERESOLVE     isWorkspace: false,
83 warn ERESOLVE     dependents: [ [Object] ]
83 warn ERESOLVE   },
83 warn ERESOLVE   force: false,
83 warn ERESOLVE   isMine: true,
83 warn ERESOLVE   strictPeerDeps: false,
83 warn ERESOLVE   current: {
83 warn ERESOLVE     name: 'react',
83 warn ERESOLVE     version: '19.2.0',
83 warn ERESOLVE     location: 'node_modules/react',
83 warn ERESOLVE     isWorkspace: false,
83 warn ERESOLVE     dependents: [
83 warn ERESOLVE       [Object], [Object], [Object], [Object], [Object], [Object],
83 warn ERESOLVE       [Object], [Object], [Object], [Object], [Object], [Object],
83 warn ERESOLVE       [Object], [Object], [Object], [Object], [Object], [Object],
83 warn ERESOLVE       [Object], [Object], [Object], [Object], [Object], [Object],
83 warn ERESOLVE       [Object], [Object], [Object], [Object], [Object], [Object],
83 warn ERESOLVE       [Object], [Object], [Object], [Object], [Object], [Object],
83 warn ERESOLVE       [Object], [Object], [Object], [Object], [Object], [Object],
83 warn ERESOLVE       [Object], [Object], [Object], [Object], [Object], [Object],
83 warn ERESOLVE       [Object], [Object], [Object], [Object], [Object], [Object],
83 warn ERESOLVE       [Object], [Object], [Object], [Object], [Object], [Object],
83 warn ERESOLVE       [Object], [Object], [Object], [Object], [Object], [Object],
83 warn ERESOLVE       [Object], [Object], [Object], [Object], [Object], [Object],
83 warn ERESOLVE       [Object], [Object], [Object], [Object], [Object], [Object],
83 warn ERESOLVE       [Object], [Object], [Object], [Object], [Object], [Object],
83 warn ERESOLVE       [Object], [Object], [Object], [Object], [Object], [Object],
83 warn ERESOLVE       [Object]
83 warn ERESOLVE     ]
83 warn ERESOLVE   }
83 warn ERESOLVE }
84 warn ERESOLVE overriding peer dependency {
84 warn ERESOLVE   code: 'ERESOLVE',
84 warn ERESOLVE   edge: {
84 warn ERESOLVE     type: 'peer',
84 warn ERESOLVE     name: 'react',
84 warn ERESOLVE     spec: '^19.2.0',
84 warn ERESOLVE     from: {
84 warn ERESOLVE       name: 'react-dom',
84 warn ERESOLVE       version: '19.2.0',
84 warn ERESOLVE       location: 'node_modules/react-dom',
84 warn ERESOLVE       isWorkspace: false,
84 warn ERESOLVE       dependents: [Array]
84 warn ERESOLVE     }
84 warn ERESOLVE   },
84 warn ERESOLVE   dep: {
84 warn ERESOLVE     name: 'react',
84 warn ERESOLVE     version: undefined,
84 warn ERESOLVE     errors: [ [FetchError] ],
84 warn ERESOLVE     package: {},
84 warn ERESOLVE     whileInstalling: {
84 warn ERESOLVE       name: 'react-popper',
84 warn ERESOLVE       version: '2.3.0',
84 warn ERESOLVE       path: '/Users/fujirio75/dev/w3software/node_modules/react-popper'
84 warn ERESOLVE     },
84 warn ERESOLVE     location: 'node_modules/react',
84 warn ERESOLVE     isWorkspace: false,
84 warn ERESOLVE     dependents: [ [Object] ]
84 warn ERESOLVE   },
84 warn ERESOLVE   force: false,
84 warn ERESOLVE   isMine: true,
84 warn ERESOLVE   strictPeerDeps: false,
84 warn ERESOLVE   current: {
84 warn ERESOLVE     name: 'react',
84 warn ERESOLVE     version: '19.2.0',
84 warn ERESOLVE     location: 'node_modules/react',
84 warn ERESOLVE     isWorkspace: false,
84 warn ERESOLVE     dependents: [
84 warn ERESOLVE       [Object], [Object], [Object], [Object], [Object], [Object],
84 warn ERESOLVE       [Object], [Object], [Object], [Object], [Object], [Object],
84 warn ERESOLVE       [Object], [Object], [Object], [Object], [Object], [Object],
84 warn ERESOLVE       [Object], [Object], [Object], [Object], [Object], [Object],
84 warn ERESOLVE       [Object], [Object], [Object], [Object], [Object], [Object],
84 warn ERESOLVE       [Object], [Object], [Object], [Object], [Object], [Object],
84 warn ERESOLVE       [Object], [Object], [Object], [Object], [Object], [Object],
84 warn ERESOLVE       [Object], [Object], [Object], [Object], [Object], [Object],
84 warn ERESOLVE       [Object], [Object], [Object], [Object], [Object], [Object],
84 warn ERESOLVE       [Object], [Object], [Object], [Object], [Object], [Object],
84 warn ERESOLVE       [Object], [Object], [Object], [Object], [Object], [Object],
84 warn ERESOLVE       [Object], [Object], [Object], [Object], [Object], [Object],
84 warn ERESOLVE       [Object], [Object], [Object], [Object], [Object], [Object],
84 warn ERESOLVE       [Object], [Object], [Object], [Object], [Object], [Object],
84 warn ERESOLVE       [Object], [Object], [Object], [Object], [Object], [Object],
84 warn ERESOLVE       [Object]
84 warn ERESOLVE     ]
84 warn ERESOLVE   }
84 warn ERESOLVE }
85 warn ERESOLVE overriding peer dependency {
85 warn ERESOLVE   code: 'ERESOLVE',
85 warn ERESOLVE   edge: {
85 warn ERESOLVE     type: 'peer',
85 warn ERESOLVE     name: 'react',
85 warn ERESOLVE     spec: '^19.2.0',
85 warn ERESOLVE     from: {
85 warn ERESOLVE       name: 'react-dom',
85 warn ERESOLVE       version: '19.2.0',
85 warn ERESOLVE       location: 'node_modules/react-dom',
85 warn ERESOLVE       isWorkspace: false,
85 warn ERESOLVE       dependents: [Array]
85 warn ERESOLVE     }
85 warn ERESOLVE   },
85 warn ERESOLVE   dep: {
85 warn ERESOLVE     name: 'react',
85 warn ERESOLVE     version: undefined,
85 warn ERESOLVE     errors: [ [FetchError] ],
85 warn ERESOLVE     package: {},
85 warn ERESOLVE     whileInstalling: {
85 warn ERESOLVE       name: 'react-popper',
85 warn ERESOLVE       version: '2.3.0',
85 warn ERESOLVE       path: '/Users/fujirio75/dev/w3software/node_modules/react-popper'
85 warn ERESOLVE     },
85 warn ERESOLVE     location: 'node_modules/react',
85 warn ERESOLVE     isWorkspace: false,
85 warn ERESOLVE     dependents: [ [Object] ]
85 warn ERESOLVE   },
85 warn ERESOLVE   force: false,
85 warn ERESOLVE   isMine: true,
85 warn ERESOLVE   strictPeerDeps: false,
85 warn ERESOLVE   current: {
85 warn ERESOLVE     name: 'react',
85 warn ERESOLVE     version: '19.2.0',
85 warn ERESOLVE     location: 'node_modules/react',
85 warn ERESOLVE     isWorkspace: false,
85 warn ERESOLVE     dependents: [
85 warn ERESOLVE       [Object], [Object], [Object], [Object], [Object], [Object],
85 warn ERESOLVE       [Object], [Object], [Object], [Object], [Object], [Object],
85 warn ERESOLVE       [Object], [Object], [Object], [Object], [Object], [Object],
85 warn ERESOLVE       [Object], [Object], [Object], [Object], [Object], [Object],
85 warn ERESOLVE       [Object], [Object], [Object], [Object], [Object], [Object],
85 warn ERESOLVE       [Object], [Object], [Object], [Object], [Object], [Object],
85 warn ERESOLVE       [Object], [Object], [Object], [Object], [Object], [Object],
85 warn ERESOLVE       [Object], [Object], [Object], [Object], [Object], [Object],
85 warn ERESOLVE       [Object], [Object], [Object], [Object], [Object], [Object],
85 warn ERESOLVE       [Object], [Object], [Object], [Object], [Object], [Object],
85 warn ERESOLVE       [Object], [Object], [Object], [Object], [Object], [Object],
85 warn ERESOLVE       [Object], [Object], [Object], [Object], [Object], [Object],
85 warn ERESOLVE       [Object], [Object], [Object], [Object], [Object], [Object],
85 warn ERESOLVE       [Object], [Object], [Object], [Object], [Object], [Object],
85 warn ERESOLVE       [Object], [Object], [Object], [Object], [Object], [Object],
85 warn ERESOLVE       [Object]
85 warn ERESOLVE     ]
85 warn ERESOLVE   }
85 warn ERESOLVE }
86 warn ERESOLVE overriding peer dependency {
86 warn ERESOLVE   code: 'ERESOLVE',
86 warn ERESOLVE   edge: {
86 warn ERESOLVE     type: 'peer',
86 warn ERESOLVE     name: 'react',
86 warn ERESOLVE     spec: '^19.2.0',
86 warn ERESOLVE     from: {
86 warn ERESOLVE       name: 'react-dom',
86 warn ERESOLVE       version: '19.2.0',
86 warn ERESOLVE       location: 'node_modules/react-dom',
86 warn ERESOLVE       isWorkspace: false,
86 warn ERESOLVE       dependents: [Array]
86 warn ERESOLVE     }
86 warn ERESOLVE   },
86 warn ERESOLVE   dep: {
86 warn ERESOLVE     name: 'react',
86 warn ERESOLVE     version: undefined,
86 warn ERESOLVE     errors: [ [FetchError] ],
86 warn ERESOLVE     package: {},
86 warn ERESOLVE     whileInstalling: {
86 warn ERESOLVE       name: 'react-popper',
86 warn ERESOLVE       version: '2.3.0',
86 warn ERESOLVE       path: '/Users/fujirio75/dev/w3software/node_modules/react-popper'
86 warn ERESOLVE     },
86 warn ERESOLVE     location: 'node_modules/react',
86 warn ERESOLVE     isWorkspace: false,
86 warn ERESOLVE     dependents: [ [Object] ]
86 warn ERESOLVE   },
86 warn ERESOLVE   force: false,
86 warn ERESOLVE   isMine: true,
86 warn ERESOLVE   strictPeerDeps: false,
86 warn ERESOLVE   current: {
86 warn ERESOLVE     name: 'react',
86 warn ERESOLVE     version: '19.2.0',
86 warn ERESOLVE     location: 'node_modules/react',
86 warn ERESOLVE     isWorkspace: false,
86 warn ERESOLVE     dependents: [
86 warn ERESOLVE       [Object], [Object], [Object], [Object], [Object], [Object],
86 warn ERESOLVE       [Object], [Object], [Object], [Object], [Object], [Object],
86 warn ERESOLVE       [Object], [Object], [Object], [Object], [Object], [Object],
86 warn ERESOLVE       [Object], [Object], [Object], [Object], [Object], [Object],
86 warn ERESOLVE       [Object], [Object], [Object], [Object], [Object], [Object],
86 warn ERESOLVE       [Object], [Object], [Object], [Object], [Object], [Object],
86 warn ERESOLVE       [Object], [Object], [Object], [Object], [Object], [Object],
86 warn ERESOLVE       [Object], [Object], [Object], [Object], [Object], [Object],
86 warn ERESOLVE       [Object], [Object], [Object], [Object], [Object], [Object],
86 warn ERESOLVE       [Object], [Object], [Object], [Object], [Object], [Object],
86 warn ERESOLVE       [Object], [Object], [Object], [Object], [Object], [Object],
86 warn ERESOLVE       [Object], [Object], [Object], [Object], [Object], [Object],
86 warn ERESOLVE       [Object], [Object], [Object], [Object], [Object], [Object],
86 warn ERESOLVE       [Object], [Object], [Object], [Object], [Object], [Object],
86 warn ERESOLVE       [Object], [Object], [Object], [Object], [Object], [Object],
86 warn ERESOLVE       [Object]
86 warn ERESOLVE     ]
86 warn ERESOLVE   }
86 warn ERESOLVE }
87 warn ERESOLVE overriding peer dependency {
87 warn ERESOLVE   code: 'ERESOLVE',
87 warn ERESOLVE   edge: {
87 warn ERESOLVE     type: 'peer',
87 warn ERESOLVE     name: 'react',
87 warn ERESOLVE     spec: '^19.2.0',
87 warn ERESOLVE     from: {
87 warn ERESOLVE       name: 'react-dom',
87 warn ERESOLVE       version: '19.2.0',
87 warn ERESOLVE       location: 'node_modules/react-dom',
87 warn ERESOLVE       isWorkspace: false,
87 warn ERESOLVE       dependents: [Array]
87 warn ERESOLVE     }
87 warn ERESOLVE   },
87 warn ERESOLVE   dep: {
87 warn ERESOLVE     name: 'react',
87 warn ERESOLVE     version: undefined,
87 warn ERESOLVE     errors: [ [FetchError] ],
87 warn ERESOLVE     package: {},
87 warn ERESOLVE     whileInstalling: {
87 warn ERESOLVE       name: 'react-popper',
87 warn ERESOLVE       version: '2.3.0',
87 warn ERESOLVE       path: '/Users/fujirio75/dev/w3software/node_modules/react-popper'
87 warn ERESOLVE     },
87 warn ERESOLVE     location: 'node_modules/react',
87 warn ERESOLVE     isWorkspace: false,
87 warn ERESOLVE     dependents: [ [Object] ]
87 warn ERESOLVE   },
87 warn ERESOLVE   force: false,
87 warn ERESOLVE   isMine: true,
87 warn ERESOLVE   strictPeerDeps: false,
87 warn ERESOLVE   current: {
87 warn ERESOLVE     name: 'react',
87 warn ERESOLVE     version: '19.2.0',
87 warn ERESOLVE     location: 'node_modules/react',
87 warn ERESOLVE     isWorkspace: false,
87 warn ERESOLVE     dependents: [
87 warn ERESOLVE       [Object], [Object], [Object], [Object], [Object], [Object],
87 warn ERESOLVE       [Object], [Object], [Object], [Object], [Object], [Object],
87 warn ERESOLVE       [Object], [Object], [Object], [Object], [Object], [Object],
87 warn ERESOLVE       [Object], [Object], [Object], [Object], [Object], [Object],
87 warn ERESOLVE       [Object], [Object], [Object], [Object], [Object], [Object],
87 warn ERESOLVE       [Object], [Object], [Object], [Object], [Object], [Object],
87 warn ERESOLVE       [Object], [Object], [Object], [Object], [Object], [Object],
87 warn ERESOLVE       [Object], [Object], [Object], [Object], [Object], [Object],
87 warn ERESOLVE       [Object], [Object], [Object], [Object], [Object], [Object],
87 warn ERESOLVE       [Object], [Object], [Object], [Object], [Object], [Object],
87 warn ERESOLVE       [Object], [Object], [Object], [Object], [Object], [Object],
87 warn ERESOLVE       [Object], [Object], [Object], [Object], [Object], [Object],
87 warn ERESOLVE       [Object], [Object], [Object], [Object], [Object], [Object],
87 warn ERESOLVE       [Object], [Object], [Object], [Object], [Object], [Object],
87 warn ERESOLVE       [Object], [Object], [Object], [Object], [Object], [Object],
87 warn ERESOLVE       [Object]
87 warn ERESOLVE     ]
87 warn ERESOLVE   }
87 warn ERESOLVE }
88 warn ERESOLVE overriding peer dependency {
88 warn ERESOLVE   code: 'ERESOLVE',
88 warn ERESOLVE   edge: {
88 warn ERESOLVE     type: 'peer',
88 warn ERESOLVE     name: 'react',
88 warn ERESOLVE     spec: '^19.2.0',
88 warn ERESOLVE     from: {
88 warn ERESOLVE       name: 'react-dom',
88 warn ERESOLVE       version: '19.2.0',
88 warn ERESOLVE       location: 'node_modules/react-dom',
88 warn ERESOLVE       isWorkspace: false,
88 warn ERESOLVE       dependents: [Array]
88 warn ERESOLVE     }
88 warn ERESOLVE   },
88 warn ERESOLVE   dep: {
88 warn ERESOLVE     name: 'react',
88 warn ERESOLVE     version: undefined,
88 warn ERESOLVE     errors: [ [FetchError] ],
88 warn ERESOLVE     package: {},
88 warn ERESOLVE     whileInstalling: {
88 warn ERESOLVE       name: 'react-popper',
88 warn ERESOLVE       version: '2.3.0',
88 warn ERESOLVE       path: '/Users/fujirio75/dev/w3software/node_modules/react-popper'
88 warn ERESOLVE     },
88 warn ERESOLVE     location: 'node_modules/react',
88 warn ERESOLVE     isWorkspace: false,
88 warn ERESOLVE     dependents: [ [Object] ]
88 warn ERESOLVE   },
88 warn ERESOLVE   force: false,
88 warn ERESOLVE   isMine: true,
88 warn ERESOLVE   strictPeerDeps: false,
88 warn ERESOLVE   current: {
88 warn ERESOLVE     name: 'react',
88 warn ERESOLVE     version: '19.2.0',
88 warn ERESOLVE     location: 'node_modules/react',
88 warn ERESOLVE     isWorkspace: false,
88 warn ERESOLVE     dependents: [
88 warn ERESOLVE       [Object], [Object], [Object], [Object], [Object], [Object],
88 warn ERESOLVE       [Object], [Object], [Object], [Object], [Object], [Object],
88 warn ERESOLVE       [Object], [Object], [Object], [Object], [Object], [Object],
88 warn ERESOLVE       [Object], [Object], [Object], [Object], [Object], [Object],
88 warn ERESOLVE       [Object], [Object], [Object], [Object], [Object], [Object],
88 warn ERESOLVE       [Object], [Object], [Object], [Object], [Object], [Object],
88 warn ERESOLVE       [Object], [Object], [Object], [Object], [Object], [Object],
88 warn ERESOLVE       [Object], [Object], [Object], [Object], [Object], [Object],
88 warn ERESOLVE       [Object], [Object], [Object], [Object], [Object], [Object],
88 warn ERESOLVE       [Object], [Object], [Object], [Object], [Object], [Object],
88 warn ERESOLVE       [Object], [Object], [Object], [Object], [Object], [Object],
88 warn ERESOLVE       [Object], [Object], [Object], [Object], [Object], [Object],
88 warn ERESOLVE       [Object], [Object], [Object], [Object], [Object], [Object],
88 warn ERESOLVE       [Object], [Object], [Object], [Object], [Object], [Object],
88 warn ERESOLVE       [Object], [Object], [Object], [Object], [Object], [Object],
88 warn ERESOLVE       [Object]
88 warn ERESOLVE     ]
88 warn ERESOLVE   }
88 warn ERESOLVE }
89 warn ERESOLVE overriding peer dependency {
89 warn ERESOLVE   code: 'ERESOLVE',
89 warn ERESOLVE   edge: {
89 warn ERESOLVE     type: 'peer',
89 warn ERESOLVE     name: 'react',
89 warn ERESOLVE     spec: '^19.2.0',
89 warn ERESOLVE     from: {
89 warn ERESOLVE       name: 'react-dom',
89 warn ERESOLVE       version: '19.2.0',
89 warn ERESOLVE       location: 'node_modules/react-dom',
89 warn ERESOLVE       isWorkspace: false,
89 warn ERESOLVE       dependents: [Array]
89 warn ERESOLVE     }
89 warn ERESOLVE   },
89 warn ERESOLVE   dep: {
89 warn ERESOLVE     name: 'react',
89 warn ERESOLVE     version: undefined,
89 warn ERESOLVE     errors: [ [FetchError] ],
89 warn ERESOLVE     package: {},
89 warn ERESOLVE     whileInstalling: {
89 warn ERESOLVE       name: 'react-popper',
89 warn ERESOLVE       version: '2.3.0',
89 warn ERESOLVE       path: '/Users/fujirio75/dev/w3software/node_modules/react-popper'
89 warn ERESOLVE     },
89 warn ERESOLVE     location: 'node_modules/react',
89 warn ERESOLVE     isWorkspace: false,
89 warn ERESOLVE     dependents: [ [Object] ]
89 warn ERESOLVE   },
89 warn ERESOLVE   force: false,
89 warn ERESOLVE   isMine: true,
89 warn ERESOLVE   strictPeerDeps: false,
89 warn ERESOLVE   current: {
89 warn ERESOLVE     name: 'react',
89 warn ERESOLVE     version: '19.2.0',
89 warn ERESOLVE     location: 'node_modules/react',
89 warn ERESOLVE     isWorkspace: false,
89 warn ERESOLVE     dependents: [
89 warn ERESOLVE       [Object], [Object], [Object], [Object], [Object], [Object],
89 warn ERESOLVE       [Object], [Object], [Object], [Object], [Object], [Object],
89 warn ERESOLVE       [Object], [Object], [Object], [Object], [Object], [Object],
89 warn ERESOLVE       [Object], [Object], [Object], [Object], [Object], [Object],
89 warn ERESOLVE       [Object], [Object], [Object], [Object], [Object], [Object],
89 warn ERESOLVE       [Object], [Object], [Object], [Object], [Object], [Object],
89 warn ERESOLVE       [Object], [Object], [Object], [Object], [Object], [Object],
89 warn ERESOLVE       [Object], [Object], [Object], [Object], [Object], [Object],
89 warn ERESOLVE       [Object], [Object], [Object], [Object], [Object], [Object],
89 warn ERESOLVE       [Object], [Object], [Object], [Object], [Object], [Object],
89 warn ERESOLVE       [Object], [Object], [Object], [Object], [Object], [Object],
89 warn ERESOLVE       [Object], [Object], [Object], [Object], [Object], [Object],
89 warn ERESOLVE       [Object], [Object], [Object], [Object], [Object], [Object],
89 warn ERESOLVE       [Object], [Object], [Object], [Object], [Object], [Object],
89 warn ERESOLVE       [Object], [Object], [Object], [Object], [Object], [Object],
89 warn ERESOLVE       [Object]
89 warn ERESOLVE     ]
89 warn ERESOLVE   }
89 warn ERESOLVE }
90 warn ERESOLVE overriding peer dependency {
90 warn ERESOLVE   code: 'ERESOLVE',
90 warn ERESOLVE   edge: {
90 warn ERESOLVE     type: 'peer',
90 warn ERESOLVE     name: 'react',
90 warn ERESOLVE     spec: '^19.2.0',
90 warn ERESOLVE     from: {
90 warn ERESOLVE       name: 'react-dom',
90 warn ERESOLVE       version: '19.2.0',
90 warn ERESOLVE       location: 'node_modules/react-dom',
90 warn ERESOLVE       isWorkspace: false,
90 warn ERESOLVE       dependents: [Array]
90 warn ERESOLVE     }
90 warn ERESOLVE   },
90 warn ERESOLVE   dep: {
90 warn ERESOLVE     name: 'react',
90 warn ERESOLVE     version: undefined,
90 warn ERESOLVE     errors: [ [FetchError] ],
90 warn ERESOLVE     package: {},
90 warn ERESOLVE     whileInstalling: {
90 warn ERESOLVE       name: 'react-popper',
90 warn ERESOLVE       version: '2.3.0',
90 warn ERESOLVE       path: '/Users/fujirio75/dev/w3software/node_modules/react-popper'
90 warn ERESOLVE     },
90 warn ERESOLVE     location: 'node_modules/react',
90 warn ERESOLVE     isWorkspace: false,
90 warn ERESOLVE     dependents: [ [Object] ]
90 warn ERESOLVE   },
90 warn ERESOLVE   force: false,
90 warn ERESOLVE   isMine: true,
90 warn ERESOLVE   strictPeerDeps: false,
90 warn ERESOLVE   current: {
90 warn ERESOLVE     name: 'react',
90 warn ERESOLVE     version: '19.2.0',
90 warn ERESOLVE     location: 'node_modules/react',
90 warn ERESOLVE     isWorkspace: false,
90 warn ERESOLVE     dependents: [
90 warn ERESOLVE       [Object], [Object], [Object], [Object], [Object], [Object],
90 warn ERESOLVE       [Object], [Object], [Object], [Object], [Object], [Object],
90 warn ERESOLVE       [Object], [Object], [Object], [Object], [Object], [Object],
90 warn ERESOLVE       [Object], [Object], [Object], [Object], [Object], [Object],
90 warn ERESOLVE       [Object], [Object], [Object], [Object], [Object], [Object],
90 warn ERESOLVE       [Object], [Object], [Object], [Object], [Object], [Object],
90 warn ERESOLVE       [Object], [Object], [Object], [Object], [Object], [Object],
90 warn ERESOLVE       [Object], [Object], [Object], [Object], [Object], [Object],
90 warn ERESOLVE       [Object], [Object], [Object], [Object], [Object], [Object],
90 warn ERESOLVE       [Object], [Object], [Object], [Object], [Object], [Object],
90 warn ERESOLVE       [Object], [Object], [Object], [Object], [Object], [Object],
90 warn ERESOLVE       [Object], [Object], [Object], [Object], [Object], [Object],
90 warn ERESOLVE       [Object], [Object], [Object], [Object], [Object], [Object],
90 warn ERESOLVE       [Object], [Object], [Object], [Object], [Object], [Object],
90 warn ERESOLVE       [Object], [Object], [Object], [Object], [Object], [Object],
90 warn ERESOLVE       [Object]
90 warn ERESOLVE     ]
90 warn ERESOLVE   }
90 warn ERESOLVE }
91 warn ERESOLVE overriding peer dependency {
91 warn ERESOLVE   code: 'ERESOLVE',
91 warn ERESOLVE   edge: {
91 warn ERESOLVE     type: 'peer',
91 warn ERESOLVE     name: 'react',
91 warn ERESOLVE     spec: '^19.2.0',
91 warn ERESOLVE     from: {
91 warn ERESOLVE       name: 'react-dom',
91 warn ERESOLVE       version: '19.2.0',
91 warn ERESOLVE       location: 'node_modules/react-dom',
91 warn ERESOLVE       isWorkspace: false,
91 warn ERESOLVE       dependents: [Array]
91 warn ERESOLVE     }
91 warn ERESOLVE   },
91 warn ERESOLVE   dep: {
91 warn ERESOLVE     name: 'react',
91 warn ERESOLVE     version: undefined,
91 warn ERESOLVE     errors: [ [FetchError] ],
91 warn ERESOLVE     package: {},
91 warn ERESOLVE     whileInstalling: {
91 warn ERESOLVE       name: 'react-popper',
91 warn ERESOLVE       version: '2.3.0',
91 warn ERESOLVE       path: '/Users/fujirio75/dev/w3software/node_modules/react-popper'
91 warn ERESOLVE     },
91 warn ERESOLVE     location: 'node_modules/react',
91 warn ERESOLVE     isWorkspace: false,
91 warn ERESOLVE     dependents: [ [Object] ]
91 warn ERESOLVE   },
91 warn ERESOLVE   force: false,
91 warn ERESOLVE   isMine: true,
91 warn ERESOLVE   strictPeerDeps: false,
91 warn ERESOLVE   current: {
91 warn ERESOLVE     name: 'react',
91 warn ERESOLVE     version: '19.2.0',
91 warn ERESOLVE     location: 'node_modules/react',
91 warn ERESOLVE     isWorkspace: false,
91 warn ERESOLVE     dependents: [
91 warn ERESOLVE       [Object], [Object], [Object], [Object], [Object], [Object],
91 warn ERESOLVE       [Object], [Object], [Object], [Object], [Object], [Object],
91 warn ERESOLVE       [Object], [Object], [Object], [Object], [Object], [Object],
91 warn ERESOLVE       [Object], [Object], [Object], [Object], [Object], [Object],
91 warn ERESOLVE       [Object], [Object], [Object], [Object], [Object], [Object],
91 warn ERESOLVE       [Object], [Object], [Object], [Object], [Object], [Object],
91 warn ERESOLVE       [Object], [Object], [Object], [Object], [Object], [Object],
91 warn ERESOLVE       [Object], [Object], [Object], [Object], [Object], [Object],
91 warn ERESOLVE       [Object], [Object], [Object], [Object], [Object], [Object],
91 warn ERESOLVE       [Object], [Object], [Object], [Object], [Object], [Object],
91 warn ERESOLVE       [Object], [Object], [Object], [Object], [Object], [Object],
91 warn ERESOLVE       [Object], [Object], [Object], [Object], [Object], [Object],
91 warn ERESOLVE       [Object], [Object], [Object], [Object], [Object], [Object],
91 warn ERESOLVE       [Object], [Object], [Object], [Object], [Object], [Object],
91 warn ERESOLVE       [Object], [Object], [Object], [Object], [Object], [Object],
91 warn ERESOLVE       [Object]
91 warn ERESOLVE     ]
91 warn ERESOLVE   }
91 warn ERESOLVE }
92 warn ERESOLVE overriding peer dependency {
92 warn ERESOLVE   code: 'ERESOLVE',
92 warn ERESOLVE   edge: {
92 warn ERESOLVE     type: 'peer',
92 warn ERESOLVE     name: 'react',
92 warn ERESOLVE     spec: '^19.2.0',
92 warn ERESOLVE     from: {
92 warn ERESOLVE       name: 'react-dom',
92 warn ERESOLVE       version: '19.2.0',
92 warn ERESOLVE       location: 'node_modules/react-dom',
92 warn ERESOLVE       isWorkspace: false,
92 warn ERESOLVE       dependents: [Array]
92 warn ERESOLVE     }
92 warn ERESOLVE   },
92 warn ERESOLVE   dep: {
92 warn ERESOLVE     name: 'react',
92 warn ERESOLVE     version: undefined,
92 warn ERESOLVE     errors: [ [FetchError] ],
92 warn ERESOLVE     package: {},
92 warn ERESOLVE     whileInstalling: {
92 warn ERESOLVE       name: 'react-popper',
92 warn ERESOLVE       version: '2.3.0',
92 warn ERESOLVE       path: '/Users/fujirio75/dev/w3software/node_modules/react-popper'
92 warn ERESOLVE     },
92 warn ERESOLVE     location: 'node_modules/react',
92 warn ERESOLVE     isWorkspace: false,
92 warn ERESOLVE     dependents: [ [Object] ]
92 warn ERESOLVE   },
92 warn ERESOLVE   force: false,
92 warn ERESOLVE   isMine: true,
92 warn ERESOLVE   strictPeerDeps: false,
92 warn ERESOLVE   current: {
92 warn ERESOLVE     name: 'react',
92 warn ERESOLVE     version: '19.2.0',
92 warn ERESOLVE     location: 'node_modules/react',
92 warn ERESOLVE     isWorkspace: false,
92 warn ERESOLVE     dependents: [
92 warn ERESOLVE       [Object], [Object], [Object], [Object], [Object], [Object],
92 warn ERESOLVE       [Object], [Object], [Object], [Object], [Object], [Object],
92 warn ERESOLVE       [Object], [Object], [Object], [Object], [Object], [Object],
92 warn ERESOLVE       [Object], [Object], [Object], [Object], [Object], [Object],
92 warn ERESOLVE       [Object], [Object], [Object], [Object], [Object], [Object],
92 warn ERESOLVE       [Object], [Object], [Object], [Object], [Object], [Object],
92 warn ERESOLVE       [Object], [Object], [Object], [Object], [Object], [Object],
92 warn ERESOLVE       [Object], [Object], [Object], [Object], [Object], [Object],
92 warn ERESOLVE       [Object], [Object], [Object], [Object], [Object], [Object],
92 warn ERESOLVE       [Object], [Object], [Object], [Object], [Object], [Object],
92 warn ERESOLVE       [Object], [Object], [Object], [Object], [Object], [Object],
92 warn ERESOLVE       [Object], [Object], [Object], [Object], [Object], [Object],
92 warn ERESOLVE       [Object], [Object], [Object], [Object], [Object], [Object],
92 warn ERESOLVE       [Object], [Object], [Object], [Object], [Object], [Object],
92 warn ERESOLVE       [Object], [Object], [Object], [Object], [Object], [Object],
92 warn ERESOLVE       [Object]
92 warn ERESOLVE     ]
92 warn ERESOLVE   }
92 warn ERESOLVE }
93 warn ERESOLVE overriding peer dependency {
93 warn ERESOLVE   code: 'ERESOLVE',
93 warn ERESOLVE   edge: {
93 warn ERESOLVE     type: 'peer',
93 warn ERESOLVE     name: 'react',
93 warn ERESOLVE     spec: '^19.2.0',
93 warn ERESOLVE     from: {
93 warn ERESOLVE       name: 'react-dom',
93 warn ERESOLVE       version: '19.2.0',
93 warn ERESOLVE       location: 'node_modules/react-dom',
93 warn ERESOLVE       isWorkspace: false,
93 warn ERESOLVE       dependents: [Array]
93 warn ERESOLVE     }
93 warn ERESOLVE   },
93 warn ERESOLVE   dep: {
93 warn ERESOLVE     name: 'react',
93 warn ERESOLVE     version: undefined,
93 warn ERESOLVE     errors: [ [FetchError] ],
93 warn ERESOLVE     package: {},
93 warn ERESOLVE     whileInstalling: {
93 warn ERESOLVE       name: 'react-popper',
93 warn ERESOLVE       version: '2.3.0',
93 warn ERESOLVE       path: '/Users/fujirio75/dev/w3software/node_modules/react-popper'
93 warn ERESOLVE     },
93 warn ERESOLVE     location: 'node_modules/react',
93 warn ERESOLVE     isWorkspace: false,
93 warn ERESOLVE     dependents: [ [Object] ]
93 warn ERESOLVE   },
93 warn ERESOLVE   force: false,
93 warn ERESOLVE   isMine: true,
93 warn ERESOLVE   strictPeerDeps: false,
93 warn ERESOLVE   current: {
93 warn ERESOLVE     name: 'react',
93 warn ERESOLVE     version: '19.2.0',
93 warn ERESOLVE     location: 'node_modules/react',
93 warn ERESOLVE     isWorkspace: false,
93 warn ERESOLVE     dependents: [
93 warn ERESOLVE       [Object], [Object], [Object], [Object], [Object], [Object],
93 warn ERESOLVE       [Object], [Object], [Object], [Object], [Object], [Object],
93 warn ERESOLVE       [Object], [Object], [Object], [Object], [Object], [Object],
93 warn ERESOLVE       [Object], [Object], [Object], [Object], [Object], [Object],
93 warn ERESOLVE       [Object], [Object], [Object], [Object], [Object], [Object],
93 warn ERESOLVE       [Object], [Object], [Object], [Object], [Object], [Object],
93 warn ERESOLVE       [Object], [Object], [Object], [Object], [Object], [Object],
93 warn ERESOLVE       [Object], [Object], [Object], [Object], [Object], [Object],
93 warn ERESOLVE       [Object], [Object], [Object], [Object], [Object], [Object],
93 warn ERESOLVE       [Object], [Object], [Object], [Object], [Object], [Object],
93 warn ERESOLVE       [Object], [Object], [Object], [Object], [Object], [Object],
93 warn ERESOLVE       [Object], [Object], [Object], [Object], [Object], [Object],
93 warn ERESOLVE       [Object], [Object], [Object], [Object], [Object], [Object],
93 warn ERESOLVE       [Object], [Object], [Object], [Object], [Object], [Object],
93 warn ERESOLVE       [Object], [Object], [Object], [Object], [Object], [Object],
93 warn ERESOLVE       [Object]
93 warn ERESOLVE     ]
93 warn ERESOLVE   }
93 warn ERESOLVE }
94 warn ERESOLVE overriding peer dependency {
94 warn ERESOLVE   code: 'ERESOLVE',
94 warn ERESOLVE   edge: {
94 warn ERESOLVE     type: 'peer',
94 warn ERESOLVE     name: 'react',
94 warn ERESOLVE     spec: '^19.2.0',
94 warn ERESOLVE     from: {
94 warn ERESOLVE       name: 'react-dom',
94 warn ERESOLVE       version: '19.2.0',
94 warn ERESOLVE       location: 'node_modules/react-dom',
94 warn ERESOLVE       isWorkspace: false,
94 warn ERESOLVE       dependents: [Array]
94 warn ERESOLVE     }
94 warn ERESOLVE   },
94 warn ERESOLVE   dep: {
94 warn ERESOLVE     name: 'react',
94 warn ERESOLVE     version: undefined,
94 warn ERESOLVE     errors: [ [FetchError] ],
94 warn ERESOLVE     package: {},
94 warn ERESOLVE     whileInstalling: {
94 warn ERESOLVE       name: 'react-popper',
94 warn ERESOLVE       version: '2.3.0',
94 warn ERESOLVE       path: '/Users/fujirio75/dev/w3software/node_modules/react-popper'
94 warn ERESOLVE     },
94 warn ERESOLVE     location: 'node_modules/react',
94 warn ERESOLVE     isWorkspace: false,
94 warn ERESOLVE     dependents: [ [Object] ]
94 warn ERESOLVE   },
94 warn ERESOLVE   force: false,
94 warn ERESOLVE   isMine: true,
94 warn ERESOLVE   strictPeerDeps: false,
94 warn ERESOLVE   current: {
94 warn ERESOLVE     name: 'react',
94 warn ERESOLVE     version: '19.2.0',
94 warn ERESOLVE     location: 'node_modules/react',
94 warn ERESOLVE     isWorkspace: false,
94 warn ERESOLVE     dependents: [
94 warn ERESOLVE       [Object], [Object], [Object], [Object], [Object], [Object],
94 warn ERESOLVE       [Object], [Object], [Object], [Object], [Object], [Object],
94 warn ERESOLVE       [Object], [Object], [Object], [Object], [Object], [Object],
94 warn ERESOLVE       [Object], [Object], [Object], [Object], [Object], [Object],
94 warn ERESOLVE       [Object], [Object], [Object], [Object], [Object], [Object],
94 warn ERESOLVE       [Object], [Object], [Object], [Object], [Object], [Object],
94 warn ERESOLVE       [Object], [Object], [Object], [Object], [Object], [Object],
94 warn ERESOLVE       [Object], [Object], [Object], [Object], [Object], [Object],
94 warn ERESOLVE       [Object], [Object], [Object], [Object], [Object], [Object],
94 warn ERESOLVE       [Object], [Object], [Object], [Object], [Object], [Object],
94 warn ERESOLVE       [Object], [Object], [Object], [Object], [Object], [Object],
94 warn ERESOLVE       [Object], [Object], [Object], [Object], [Object], [Object],
94 warn ERESOLVE       [Object], [Object], [Object], [Object], [Object], [Object],
94 warn ERESOLVE       [Object], [Object], [Object], [Object], [Object], [Object],
94 warn ERESOLVE       [Object], [Object], [Object], [Object], [Object], [Object],
94 warn ERESOLVE       [Object]
94 warn ERESOLVE     ]
94 warn ERESOLVE   }
94 warn ERESOLVE }
95 warn ERESOLVE overriding peer dependency {
95 warn ERESOLVE   code: 'ERESOLVE',
95 warn ERESOLVE   edge: {
95 warn ERESOLVE     type: 'peer',
95 warn ERESOLVE     name: 'react',
95 warn ERESOLVE     spec: '^19.2.0',
95 warn ERESOLVE     from: {
95 warn ERESOLVE       name: 'react-dom',
95 warn ERESOLVE       version: '19.2.0',
95 warn ERESOLVE       location: 'node_modules/react-dom',
95 warn ERESOLVE       isWorkspace: false,
95 warn ERESOLVE       dependents: [Array]
95 warn ERESOLVE     }
95 warn ERESOLVE   },
95 warn ERESOLVE   dep: {
95 warn ERESOLVE     name: 'react',
95 warn ERESOLVE     version: undefined,
95 warn ERESOLVE     errors: [ [FetchError] ],
95 warn ERESOLVE     package: {},
95 warn ERESOLVE     whileInstalling: {
95 warn ERESOLVE       name: 'react-popper',
95 warn ERESOLVE       version: '2.3.0',
95 warn ERESOLVE       path: '/Users/fujirio75/dev/w3software/node_modules/react-popper'
95 warn ERESOLVE     },
95 warn ERESOLVE     location: 'node_modules/react',
95 warn ERESOLVE     isWorkspace: false,
95 warn ERESOLVE     dependents: [ [Object] ]
95 warn ERESOLVE   },
95 warn ERESOLVE   force: false,
95 warn ERESOLVE   isMine: true,
95 warn ERESOLVE   strictPeerDeps: false,
95 warn ERESOLVE   current: {
95 warn ERESOLVE     name: 'react',
95 warn ERESOLVE     version: '19.2.0',
95 warn ERESOLVE     location: 'node_modules/react',
95 warn ERESOLVE     isWorkspace: false,
95 warn ERESOLVE     dependents: [
95 warn ERESOLVE       [Object], [Object], [Object], [Object], [Object], [Object],
95 warn ERESOLVE       [Object], [Object], [Object], [Object], [Object], [Object],
95 warn ERESOLVE       [Object], [Object], [Object], [Object], [Object], [Object],
95 warn ERESOLVE       [Object], [Object], [Object], [Object], [Object], [Object],
95 warn ERESOLVE       [Object], [Object], [Object], [Object], [Object], [Object],
95 warn ERESOLVE       [Object], [Object], [Object], [Object], [Object], [Object],
95 warn ERESOLVE       [Object], [Object], [Object], [Object], [Object], [Object],
95 warn ERESOLVE       [Object], [Object], [Object], [Object], [Object], [Object],
95 warn ERESOLVE       [Object], [Object], [Object], [Object], [Object], [Object],
95 warn ERESOLVE       [Object], [Object], [Object], [Object], [Object], [Object],
95 warn ERESOLVE       [Object], [Object], [Object], [Object], [Object], [Object],
95 warn ERESOLVE       [Object], [Object], [Object], [Object], [Object], [Object],
95 warn ERESOLVE       [Object], [Object], [Object], [Object], [Object], [Object],
95 warn ERESOLVE       [Object], [Object], [Object], [Object], [Object], [Object],
95 warn ERESOLVE       [Object], [Object], [Object], [Object], [Object], [Object],
95 warn ERESOLVE       [Object]
95 warn ERESOLVE     ]
95 warn ERESOLVE   }
95 warn ERESOLVE }
96 warn ERESOLVE overriding peer dependency {
96 warn ERESOLVE   code: 'ERESOLVE',
96 warn ERESOLVE   edge: {
96 warn ERESOLVE     type: 'peer',
96 warn ERESOLVE     name: 'react',
96 warn ERESOLVE     spec: '^19.2.0',
96 warn ERESOLVE     from: {
96 warn ERESOLVE       name: 'react-dom',
96 warn ERESOLVE       version: '19.2.0',
96 warn ERESOLVE       location: 'node_modules/react-dom',
96 warn ERESOLVE       isWorkspace: false,
96 warn ERESOLVE       dependents: [Array]
96 warn ERESOLVE     }
96 warn ERESOLVE   },
96 warn ERESOLVE   dep: {
96 warn ERESOLVE     name: 'react',
96 warn ERESOLVE     version: undefined,
96 warn ERESOLVE     errors: [ [FetchError] ],
96 warn ERESOLVE     package: {},
96 warn ERESOLVE     whileInstalling: {
96 warn ERESOLVE       name: 'react-popper',
96 warn ERESOLVE       version: '2.3.0',
96 warn ERESOLVE       path: '/Users/fujirio75/dev/w3software/node_modules/react-popper'
96 warn ERESOLVE     },
96 warn ERESOLVE     location: 'node_modules/react',
96 warn ERESOLVE     isWorkspace: false,
96 warn ERESOLVE     dependents: [ [Object] ]
96 warn ERESOLVE   },
96 warn ERESOLVE   force: false,
96 warn ERESOLVE   isMine: true,
96 warn ERESOLVE   strictPeerDeps: false,
96 warn ERESOLVE   current: {
96 warn ERESOLVE     name: 'react',
96 warn ERESOLVE     version: '19.2.0',
96 warn ERESOLVE     location: 'node_modules/react',
96 warn ERESOLVE     isWorkspace: false,
96 warn ERESOLVE     dependents: [
96 warn ERESOLVE       [Object], [Object], [Object], [Object], [Object], [Object],
96 warn ERESOLVE       [Object], [Object], [Object], [Object], [Object], [Object],
96 warn ERESOLVE       [Object], [Object], [Object], [Object], [Object], [Object],
96 warn ERESOLVE       [Object], [Object], [Object], [Object], [Object], [Object],
96 warn ERESOLVE       [Object], [Object], [Object], [Object], [Object], [Object],
96 warn ERESOLVE       [Object], [Object], [Object], [Object], [Object], [Object],
96 warn ERESOLVE       [Object], [Object], [Object], [Object], [Object], [Object],
96 warn ERESOLVE       [Object], [Object], [Object], [Object], [Object], [Object],
96 warn ERESOLVE       [Object], [Object], [Object], [Object], [Object], [Object],
96 warn ERESOLVE       [Object], [Object], [Object], [Object], [Object], [Object],
96 warn ERESOLVE       [Object], [Object], [Object], [Object], [Object], [Object],
96 warn ERESOLVE       [Object], [Object], [Object], [Object], [Object], [Object],
96 warn ERESOLVE       [Object], [Object], [Object], [Object], [Object], [Object],
96 warn ERESOLVE       [Object], [Object], [Object], [Object], [Object], [Object],
96 warn ERESOLVE       [Object], [Object], [Object], [Object], [Object], [Object],
96 warn ERESOLVE       [Object]
96 warn ERESOLVE     ]
96 warn ERESOLVE   }
96 warn ERESOLVE }
97 warn ERESOLVE overriding peer dependency {
97 warn ERESOLVE   code: 'ERESOLVE',
97 warn ERESOLVE   edge: {
97 warn ERESOLVE     type: 'peer',
97 warn ERESOLVE     name: 'react',
97 warn ERESOLVE     spec: '^19.2.0',
97 warn ERESOLVE     from: {
97 warn ERESOLVE       name: 'react-dom',
97 warn ERESOLVE       version: '19.2.0',
97 warn ERESOLVE       location: 'node_modules/react-dom',
97 warn ERESOLVE       isWorkspace: false,
97 warn ERESOLVE       dependents: [Array]
97 warn ERESOLVE     }
97 warn ERESOLVE   },
97 warn ERESOLVE   dep: {
97 warn ERESOLVE     name: 'react',
97 warn ERESOLVE     version: undefined,
97 warn ERESOLVE     errors: [ [FetchError] ],
97 warn ERESOLVE     package: {},
97 warn ERESOLVE     whileInstalling: {
97 warn ERESOLVE       name: 'react-popper',
97 warn ERESOLVE       version: '2.3.0',
97 warn ERESOLVE       path: '/Users/fujirio75/dev/w3software/node_modules/react-popper'
97 warn ERESOLVE     },
97 warn ERESOLVE     location: 'node_modules/react',
97 warn ERESOLVE     isWorkspace: false,
97 warn ERESOLVE     dependents: [ [Object] ]
97 warn ERESOLVE   },
97 warn ERESOLVE   force: false,
97 warn ERESOLVE   isMine: true,
97 warn ERESOLVE   strictPeerDeps: false,
97 warn ERESOLVE   current: {
97 warn ERESOLVE     name: 'react',
97 warn ERESOLVE     version: '19.2.0',
97 warn ERESOLVE     location: 'node_modules/react',
97 warn ERESOLVE     isWorkspace: false,
97 warn ERESOLVE     dependents: [
97 warn ERESOLVE       [Object], [Object], [Object], [Object], [Object], [Object],
97 warn ERESOLVE       [Object], [Object], [Object], [Object], [Object], [Object],
97 warn ERESOLVE       [Object], [Object], [Object], [Object], [Object], [Object],
97 warn ERESOLVE       [Object], [Object], [Object], [Object], [Object], [Object],
97 warn ERESOLVE       [Object], [Object], [Object], [Object], [Object], [Object],
97 warn ERESOLVE       [Object], [Object], [Object], [Object], [Object], [Object],
97 warn ERESOLVE       [Object], [Object], [Object], [Object], [Object], [Object],
97 warn ERESOLVE       [Object], [Object], [Object], [Object], [Object], [Object],
97 warn ERESOLVE       [Object], [Object], [Object], [Object], [Object], [Object],
97 warn ERESOLVE       [Object], [Object], [Object], [Object], [Object], [Object],
97 warn ERESOLVE       [Object], [Object], [Object], [Object], [Object], [Object],
97 warn ERESOLVE       [Object], [Object], [Object], [Object], [Object], [Object],
97 warn ERESOLVE       [Object], [Object], [Object], [Object], [Object], [Object],
97 warn ERESOLVE       [Object], [Object], [Object], [Object], [Object], [Object],
97 warn ERESOLVE       [Object], [Object], [Object], [Object], [Object], [Object],
97 warn ERESOLVE       [Object]
97 warn ERESOLVE     ]
97 warn ERESOLVE   }
97 warn ERESOLVE }
98 warn ERESOLVE overriding peer dependency {
98 warn ERESOLVE   code: 'ERESOLVE',
98 warn ERESOLVE   edge: {
98 warn ERESOLVE     type: 'peer',
98 warn ERESOLVE     name: 'react',
98 warn ERESOLVE     spec: '^19.2.0',
98 warn ERESOLVE     from: {
98 warn ERESOLVE       name: 'react-dom',
98 warn ERESOLVE       version: '19.2.0',
98 warn ERESOLVE       location: 'node_modules/react-dom',
98 warn ERESOLVE       isWorkspace: false,
98 warn ERESOLVE       dependents: [Array]
98 warn ERESOLVE     }
98 warn ERESOLVE   },
98 warn ERESOLVE   dep: {
98 warn ERESOLVE     name: 'react',
98 warn ERESOLVE     version: undefined,
98 warn ERESOLVE     errors: [ [FetchError] ],
98 warn ERESOLVE     package: {},
98 warn ERESOLVE     whileInstalling: {
98 warn ERESOLVE       name: 'react-popper',
98 warn ERESOLVE       version: '2.3.0',
98 warn ERESOLVE       path: '/Users/fujirio75/dev/w3software/node_modules/react-popper'
98 warn ERESOLVE     },
98 warn ERESOLVE     location: 'node_modules/react',
98 warn ERESOLVE     isWorkspace: false,
98 warn ERESOLVE     dependents: [ [Object] ]
98 warn ERESOLVE   },
98 warn ERESOLVE   force: false,
98 warn ERESOLVE   isMine: true,
98 warn ERESOLVE   strictPeerDeps: false,
98 warn ERESOLVE   current: {
98 warn ERESOLVE     name: 'react',
98 warn ERESOLVE     version: '19.2.0',
98 warn ERESOLVE     location: 'node_modules/react',
98 warn ERESOLVE     isWorkspace: false,
98 warn ERESOLVE     dependents: [
98 warn ERESOLVE       [Object], [Object], [Object], [Object], [Object], [Object],
98 warn ERESOLVE       [Object], [Object], [Object], [Object], [Object], [Object],
98 warn ERESOLVE       [Object], [Object], [Object], [Object], [Object], [Object],
98 warn ERESOLVE       [Object], [Object], [Object], [Object], [Object], [Object],
98 warn ERESOLVE       [Object], [Object], [Object], [Object], [Object], [Object],
98 warn ERESOLVE       [Object], [Object], [Object], [Object], [Object], [Object],
98 warn ERESOLVE       [Object], [Object], [Object], [Object], [Object], [Object],
98 warn ERESOLVE       [Object], [Object], [Object], [Object], [Object], [Object],
98 warn ERESOLVE       [Object], [Object], [Object], [Object], [Object], [Object],
98 warn ERESOLVE       [Object], [Object], [Object], [Object], [Object], [Object],
98 warn ERESOLVE       [Object], [Object], [Object], [Object], [Object], [Object],
98 warn ERESOLVE       [Object], [Object], [Object], [Object], [Object], [Object],
98 warn ERESOLVE       [Object], [Object], [Object], [Object], [Object], [Object],
98 warn ERESOLVE       [Object], [Object], [Object], [Object], [Object], [Object],
98 warn ERESOLVE       [Object], [Object], [Object], [Object], [Object], [Object],
98 warn ERESOLVE       [Object]
98 warn ERESOLVE     ]
98 warn ERESOLVE   }
98 warn ERESOLVE }
99 warn ERESOLVE overriding peer dependency {
99 warn ERESOLVE   code: 'ERESOLVE',
99 warn ERESOLVE   edge: {
99 warn ERESOLVE     type: 'peer',
99 warn ERESOLVE     name: 'react',
99 warn ERESOLVE     spec: '^19.2.0',
99 warn ERESOLVE     from: {
99 warn ERESOLVE       name: 'react-dom',
99 warn ERESOLVE       version: '19.2.0',
99 warn ERESOLVE       location: 'node_modules/react-dom',
99 warn ERESOLVE       isWorkspace: false,
99 warn ERESOLVE       dependents: [Array]
99 warn ERESOLVE     }
99 warn ERESOLVE   },
99 warn ERESOLVE   dep: {
99 warn ERESOLVE     name: 'react',
99 warn ERESOLVE     version: undefined,
99 warn ERESOLVE     errors: [ [FetchError] ],
99 warn ERESOLVE     package: {},
99 warn ERESOLVE     whileInstalling: {
99 warn ERESOLVE       name: 'react-popper',
99 warn ERESOLVE       version: '2.3.0',
99 warn ERESOLVE       path: '/Users/fujirio75/dev/w3software/node_modules/react-popper'
99 warn ERESOLVE     },
99 warn ERESOLVE     location: 'node_modules/react',
99 warn ERESOLVE     isWorkspace: false,
99 warn ERESOLVE     dependents: [ [Object] ]
99 warn ERESOLVE   },
99 warn ERESOLVE   force: false,
99 warn ERESOLVE   isMine: true,
99 warn ERESOLVE   strictPeerDeps: false,
99 warn ERESOLVE   current: {
99 warn ERESOLVE     name: 'react',
99 warn ERESOLVE     version: '19.2.0',
99 warn ERESOLVE     location: 'node_modules/react',
99 warn ERESOLVE     isWorkspace: false,
99 warn ERESOLVE     dependents: [
99 warn ERESOLVE       [Object], [Object], [Object], [Object], [Object], [Object],
99 warn ERESOLVE       [Object], [Object], [Object], [Object], [Object], [Object],
99 warn ERESOLVE       [Object], [Object], [Object], [Object], [Object], [Object],
99 warn ERESOLVE       [Object], [Object], [Object], [Object], [Object], [Object],
99 warn ERESOLVE       [Object], [Object], [Object], [Object], [Object], [Object],
99 warn ERESOLVE       [Object], [Object], [Object], [Object], [Object], [Object],
99 warn ERESOLVE       [Object], [Object], [Object], [Object], [Object], [Object],
99 warn ERESOLVE       [Object], [Object], [Object], [Object], [Object], [Object],
99 warn ERESOLVE       [Object], [Object], [Object], [Object], [Object], [Object],
99 warn ERESOLVE       [Object], [Object], [Object], [Object], [Object], [Object],
99 warn ERESOLVE       [Object], [Object], [Object], [Object], [Object], [Object],
99 warn ERESOLVE       [Object], [Object], [Object], [Object], [Object], [Object],
99 warn ERESOLVE       [Object], [Object], [Object], [Object], [Object], [Object],
99 warn ERESOLVE       [Object], [Object], [Object], [Object], [Object], [Object],
99 warn ERESOLVE       [Object], [Object], [Object], [Object], [Object], [Object],
99 warn ERESOLVE       [Object]
99 warn ERESOLVE     ]
99 warn ERESOLVE   }
99 warn ERESOLVE }
100 warn ERESOLVE overriding peer dependency {
100 warn ERESOLVE   code: 'ERESOLVE',
100 warn ERESOLVE   edge: {
100 warn ERESOLVE     type: 'peer',
100 warn ERESOLVE     name: 'react',
100 warn ERESOLVE     spec: '^19.2.0',
100 warn ERESOLVE     from: {
100 warn ERESOLVE       name: 'react-dom',
100 warn ERESOLVE       version: '19.2.0',
100 warn ERESOLVE       location: 'node_modules/react-dom',
100 warn ERESOLVE       isWorkspace: false,
100 warn ERESOLVE       dependents: [Array]
100 warn ERESOLVE     }
100 warn ERESOLVE   },
100 warn ERESOLVE   dep: {
100 warn ERESOLVE     name: 'react',
100 warn ERESOLVE     version: undefined,
100 warn ERESOLVE     errors: [ [FetchError] ],
100 warn ERESOLVE     package: {},
100 warn ERESOLVE     whileInstalling: {
100 warn ERESOLVE       name: 'react-popper',
100 warn ERESOLVE       version: '2.3.0',
100 warn ERESOLVE       path: '/Users/fujirio75/dev/w3software/node_modules/react-popper'
100 warn ERESOLVE     },
100 warn ERESOLVE     location: 'node_modules/react',
100 warn ERESOLVE     isWorkspace: false,
100 warn ERESOLVE     dependents: [ [Object] ]
100 warn ERESOLVE   },
100 warn ERESOLVE   force: false,
100 warn ERESOLVE   isMine: true,
100 warn ERESOLVE   strictPeerDeps: false,
100 warn ERESOLVE   current: {
100 warn ERESOLVE     name: 'react',
100 warn ERESOLVE     version: '19.2.0',
100 warn ERESOLVE     location: 'node_modules/react',
100 warn ERESOLVE     isWorkspace: false,
100 warn ERESOLVE     dependents: [
100 warn ERESOLVE       [Object], [Object], [Object], [Object], [Object], [Object],
100 warn ERESOLVE       [Object], [Object], [Object], [Object], [Object], [Object],
100 warn ERESOLVE       [Object], [Object], [Object], [Object], [Object], [Object],
100 warn ERESOLVE       [Object], [Object], [Object], [Object], [Object], [Object],
100 warn ERESOLVE       [Object], [Object], [Object], [Object], [Object], [Object],
100 warn ERESOLVE       [Object], [Object], [Object], [Object], [Object], [Object],
100 warn ERESOLVE       [Object], [Object], [Object], [Object], [Object], [Object],
100 warn ERESOLVE       [Object], [Object], [Object], [Object], [Object], [Object],
100 warn ERESOLVE       [Object], [Object], [Object], [Object], [Object], [Object],
100 warn ERESOLVE       [Object], [Object], [Object], [Object], [Object], [Object],
100 warn ERESOLVE       [Object], [Object], [Object], [Object], [Object], [Object],
100 warn ERESOLVE       [Object], [Object], [Object], [Object], [Object], [Object],
100 warn ERESOLVE       [Object], [Object], [Object], [Object], [Object], [Object],
100 warn ERESOLVE       [Object], [Object], [Object], [Object], [Object], [Object],
100 warn ERESOLVE       [Object], [Object], [Object], [Object], [Object], [Object],
100 warn ERESOLVE       [Object]
100 warn ERESOLVE     ]
100 warn ERESOLVE   }
100 warn ERESOLVE }
101 warn ERESOLVE overriding peer dependency {
101 warn ERESOLVE   code: 'ERESOLVE',
101 warn ERESOLVE   edge: {
101 warn ERESOLVE     type: 'peer',
101 warn ERESOLVE     name: 'react',
101 warn ERESOLVE     spec: '^19.2.0',
101 warn ERESOLVE     from: {
101 warn ERESOLVE       name: 'react-dom',
101 warn ERESOLVE       version: '19.2.0',
101 warn ERESOLVE       location: 'node_modules/react-dom',
101 warn ERESOLVE       isWorkspace: false,
101 warn ERESOLVE       dependents: [Array]
101 warn ERESOLVE     }
101 warn ERESOLVE   },
101 warn ERESOLVE   dep: {
101 warn ERESOLVE     name: 'react',
101 warn ERESOLVE     version: undefined,
101 warn ERESOLVE     errors: [ [FetchError] ],
101 warn ERESOLVE     package: {},
101 warn ERESOLVE     whileInstalling: {
101 warn ERESOLVE       name: 'react-popper',
101 warn ERESOLVE       version: '2.3.0',
101 warn ERESOLVE       path: '/Users/fujirio75/dev/w3software/node_modules/react-popper'
101 warn ERESOLVE     },
101 warn ERESOLVE     location: 'node_modules/react',
101 warn ERESOLVE     isWorkspace: false,
101 warn ERESOLVE     dependents: [ [Object] ]
101 warn ERESOLVE   },
101 warn ERESOLVE   force: false,
101 warn ERESOLVE   isMine: true,
101 warn ERESOLVE   strictPeerDeps: false,
101 warn ERESOLVE   current: {
101 warn ERESOLVE     name: 'react',
101 warn ERESOLVE     version: '19.2.0',
101 warn ERESOLVE     location: 'node_modules/react',
101 warn ERESOLVE     isWorkspace: false,
101 warn ERESOLVE     dependents: [
101 warn ERESOLVE       [Object], [Object], [Object], [Object], [Object], [Object],
101 warn ERESOLVE       [Object], [Object], [Object], [Object], [Object], [Object],
101 warn ERESOLVE       [Object], [Object], [Object], [Object], [Object], [Object],
101 warn ERESOLVE       [Object], [Object], [Object], [Object], [Object], [Object],
101 warn ERESOLVE       [Object], [Object], [Object], [Object], [Object], [Object],
101 warn ERESOLVE       [Object], [Object], [Object], [Object], [Object], [Object],
101 warn ERESOLVE       [Object], [Object], [Object], [Object], [Object], [Object],
101 warn ERESOLVE       [Object], [Object], [Object], [Object], [Object], [Object],
101 warn ERESOLVE       [Object], [Object], [Object], [Object], [Object], [Object],
101 warn ERESOLVE       [Object], [Object], [Object], [Object], [Object], [Object],
101 warn ERESOLVE       [Object], [Object], [Object], [Object], [Object], [Object],
101 warn ERESOLVE       [Object], [Object], [Object], [Object], [Object], [Object],
101 warn ERESOLVE       [Object], [Object], [Object], [Object], [Object], [Object],
101 warn ERESOLVE       [Object], [Object], [Object], [Object], [Object], [Object],
101 warn ERESOLVE       [Object], [Object], [Object], [Object], [Object], [Object],
101 warn ERESOLVE       [Object]
101 warn ERESOLVE     ]
101 warn ERESOLVE   }
101 warn ERESOLVE }
102 warn ERESOLVE overriding peer dependency {
102 warn ERESOLVE   code: 'ERESOLVE',
102 warn ERESOLVE   edge: {
102 warn ERESOLVE     type: 'peer',
102 warn ERESOLVE     name: 'react',
102 warn ERESOLVE     spec: '^19.2.0',
102 warn ERESOLVE     from: {
102 warn ERESOLVE       name: 'react-dom',
102 warn ERESOLVE       version: '19.2.0',
102 warn ERESOLVE       location: 'node_modules/react-dom',
102 warn ERESOLVE       isWorkspace: false,
102 warn ERESOLVE       dependents: [Array]
102 warn ERESOLVE     }
102 warn ERESOLVE   },
102 warn ERESOLVE   dep: {
102 warn ERESOLVE     name: 'react',
102 warn ERESOLVE     version: undefined,
102 warn ERESOLVE     errors: [ [FetchError] ],
102 warn ERESOLVE     package: {},
102 warn ERESOLVE     whileInstalling: {
102 warn ERESOLVE       name: 'react-popper',
102 warn ERESOLVE       version: '2.3.0',
102 warn ERESOLVE       path: '/Users/fujirio75/dev/w3software/node_modules/react-popper'
102 warn ERESOLVE     },
102 warn ERESOLVE     location: 'node_modules/react',
102 warn ERESOLVE     isWorkspace: false,
102 warn ERESOLVE     dependents: [ [Object] ]
102 warn ERESOLVE   },
102 warn ERESOLVE   force: false,
102 warn ERESOLVE   isMine: true,
102 warn ERESOLVE   strictPeerDeps: false,
102 warn ERESOLVE   current: {
102 warn ERESOLVE     name: 'react',
102 warn ERESOLVE     version: '19.2.0',
102 warn ERESOLVE     location: 'node_modules/react',
102 warn ERESOLVE     isWorkspace: false,
102 warn ERESOLVE     dependents: [
102 warn ERESOLVE       [Object], [Object], [Object], [Object], [Object], [Object],
102 warn ERESOLVE       [Object], [Object], [Object], [Object], [Object], [Object],
102 warn ERESOLVE       [Object], [Object], [Object], [Object], [Object], [Object],
102 warn ERESOLVE       [Object], [Object], [Object], [Object], [Object], [Object],
102 warn ERESOLVE       [Object], [Object], [Object], [Object], [Object], [Object],
102 warn ERESOLVE       [Object], [Object], [Object], [Object], [Object], [Object],
102 warn ERESOLVE       [Object], [Object], [Object], [Object], [Object], [Object],
102 warn ERESOLVE       [Object], [Object], [Object], [Object], [Object], [Object],
102 warn ERESOLVE       [Object], [Object], [Object], [Object], [Object], [Object],
102 warn ERESOLVE       [Object], [Object], [Object], [Object], [Object], [Object],
102 warn ERESOLVE       [Object], [Object], [Object], [Object], [Object], [Object],
102 warn ERESOLVE       [Object], [Object], [Object], [Object], [Object], [Object],
102 warn ERESOLVE       [Object], [Object], [Object], [Object], [Object], [Object],
102 warn ERESOLVE       [Object], [Object], [Object], [Object], [Object], [Object],
102 warn ERESOLVE       [Object], [Object], [Object], [Object], [Object], [Object],
102 warn ERESOLVE       [Object]
102 warn ERESOLVE     ]
102 warn ERESOLVE   }
102 warn ERESOLVE }
103 warn ERESOLVE overriding peer dependency {
103 warn ERESOLVE   code: 'ERESOLVE',
103 warn ERESOLVE   edge: {
103 warn ERESOLVE     type: 'peer',
103 warn ERESOLVE     name: 'react',
103 warn ERESOLVE     spec: '^19.2.0',
103 warn ERESOLVE     from: {
103 warn ERESOLVE       name: 'react-dom',
103 warn ERESOLVE       version: '19.2.0',
103 warn ERESOLVE       location: 'node_modules/react-dom',
103 warn ERESOLVE       isWorkspace: false,
103 warn ERESOLVE       dependents: [Array]
103 warn ERESOLVE     }
103 warn ERESOLVE   },
103 warn ERESOLVE   dep: {
103 warn ERESOLVE     name: 'react',
103 warn ERESOLVE     version: undefined,
103 warn ERESOLVE     errors: [ [FetchError] ],
103 warn ERESOLVE     package: {},
103 warn ERESOLVE     whileInstalling: {
103 warn ERESOLVE       name: 'react-popper',
103 warn ERESOLVE       version: '2.3.0',
103 warn ERESOLVE       path: '/Users/fujirio75/dev/w3software/node_modules/react-popper'
103 warn ERESOLVE     },
103 warn ERESOLVE     location: 'node_modules/react',
103 warn ERESOLVE     isWorkspace: false,
103 warn ERESOLVE     dependents: [ [Object] ]
103 warn ERESOLVE   },
103 warn ERESOLVE   force: false,
103 warn ERESOLVE   isMine: true,
103 warn ERESOLVE   strictPeerDeps: false,
103 warn ERESOLVE   current: {
103 warn ERESOLVE     name: 'react',
103 warn ERESOLVE     version: '19.2.0',
103 warn ERESOLVE     location: 'node_modules/react',
103 warn ERESOLVE     isWorkspace: false,
103 warn ERESOLVE     dependents: [
103 warn ERESOLVE       [Object], [Object], [Object], [Object], [Object], [Object],
103 warn ERESOLVE       [Object], [Object], [Object], [Object], [Object], [Object],
103 warn ERESOLVE       [Object], [Object], [Object], [Object], [Object], [Object],
103 warn ERESOLVE       [Object], [Object], [Object], [Object], [Object], [Object],
103 warn ERESOLVE       [Object], [Object], [Object], [Object], [Object], [Object],
103 warn ERESOLVE       [Object], [Object], [Object], [Object], [Object], [Object],
103 warn ERESOLVE       [Object], [Object], [Object], [Object], [Object], [Object],
103 warn ERESOLVE       [Object], [Object], [Object], [Object], [Object], [Object],
103 warn ERESOLVE       [Object], [Object], [Object], [Object], [Object], [Object],
103 warn ERESOLVE       [Object], [Object], [Object], [Object], [Object], [Object],
103 warn ERESOLVE       [Object], [Object], [Object], [Object], [Object], [Object],
103 warn ERESOLVE       [Object], [Object], [Object], [Object], [Object], [Object],
103 warn ERESOLVE       [Object], [Object], [Object], [Object], [Object], [Object],
103 warn ERESOLVE       [Object], [Object], [Object], [Object], [Object], [Object],
103 warn ERESOLVE       [Object], [Object], [Object], [Object], [Object], [Object],
103 warn ERESOLVE       [Object]
103 warn ERESOLVE     ]
103 warn ERESOLVE   }
103 warn ERESOLVE }
104 warn ERESOLVE overriding peer dependency {
104 warn ERESOLVE   code: 'ERESOLVE',
104 warn ERESOLVE   edge: {
104 warn ERESOLVE     type: 'peer',
104 warn ERESOLVE     name: 'react',
104 warn ERESOLVE     spec: '^19.2.0',
104 warn ERESOLVE     from: {
104 warn ERESOLVE       name: 'react-dom',
104 warn ERESOLVE       version: '19.2.0',
104 warn ERESOLVE       location: 'node_modules/react-dom',
104 warn ERESOLVE       isWorkspace: false,
104 warn ERESOLVE       dependents: [Array]
104 warn ERESOLVE     }
104 warn ERESOLVE   },
104 warn ERESOLVE   dep: {
104 warn ERESOLVE     name: 'react',
104 warn ERESOLVE     version: undefined,
104 warn ERESOLVE     errors: [ [FetchError] ],
104 warn ERESOLVE     package: {},
104 warn ERESOLVE     whileInstalling: {
104 warn ERESOLVE       name: 'react-popper',
104 warn ERESOLVE       version: '2.3.0',
104 warn ERESOLVE       path: '/Users/fujirio75/dev/w3software/node_modules/react-popper'
104 warn ERESOLVE     },
104 warn ERESOLVE     location: 'node_modules/react',
104 warn ERESOLVE     isWorkspace: false,
104 warn ERESOLVE     dependents: [ [Object] ]
104 warn ERESOLVE   },
104 warn ERESOLVE   force: false,
104 warn ERESOLVE   isMine: true,
104 warn ERESOLVE   strictPeerDeps: false,
104 warn ERESOLVE   current: {
104 warn ERESOLVE     name: 'react',
104 warn ERESOLVE     version: '19.2.0',
104 warn ERESOLVE     location: 'node_modules/react',
104 warn ERESOLVE     isWorkspace: false,
104 warn ERESOLVE     dependents: [
104 warn ERESOLVE       [Object], [Object], [Object], [Object], [Object], [Object],
104 warn ERESOLVE       [Object], [Object], [Object], [Object], [Object], [Object],
104 warn ERESOLVE       [Object], [Object], [Object], [Object], [Object], [Object],
104 warn ERESOLVE       [Object], [Object], [Object], [Object], [Object], [Object],
104 warn ERESOLVE       [Object], [Object], [Object], [Object], [Object], [Object],
104 warn ERESOLVE       [Object], [Object], [Object], [Object], [Object], [Object],
104 warn ERESOLVE       [Object], [Object], [Object], [Object], [Object], [Object],
104 warn ERESOLVE       [Object], [Object], [Object], [Object], [Object], [Object],
104 warn ERESOLVE       [Object], [Object], [Object], [Object], [Object], [Object],
104 warn ERESOLVE       [Object], [Object], [Object], [Object], [Object], [Object],
104 warn ERESOLVE       [Object], [Object], [Object], [Object], [Object], [Object],
104 warn ERESOLVE       [Object], [Object], [Object], [Object], [Object], [Object],
104 warn ERESOLVE       [Object], [Object], [Object], [Object], [Object], [Object],
104 warn ERESOLVE       [Object], [Object], [Object], [Object], [Object], [Object],
104 warn ERESOLVE       [Object], [Object], [Object], [Object], [Object], [Object],
104 warn ERESOLVE       [Object]
104 warn ERESOLVE     ]
104 warn ERESOLVE   }
104 warn ERESOLVE }
105 warn ERESOLVE overriding peer dependency {
105 warn ERESOLVE   code: 'ERESOLVE',
105 warn ERESOLVE   edge: {
105 warn ERESOLVE     type: 'peer',
105 warn ERESOLVE     name: 'react',
105 warn ERESOLVE     spec: '^19.2.0',
105 warn ERESOLVE     from: {
105 warn ERESOLVE       name: 'react-dom',
105 warn ERESOLVE       version: '19.2.0',
105 warn ERESOLVE       location: 'node_modules/react-dom',
105 warn ERESOLVE       isWorkspace: false,
105 warn ERESOLVE       dependents: [Array]
105 warn ERESOLVE     }
105 warn ERESOLVE   },
105 warn ERESOLVE   dep: {
105 warn ERESOLVE     name: 'react',
105 warn ERESOLVE     version: undefined,
105 warn ERESOLVE     errors: [ [FetchError] ],
105 warn ERESOLVE     package: {},
105 warn ERESOLVE     whileInstalling: {
105 warn ERESOLVE       name: 'react-popper',
105 warn ERESOLVE       version: '2.3.0',
105 warn ERESOLVE       path: '/Users/fujirio75/dev/w3software/node_modules/react-popper'
105 warn ERESOLVE     },
105 warn ERESOLVE     location: 'node_modules/react',
105 warn ERESOLVE     isWorkspace: false,
105 warn ERESOLVE     dependents: [ [Object] ]
105 warn ERESOLVE   },
105 warn ERESOLVE   force: false,
105 warn ERESOLVE   isMine: true,
105 warn ERESOLVE   strictPeerDeps: false,
105 warn ERESOLVE   current: {
105 warn ERESOLVE     name: 'react',
105 warn ERESOLVE     version: '19.2.0',
105 warn ERESOLVE     location: 'node_modules/react',
105 warn ERESOLVE     isWorkspace: false,
105 warn ERESOLVE     dependents: [
105 warn ERESOLVE       [Object], [Object], [Object], [Object], [Object], [Object],
105 warn ERESOLVE       [Object], [Object], [Object], [Object], [Object], [Object],
105 warn ERESOLVE       [Object], [Object], [Object], [Object], [Object], [Object],
105 warn ERESOLVE       [Object], [Object], [Object], [Object], [Object], [Object],
105 warn ERESOLVE       [Object], [Object], [Object], [Object], [Object], [Object],
105 warn ERESOLVE       [Object], [Object], [Object], [Object], [Object], [Object],
105 warn ERESOLVE       [Object], [Object], [Object], [Object], [Object], [Object],
105 warn ERESOLVE       [Object], [Object], [Object], [Object], [Object], [Object],
105 warn ERESOLVE       [Object], [Object], [Object], [Object], [Object], [Object],
105 warn ERESOLVE       [Object], [Object], [Object], [Object], [Object], [Object],
105 warn ERESOLVE       [Object], [Object], [Object], [Object], [Object], [Object],
105 warn ERESOLVE       [Object], [Object], [Object], [Object], [Object], [Object],
105 warn ERESOLVE       [Object], [Object], [Object], [Object], [Object], [Object],
105 warn ERESOLVE       [Object], [Object], [Object], [Object], [Object], [Object],
105 warn ERESOLVE       [Object], [Object], [Object], [Object], [Object], [Object],
105 warn ERESOLVE       [Object]
105 warn ERESOLVE     ]
105 warn ERESOLVE   }
105 warn ERESOLVE }
106 warn ERESOLVE overriding peer dependency {
106 warn ERESOLVE   code: 'ERESOLVE',
106 warn ERESOLVE   edge: {
106 warn ERESOLVE     type: 'peer',
106 warn ERESOLVE     name: 'react',
106 warn ERESOLVE     spec: '^19.2.0',
106 warn ERESOLVE     from: {
106 warn ERESOLVE       name: 'react-dom',
106 warn ERESOLVE       version: '19.2.0',
106 warn ERESOLVE       location: 'node_modules/react-dom',
106 warn ERESOLVE       isWorkspace: false,
106 warn ERESOLVE       dependents: [Array]
106 warn ERESOLVE     }
106 warn ERESOLVE   },
106 warn ERESOLVE   dep: {
106 warn ERESOLVE     name: 'react',
106 warn ERESOLVE     version: undefined,
106 warn ERESOLVE     errors: [ [FetchError] ],
106 warn ERESOLVE     package: {},
106 warn ERESOLVE     whileInstalling: {
106 warn ERESOLVE       name: 'react-popper',
106 warn ERESOLVE       version: '2.3.0',
106 warn ERESOLVE       path: '/Users/fujirio75/dev/w3software/node_modules/react-popper'
106 warn ERESOLVE     },
106 warn ERESOLVE     location: 'node_modules/react',
106 warn ERESOLVE     isWorkspace: false,
106 warn ERESOLVE     dependents: [ [Object] ]
106 warn ERESOLVE   },
106 warn ERESOLVE   force: false,
106 warn ERESOLVE   isMine: true,
106 warn ERESOLVE   strictPeerDeps: false,
106 warn ERESOLVE   current: {
106 warn ERESOLVE     name: 'react',
106 warn ERESOLVE     version: '19.2.0',
106 warn ERESOLVE     location: 'node_modules/react',
106 warn ERESOLVE     isWorkspace: false,
106 warn ERESOLVE     dependents: [
106 warn ERESOLVE       [Object], [Object], [Object], [Object], [Object], [Object],
106 warn ERESOLVE       [Object], [Object], [Object], [Object], [Object], [Object],
106 warn ERESOLVE       [Object], [Object], [Object], [Object], [Object], [Object],
106 warn ERESOLVE       [Object], [Object], [Object], [Object], [Object], [Object],
106 warn ERESOLVE       [Object], [Object], [Object], [Object], [Object], [Object],
106 warn ERESOLVE       [Object], [Object], [Object], [Object], [Object], [Object],
106 warn ERESOLVE       [Object], [Object], [Object], [Object], [Object], [Object],
106 warn ERESOLVE       [Object], [Object], [Object], [Object], [Object], [Object],
106 warn ERESOLVE       [Object], [Object], [Object], [Object], [Object], [Object],
106 warn ERESOLVE       [Object], [Object], [Object], [Object], [Object], [Object],
106 warn ERESOLVE       [Object], [Object], [Object], [Object], [Object], [Object],
106 warn ERESOLVE       [Object], [Object], [Object], [Object], [Object], [Object],
106 warn ERESOLVE       [Object], [Object], [Object], [Object], [Object], [Object],
106 warn ERESOLVE       [Object], [Object], [Object], [Object], [Object], [Object],
106 warn ERESOLVE       [Object], [Object], [Object], [Object], [Object], [Object],
106 warn ERESOLVE       [Object]
106 warn ERESOLVE     ]
106 warn ERESOLVE   }
106 warn ERESOLVE }
107 warn ERESOLVE overriding peer dependency {
107 warn ERESOLVE   code: 'ERESOLVE',
107 warn ERESOLVE   edge: {
107 warn ERESOLVE     type: 'peer',
107 warn ERESOLVE     name: 'react',
107 warn ERESOLVE     spec: '^19.2.0',
107 warn ERESOLVE     from: {
107 warn ERESOLVE       name: 'react-dom',
107 warn ERESOLVE       version: '19.2.0',
107 warn ERESOLVE       location: 'node_modules/react-dom',
107 warn ERESOLVE       isWorkspace: false,
107 warn ERESOLVE       dependents: [Array]
107 warn ERESOLVE     }
107 warn ERESOLVE   },
107 warn ERESOLVE   dep: {
107 warn ERESOLVE     name: 'react',
107 warn ERESOLVE     version: undefined,
107 warn ERESOLVE     errors: [ [FetchError] ],
107 warn ERESOLVE     package: {},
107 warn ERESOLVE     whileInstalling: {
107 warn ERESOLVE       name: 'react-popper',
107 warn ERESOLVE       version: '2.3.0',
107 warn ERESOLVE       path: '/Users/fujirio75/dev/w3software/node_modules/react-popper'
107 warn ERESOLVE     },
107 warn ERESOLVE     location: 'node_modules/react',
107 warn ERESOLVE     isWorkspace: false,
107 warn ERESOLVE     dependents: [ [Object] ]
107 warn ERESOLVE   },
107 warn ERESOLVE   force: false,
107 warn ERESOLVE   isMine: true,
107 warn ERESOLVE   strictPeerDeps: false,
107 warn ERESOLVE   current: {
107 warn ERESOLVE     name: 'react',
107 warn ERESOLVE     version: '19.2.0',
107 warn ERESOLVE     location: 'node_modules/react',
107 warn ERESOLVE     isWorkspace: false,
107 warn ERESOLVE     dependents: [
107 warn ERESOLVE       [Object], [Object], [Object], [Object], [Object], [Object],
107 warn ERESOLVE       [Object], [Object], [Object], [Object], [Object], [Object],
107 warn ERESOLVE       [Object], [Object], [Object], [Object], [Object], [Object],
107 warn ERESOLVE       [Object], [Object], [Object], [Object], [Object], [Object],
107 warn ERESOLVE       [Object], [Object], [Object], [Object], [Object], [Object],
107 warn ERESOLVE       [Object], [Object], [Object], [Object], [Object], [Object],
107 warn ERESOLVE       [Object], [Object], [Object], [Object], [Object], [Object],
107 warn ERESOLVE       [Object], [Object], [Object], [Object], [Object], [Object],
107 warn ERESOLVE       [Object], [Object], [Object], [Object], [Object], [Object],
107 warn ERESOLVE       [Object], [Object], [Object], [Object], [Object], [Object],
107 warn ERESOLVE       [Object], [Object], [Object], [Object], [Object], [Object],
107 warn ERESOLVE       [Object], [Object], [Object], [Object], [Object], [Object],
107 warn ERESOLVE       [Object], [Object], [Object], [Object], [Object], [Object],
107 warn ERESOLVE       [Object], [Object], [Object], [Object], [Object], [Object],
107 warn ERESOLVE       [Object], [Object], [Object], [Object], [Object], [Object],
107 warn ERESOLVE       [Object]
107 warn ERESOLVE     ]
107 warn ERESOLVE   }
107 warn ERESOLVE }
108 warn ERESOLVE overriding peer dependency {
108 warn ERESOLVE   code: 'ERESOLVE',
108 warn ERESOLVE   edge: {
108 warn ERESOLVE     type: 'peer',
108 warn ERESOLVE     name: 'react',
108 warn ERESOLVE     spec: '^19.2.0',
108 warn ERESOLVE     from: {
108 warn ERESOLVE       name: 'react-dom',
108 warn ERESOLVE       version: '19.2.0',
108 warn ERESOLVE       location: 'node_modules/react-dom',
108 warn ERESOLVE       isWorkspace: false,
108 warn ERESOLVE       dependents: [Array]
108 warn ERESOLVE     }
108 warn ERESOLVE   },
108 warn ERESOLVE   dep: {
108 warn ERESOLVE     name: 'react',
108 warn ERESOLVE     version: undefined,
108 warn ERESOLVE     errors: [ [FetchError] ],
108 warn ERESOLVE     package: {},
108 warn ERESOLVE     whileInstalling: {
108 warn ERESOLVE       name: 'react-popper',
108 warn ERESOLVE       version: '2.3.0',
108 warn ERESOLVE       path: '/Users/fujirio75/dev/w3software/node_modules/react-popper'
108 warn ERESOLVE     },
108 warn ERESOLVE     location: 'node_modules/react',
108 warn ERESOLVE     isWorkspace: false,
108 warn ERESOLVE     dependents: [ [Object] ]
108 warn ERESOLVE   },
108 warn ERESOLVE   force: false,
108 warn ERESOLVE   isMine: true,
108 warn ERESOLVE   strictPeerDeps: false,
108 warn ERESOLVE   current: {
108 warn ERESOLVE     name: 'react',
108 warn ERESOLVE     version: '19.2.0',
108 warn ERESOLVE     location: 'node_modules/react',
108 warn ERESOLVE     isWorkspace: false,
108 warn ERESOLVE     dependents: [
108 warn ERESOLVE       [Object], [Object], [Object], [Object], [Object], [Object],
108 warn ERESOLVE       [Object], [Object], [Object], [Object], [Object], [Object],
108 warn ERESOLVE       [Object], [Object], [Object], [Object], [Object], [Object],
108 warn ERESOLVE       [Object], [Object], [Object], [Object], [Object], [Object],
108 warn ERESOLVE       [Object], [Object], [Object], [Object], [Object], [Object],
108 warn ERESOLVE       [Object], [Object], [Object], [Object], [Object], [Object],
108 warn ERESOLVE       [Object], [Object], [Object], [Object], [Object], [Object],
108 warn ERESOLVE       [Object], [Object], [Object], [Object], [Object], [Object],
108 warn ERESOLVE       [Object], [Object], [Object], [Object], [Object], [Object],
108 warn ERESOLVE       [Object], [Object], [Object], [Object], [Object], [Object],
108 warn ERESOLVE       [Object], [Object], [Object], [Object], [Object], [Object],
108 warn ERESOLVE       [Object], [Object], [Object], [Object], [Object], [Object],
108 warn ERESOLVE       [Object], [Object], [Object], [Object], [Object], [Object],
108 warn ERESOLVE       [Object], [Object], [Object], [Object], [Object], [Object],
108 warn ERESOLVE       [Object], [Object], [Object], [Object], [Object], [Object],
108 warn ERESOLVE       [Object]
108 warn ERESOLVE     ]
108 warn ERESOLVE   }
108 warn ERESOLVE }
109 warn ERESOLVE overriding peer dependency {
109 warn ERESOLVE   code: 'ERESOLVE',
109 warn ERESOLVE   edge: {
109 warn ERESOLVE     type: 'peer',
109 warn ERESOLVE     name: 'react',
109 warn ERESOLVE     spec: '^19.2.0',
109 warn ERESOLVE     from: {
109 warn ERESOLVE       name: 'react-dom',
109 warn ERESOLVE       version: '19.2.0',
109 warn ERESOLVE       location: 'node_modules/react-dom',
109 warn ERESOLVE       isWorkspace: false,
109 warn ERESOLVE       dependents: [Array]
109 warn ERESOLVE     }
109 warn ERESOLVE   },
109 warn ERESOLVE   dep: {
109 warn ERESOLVE     name: 'react',
109 warn ERESOLVE     version: undefined,
109 warn ERESOLVE     errors: [ [FetchError] ],
109 warn ERESOLVE     package: {},
109 warn ERESOLVE     whileInstalling: {
109 warn ERESOLVE       name: 'react-popper',
109 warn ERESOLVE       version: '2.3.0',
109 warn ERESOLVE       path: '/Users/fujirio75/dev/w3software/node_modules/react-popper'
109 warn ERESOLVE     },
109 warn ERESOLVE     location: 'node_modules/react',
109 warn ERESOLVE     isWorkspace: false,
109 warn ERESOLVE     dependents: [ [Object] ]
109 warn ERESOLVE   },
109 warn ERESOLVE   force: false,
109 warn ERESOLVE   isMine: true,
109 warn ERESOLVE   strictPeerDeps: false,
109 warn ERESOLVE   current: {
109 warn ERESOLVE     name: 'react',
109 warn ERESOLVE     version: '19.2.0',
109 warn ERESOLVE     location: 'node_modules/react',
109 warn ERESOLVE     isWorkspace: false,
109 warn ERESOLVE     dependents: [
109 warn ERESOLVE       [Object], [Object], [Object], [Object], [Object], [Object],
109 warn ERESOLVE       [Object], [Object], [Object], [Object], [Object], [Object],
109 warn ERESOLVE       [Object], [Object], [Object], [Object], [Object], [Object],
109 warn ERESOLVE       [Object], [Object], [Object], [Object], [Object], [Object],
109 warn ERESOLVE       [Object], [Object], [Object], [Object], [Object], [Object],
109 warn ERESOLVE       [Object], [Object], [Object], [Object], [Object], [Object],
109 warn ERESOLVE       [Object], [Object], [Object], [Object], [Object], [Object],
109 warn ERESOLVE       [Object], [Object], [Object], [Object], [Object], [Object],
109 warn ERESOLVE       [Object], [Object], [Object], [Object], [Object], [Object],
109 warn ERESOLVE       [Object], [Object], [Object], [Object], [Object], [Object],
109 warn ERESOLVE       [Object], [Object], [Object], [Object], [Object], [Object],
109 warn ERESOLVE       [Object], [Object], [Object], [Object], [Object], [Object],
109 warn ERESOLVE       [Object], [Object], [Object], [Object], [Object], [Object],
109 warn ERESOLVE       [Object], [Object], [Object], [Object], [Object], [Object],
109 warn ERESOLVE       [Object], [Object], [Object], [Object], [Object], [Object],
109 warn ERESOLVE       [Object]
109 warn ERESOLVE     ]
109 warn ERESOLVE   }
109 warn ERESOLVE }
110 warn ERESOLVE overriding peer dependency {
110 warn ERESOLVE   code: 'ERESOLVE',
110 warn ERESOLVE   edge: {
110 warn ERESOLVE     type: 'peer',
110 warn ERESOLVE     name: 'react',
110 warn ERESOLVE     spec: '^19.2.0',
110 warn ERESOLVE     from: {
110 warn ERESOLVE       name: 'react-dom',
110 warn ERESOLVE       version: '19.2.0',
110 warn ERESOLVE       location: 'node_modules/react-dom',
110 warn ERESOLVE       isWorkspace: false,
110 warn ERESOLVE       dependents: [Array]
110 warn ERESOLVE     }
110 warn ERESOLVE   },
110 warn ERESOLVE   dep: {
110 warn ERESOLVE     name: 'react',
110 warn ERESOLVE     version: undefined,
110 warn ERESOLVE     errors: [ [FetchError] ],
110 warn ERESOLVE     package: {},
110 warn ERESOLVE     whileInstalling: {
110 warn ERESOLVE       name: 'react-popper',
110 warn ERESOLVE       version: '2.3.0',
110 warn ERESOLVE       path: '/Users/fujirio75/dev/w3software/node_modules/react-popper'
110 warn ERESOLVE     },
110 warn ERESOLVE     location: 'node_modules/react',
110 warn ERESOLVE     isWorkspace: false,
110 warn ERESOLVE     dependents: [ [Object] ]
110 warn ERESOLVE   },
110 warn ERESOLVE   force: false,
110 warn ERESOLVE   isMine: true,
110 warn ERESOLVE   strictPeerDeps: false,
110 warn ERESOLVE   current: {
110 warn ERESOLVE     name: 'react',
110 warn ERESOLVE     version: '19.2.0',
110 warn ERESOLVE     location: 'node_modules/react',
110 warn ERESOLVE     isWorkspace: false,
110 warn ERESOLVE     dependents: [
110 warn ERESOLVE       [Object], [Object], [Object], [Object], [Object], [Object],
110 warn ERESOLVE       [Object], [Object], [Object], [Object], [Object], [Object],
110 warn ERESOLVE       [Object], [Object], [Object], [Object], [Object], [Object],
110 warn ERESOLVE       [Object], [Object], [Object], [Object], [Object], [Object],
110 warn ERESOLVE       [Object], [Object], [Object], [Object], [Object], [Object],
110 warn ERESOLVE       [Object], [Object], [Object], [Object], [Object], [Object],
110 warn ERESOLVE       [Object], [Object], [Object], [Object], [Object], [Object],
110 warn ERESOLVE       [Object], [Object], [Object], [Object], [Object], [Object],
110 warn ERESOLVE       [Object], [Object], [Object], [Object], [Object], [Object],
110 warn ERESOLVE       [Object], [Object], [Object], [Object], [Object], [Object],
110 warn ERESOLVE       [Object], [Object], [Object], [Object], [Object], [Object],
110 warn ERESOLVE       [Object], [Object], [Object], [Object], [Object], [Object],
110 warn ERESOLVE       [Object], [Object], [Object], [Object], [Object], [Object],
110 warn ERESOLVE       [Object], [Object], [Object], [Object], [Object], [Object],
110 warn ERESOLVE       [Object], [Object], [Object], [Object], [Object], [Object],
110 warn ERESOLVE       [Object]
110 warn ERESOLVE     ]
110 warn ERESOLVE   }
110 warn ERESOLVE }
111 warn ERESOLVE overriding peer dependency {
111 warn ERESOLVE   code: 'ERESOLVE',
111 warn ERESOLVE   edge: {
111 warn ERESOLVE     type: 'peer',
111 warn ERESOLVE     name: 'react',
111 warn ERESOLVE     spec: '^19.2.0',
111 warn ERESOLVE     from: {
111 warn ERESOLVE       name: 'react-dom',
111 warn ERESOLVE       version: '19.2.0',
111 warn ERESOLVE       location: 'node_modules/react-dom',
111 warn ERESOLVE       isWorkspace: false,
111 warn ERESOLVE       dependents: [Array]
111 warn ERESOLVE     }
111 warn ERESOLVE   },
111 warn ERESOLVE   dep: {
111 warn ERESOLVE     name: 'react',
111 warn ERESOLVE     version: undefined,
111 warn ERESOLVE     errors: [ [FetchError] ],
111 warn ERESOLVE     package: {},
111 warn ERESOLVE     whileInstalling: {
111 warn ERESOLVE       name: 'react-popper',
111 warn ERESOLVE       version: '2.3.0',
111 warn ERESOLVE       path: '/Users/fujirio75/dev/w3software/node_modules/react-popper'
111 warn ERESOLVE     },
111 warn ERESOLVE     location: 'node_modules/react',
111 warn ERESOLVE     isWorkspace: false,
111 warn ERESOLVE     dependents: [ [Object] ]
111 warn ERESOLVE   },
111 warn ERESOLVE   force: false,
111 warn ERESOLVE   isMine: true,
111 warn ERESOLVE   strictPeerDeps: false,
111 warn ERESOLVE   current: {
111 warn ERESOLVE     name: 'react',
111 warn ERESOLVE     version: '19.2.0',
111 warn ERESOLVE     location: 'node_modules/react',
111 warn ERESOLVE     isWorkspace: false,
111 warn ERESOLVE     dependents: [
111 warn ERESOLVE       [Object], [Object], [Object], [Object], [Object], [Object],
111 warn ERESOLVE       [Object], [Object], [Object], [Object], [Object], [Object],
111 warn ERESOLVE       [Object], [Object], [Object], [Object], [Object], [Object],
111 warn ERESOLVE       [Object], [Object], [Object], [Object], [Object], [Object],
111 warn ERESOLVE       [Object], [Object], [Object], [Object], [Object], [Object],
111 warn ERESOLVE       [Object], [Object], [Object], [Object], [Object], [Object],
111 warn ERESOLVE       [Object], [Object], [Object], [Object], [Object], [Object],
111 warn ERESOLVE       [Object], [Object], [Object], [Object], [Object], [Object],
111 warn ERESOLVE       [Object], [Object], [Object], [Object], [Object], [Object],
111 warn ERESOLVE       [Object], [Object], [Object], [Object], [Object], [Object],
111 warn ERESOLVE       [Object], [Object], [Object], [Object], [Object], [Object],
111 warn ERESOLVE       [Object], [Object], [Object], [Object], [Object], [Object],
111 warn ERESOLVE       [Object], [Object], [Object], [Object], [Object], [Object],
111 warn ERESOLVE       [Object], [Object], [Object], [Object], [Object], [Object],
111 warn ERESOLVE       [Object], [Object], [Object], [Object], [Object], [Object],
111 warn ERESOLVE       [Object]
111 warn ERESOLVE     ]
111 warn ERESOLVE   }
111 warn ERESOLVE }
112 warn ERESOLVE overriding peer dependency {
112 warn ERESOLVE   code: 'ERESOLVE',
112 warn ERESOLVE   edge: {
112 warn ERESOLVE     type: 'peer',
112 warn ERESOLVE     name: 'react',
112 warn ERESOLVE     spec: '^19.2.0',
112 warn ERESOLVE     from: {
112 warn ERESOLVE       name: 'react-dom',
112 warn ERESOLVE       version: '19.2.0',
112 warn ERESOLVE       location: 'node_modules/react-dom',
112 warn ERESOLVE       isWorkspace: false,
112 warn ERESOLVE       dependents: [Array]
112 warn ERESOLVE     }
112 warn ERESOLVE   },
112 warn ERESOLVE   dep: {
112 warn ERESOLVE     name: 'react',
112 warn ERESOLVE     version: undefined,
112 warn ERESOLVE     errors: [ [FetchError] ],
112 warn ERESOLVE     package: {},
112 warn ERESOLVE     whileInstalling: {
112 warn ERESOLVE       name: 'react-popper',
112 warn ERESOLVE       version: '2.3.0',
112 warn ERESOLVE       path: '/Users/fujirio75/dev/w3software/node_modules/react-popper'
112 warn ERESOLVE     },
112 warn ERESOLVE     location: 'node_modules/react',
112 warn ERESOLVE     isWorkspace: false,
112 warn ERESOLVE     dependents: [ [Object] ]
112 warn ERESOLVE   },
112 warn ERESOLVE   force: false,
112 warn ERESOLVE   isMine: true,
112 warn ERESOLVE   strictPeerDeps: false,
112 warn ERESOLVE   current: {
112 warn ERESOLVE     name: 'react',
112 warn ERESOLVE     version: '19.2.0',
112 warn ERESOLVE     location: 'node_modules/react',
112 warn ERESOLVE     isWorkspace: false,
112 warn ERESOLVE     dependents: [
112 warn ERESOLVE       [Object], [Object], [Object], [Object], [Object], [Object],
112 warn ERESOLVE       [Object], [Object], [Object], [Object], [Object], [Object],
112 warn ERESOLVE       [Object], [Object], [Object], [Object], [Object], [Object],
112 warn ERESOLVE       [Object], [Object], [Object], [Object], [Object], [Object],
112 warn ERESOLVE       [Object], [Object], [Object], [Object], [Object], [Object],
112 warn ERESOLVE       [Object], [Object], [Object], [Object], [Object], [Object],
112 warn ERESOLVE       [Object], [Object], [Object], [Object], [Object], [Object],
112 warn ERESOLVE       [Object], [Object], [Object], [Object], [Object], [Object],
112 warn ERESOLVE       [Object], [Object], [Object], [Object], [Object], [Object],
112 warn ERESOLVE       [Object], [Object], [Object], [Object], [Object], [Object],
112 warn ERESOLVE       [Object], [Object], [Object], [Object], [Object], [Object],
112 warn ERESOLVE       [Object], [Object], [Object], [Object], [Object], [Object],
112 warn ERESOLVE       [Object], [Object], [Object], [Object], [Object], [Object],
112 warn ERESOLVE       [Object], [Object], [Object], [Object], [Object], [Object],
112 warn ERESOLVE       [Object], [Object], [Object], [Object], [Object], [Object],
112 warn ERESOLVE       [Object]
112 warn ERESOLVE     ]
112 warn ERESOLVE   }
112 warn ERESOLVE }
113 warn ERESOLVE overriding peer dependency {
113 warn ERESOLVE   code: 'ERESOLVE',
113 warn ERESOLVE   edge: {
113 warn ERESOLVE     type: 'peer',
113 warn ERESOLVE     name: 'react',
113 warn ERESOLVE     spec: '^19.2.0',
113 warn ERESOLVE     from: {
113 warn ERESOLVE       name: 'react-dom',
113 warn ERESOLVE       version: '19.2.0',
113 warn ERESOLVE       location: 'node_modules/react-dom',
113 warn ERESOLVE       isWorkspace: false,
113 warn ERESOLVE       dependents: [Array]
113 warn ERESOLVE     }
113 warn ERESOLVE   },
113 warn ERESOLVE   dep: {
113 warn ERESOLVE     name: 'react',
113 warn ERESOLVE     version: undefined,
113 warn ERESOLVE     errors: [ [FetchError] ],
113 warn ERESOLVE     package: {},
113 warn ERESOLVE     whileInstalling: {
113 warn ERESOLVE       name: 'react-popper',
113 warn ERESOLVE       version: '2.3.0',
113 warn ERESOLVE       path: '/Users/fujirio75/dev/w3software/node_modules/react-popper'
113 warn ERESOLVE     },
113 warn ERESOLVE     location: 'node_modules/react',
113 warn ERESOLVE     isWorkspace: false,
113 warn ERESOLVE     dependents: [ [Object] ]
113 warn ERESOLVE   },
113 warn ERESOLVE   force: false,
113 warn ERESOLVE   isMine: true,
113 warn ERESOLVE   strictPeerDeps: false,
113 warn ERESOLVE   current: {
113 warn ERESOLVE     name: 'react',
113 warn ERESOLVE     version: '19.2.0',
113 warn ERESOLVE     location: 'node_modules/react',
113 warn ERESOLVE     isWorkspace: false,
113 warn ERESOLVE     dependents: [
113 warn ERESOLVE       [Object], [Object], [Object], [Object], [Object], [Object],
113 warn ERESOLVE       [Object], [Object], [Object], [Object], [Object], [Object],
113 warn ERESOLVE       [Object], [Object], [Object], [Object], [Object], [Object],
113 warn ERESOLVE       [Object], [Object], [Object], [Object], [Object], [Object],
113 warn ERESOLVE       [Object], [Object], [Object], [Object], [Object], [Object],
113 warn ERESOLVE       [Object], [Object], [Object], [Object], [Object], [Object],
113 warn ERESOLVE       [Object], [Object], [Object], [Object], [Object], [Object],
113 warn ERESOLVE       [Object], [Object], [Object], [Object], [Object], [Object],
113 warn ERESOLVE       [Object], [Object], [Object], [Object], [Object], [Object],
113 warn ERESOLVE       [Object], [Object], [Object], [Object], [Object], [Object],
113 warn ERESOLVE       [Object], [Object], [Object], [Object], [Object], [Object],
113 warn ERESOLVE       [Object], [Object], [Object], [Object], [Object], [Object],
113 warn ERESOLVE       [Object], [Object], [Object], [Object], [Object], [Object],
113 warn ERESOLVE       [Object], [Object], [Object], [Object], [Object], [Object],
113 warn ERESOLVE       [Object], [Object], [Object], [Object], [Object], [Object],
113 warn ERESOLVE       [Object]
113 warn ERESOLVE     ]
113 warn ERESOLVE   }
113 warn ERESOLVE }
114 warn ERESOLVE overriding peer dependency {
114 warn ERESOLVE   code: 'ERESOLVE',
114 warn ERESOLVE   edge: {
114 warn ERESOLVE     type: 'peer',
114 warn ERESOLVE     name: 'react',
114 warn ERESOLVE     spec: '^19.2.0',
114 warn ERESOLVE     from: {
114 warn ERESOLVE       name: 'react-dom',
114 warn ERESOLVE       version: '19.2.0',
114 warn ERESOLVE       location: 'node_modules/react-dom',
114 warn ERESOLVE       isWorkspace: false,
114 warn ERESOLVE       dependents: [Array]
114 warn ERESOLVE     }
114 warn ERESOLVE   },
114 warn ERESOLVE   dep: {
114 warn ERESOLVE     name: 'react',
114 warn ERESOLVE     version: undefined,
114 warn ERESOLVE     errors: [ [FetchError] ],
114 warn ERESOLVE     package: {},
114 warn ERESOLVE     whileInstalling: {
114 warn ERESOLVE       name: 'react-popper',
114 warn ERESOLVE       version: '2.3.0',
114 warn ERESOLVE       path: '/Users/fujirio75/dev/w3software/node_modules/react-popper'
114 warn ERESOLVE     },
114 warn ERESOLVE     location: 'node_modules/react',
114 warn ERESOLVE     isWorkspace: false,
114 warn ERESOLVE     dependents: [ [Object] ]
114 warn ERESOLVE   },
114 warn ERESOLVE   force: false,
114 warn ERESOLVE   isMine: true,
114 warn ERESOLVE   strictPeerDeps: false,
114 warn ERESOLVE   current: {
114 warn ERESOLVE     name: 'react',
114 warn ERESOLVE     version: '19.2.0',
114 warn ERESOLVE     location: 'node_modules/react',
114 warn ERESOLVE     isWorkspace: false,
114 warn ERESOLVE     dependents: [
114 warn ERESOLVE       [Object], [Object], [Object], [Object], [Object], [Object],
114 warn ERESOLVE       [Object], [Object], [Object], [Object], [Object], [Object],
114 warn ERESOLVE       [Object], [Object], [Object], [Object], [Object], [Object],
114 warn ERESOLVE       [Object], [Object], [Object], [Object], [Object], [Object],
114 warn ERESOLVE       [Object], [Object], [Object], [Object], [Object], [Object],
114 warn ERESOLVE       [Object], [Object], [Object], [Object], [Object], [Object],
114 warn ERESOLVE       [Object], [Object], [Object], [Object], [Object], [Object],
114 warn ERESOLVE       [Object], [Object], [Object], [Object], [Object], [Object],
114 warn ERESOLVE       [Object], [Object], [Object], [Object], [Object], [Object],
114 warn ERESOLVE       [Object], [Object], [Object], [Object], [Object], [Object],
114 warn ERESOLVE       [Object], [Object], [Object], [Object], [Object], [Object],
114 warn ERESOLVE       [Object], [Object], [Object], [Object], [Object], [Object],
114 warn ERESOLVE       [Object], [Object], [Object], [Object], [Object], [Object],
114 warn ERESOLVE       [Object], [Object], [Object], [Object], [Object], [Object],
114 warn ERESOLVE       [Object], [Object], [Object], [Object], [Object], [Object],
114 warn ERESOLVE       [Object]
114 warn ERESOLVE     ]
114 warn ERESOLVE   }
114 warn ERESOLVE }
115 warn ERESOLVE overriding peer dependency {
115 warn ERESOLVE   code: 'ERESOLVE',
115 warn ERESOLVE   edge: {
115 warn ERESOLVE     type: 'peer',
115 warn ERESOLVE     name: 'react',
115 warn ERESOLVE     spec: '^19.2.0',
115 warn ERESOLVE     from: {
115 warn ERESOLVE       name: 'react-dom',
115 warn ERESOLVE       version: '19.2.0',
115 warn ERESOLVE       location: 'node_modules/react-dom',
115 warn ERESOLVE       isWorkspace: false,
115 warn ERESOLVE       dependents: [Array]
115 warn ERESOLVE     }
115 warn ERESOLVE   },
115 warn ERESOLVE   dep: {
115 warn ERESOLVE     name: 'react',
115 warn ERESOLVE     version: undefined,
115 warn ERESOLVE     errors: [ [FetchError] ],
115 warn ERESOLVE     package: {},
115 warn ERESOLVE     whileInstalling: {
115 warn ERESOLVE       name: 'react-popper',
115 warn ERESOLVE       version: '2.3.0',
115 warn ERESOLVE       path: '/Users/fujirio75/dev/w3software/node_modules/react-popper'
115 warn ERESOLVE     },
115 warn ERESOLVE     location: 'node_modules/react',
115 warn ERESOLVE     isWorkspace: false,
115 warn ERESOLVE     dependents: [ [Object] ]
115 warn ERESOLVE   },
115 warn ERESOLVE   force: false,
115 warn ERESOLVE   isMine: true,
115 warn ERESOLVE   strictPeerDeps: false,
115 warn ERESOLVE   current: {
115 warn ERESOLVE     name: 'react',
115 warn ERESOLVE     version: '19.2.0',
115 warn ERESOLVE     location: 'node_modules/react',
115 warn ERESOLVE     isWorkspace: false,
115 warn ERESOLVE     dependents: [
115 warn ERESOLVE       [Object], [Object], [Object], [Object], [Object], [Object],
115 warn ERESOLVE       [Object], [Object], [Object], [Object], [Object], [Object],
115 warn ERESOLVE       [Object], [Object], [Object], [Object], [Object], [Object],
115 warn ERESOLVE       [Object], [Object], [Object], [Object], [Object], [Object],
115 warn ERESOLVE       [Object], [Object], [Object], [Object], [Object], [Object],
115 warn ERESOLVE       [Object], [Object], [Object], [Object], [Object], [Object],
115 warn ERESOLVE       [Object], [Object], [Object], [Object], [Object], [Object],
115 warn ERESOLVE       [Object], [Object], [Object], [Object], [Object], [Object],
115 warn ERESOLVE       [Object], [Object], [Object], [Object], [Object], [Object],
115 warn ERESOLVE       [Object], [Object], [Object], [Object], [Object], [Object],
115 warn ERESOLVE       [Object], [Object], [Object], [Object], [Object], [Object],
115 warn ERESOLVE       [Object], [Object], [Object], [Object], [Object], [Object],
115 warn ERESOLVE       [Object], [Object], [Object], [Object], [Object], [Object],
115 warn ERESOLVE       [Object], [Object], [Object], [Object], [Object], [Object],
115 warn ERESOLVE       [Object], [Object], [Object], [Object], [Object], [Object],
115 warn ERESOLVE       [Object]
115 warn ERESOLVE     ]
115 warn ERESOLVE   }
115 warn ERESOLVE }
116 warn ERESOLVE overriding peer dependency {
116 warn ERESOLVE   code: 'ERESOLVE',
116 warn ERESOLVE   edge: {
116 warn ERESOLVE     type: 'peer',
116 warn ERESOLVE     name: 'react',
116 warn ERESOLVE     spec: '^16.8.0 || ^17 || ^18 || ^19',
116 warn ERESOLVE     from: {
116 warn ERESOLVE       name: 'react-hook-form',
116 warn ERESOLVE       version: '7.55.0',
116 warn ERESOLVE       location: 'node_modules/react-hook-form',
116 warn ERESOLVE       isWorkspace: false,
116 warn ERESOLVE       dependents: [Array]
116 warn ERESOLVE     }
116 warn ERESOLVE   },
116 warn ERESOLVE   dep: {
116 warn ERESOLVE     name: 'react',
116 warn ERESOLVE     version: undefined,
116 warn ERESOLVE     errors: [ [FetchError] ],
116 warn ERESOLVE     package: {},
116 warn ERESOLVE     whileInstalling: {
116 warn ERESOLVE       name: 'react-popper',
116 warn ERESOLVE       version: '2.3.0',
116 warn ERESOLVE       path: '/Users/fujirio75/dev/w3software/node_modules/react-popper'
116 warn ERESOLVE     },
116 warn ERESOLVE     location: 'node_modules/react',
116 warn ERESOLVE     isWorkspace: false,
116 warn ERESOLVE     dependents: [ [Object] ]
116 warn ERESOLVE   },
116 warn ERESOLVE   force: false,
116 warn ERESOLVE   isMine: true,
116 warn ERESOLVE   strictPeerDeps: false,
116 warn ERESOLVE   current: {
116 warn ERESOLVE     name: 'react',
116 warn ERESOLVE     version: '19.2.0',
116 warn ERESOLVE     location: 'node_modules/react',
116 warn ERESOLVE     isWorkspace: false,
116 warn ERESOLVE     dependents: [
116 warn ERESOLVE       [Object], [Object], [Object], [Object], [Object], [Object],
116 warn ERESOLVE       [Object], [Object], [Object], [Object], [Object], [Object],
116 warn ERESOLVE       [Object], [Object], [Object], [Object], [Object], [Object],
116 warn ERESOLVE       [Object], [Object], [Object], [Object], [Object], [Object],
116 warn ERESOLVE       [Object], [Object], [Object], [Object], [Object], [Object],
116 warn ERESOLVE       [Object], [Object], [Object], [Object], [Object], [Object],
116 warn ERESOLVE       [Object], [Object], [Object], [Object], [Object], [Object],
116 warn ERESOLVE       [Object], [Object], [Object], [Object], [Object], [Object],
116 warn ERESOLVE       [Object], [Object], [Object], [Object], [Object], [Object],
116 warn ERESOLVE       [Object], [Object], [Object], [Object], [Object], [Object],
116 warn ERESOLVE       [Object], [Object], [Object], [Object], [Object], [Object],
116 warn ERESOLVE       [Object], [Object], [Object], [Object], [Object], [Object],
116 warn ERESOLVE       [Object], [Object], [Object], [Object], [Object], [Object],
116 warn ERESOLVE       [Object], [Object], [Object], [Object], [Object], [Object],
116 warn ERESOLVE       [Object], [Object], [Object], [Object], [Object], [Object],
116 warn ERESOLVE       [Object]
116 warn ERESOLVE     ]
116 warn ERESOLVE   }
116 warn ERESOLVE }
117 warn ERESOLVE overriding peer dependency {
117 warn ERESOLVE   code: 'ERESOLVE',
117 warn ERESOLVE   edge: {
117 warn ERESOLVE     type: 'peer',
117 warn ERESOLVE     name: 'react',
117 warn ERESOLVE     spec: '^16.8.0 || ^17 || ^18',
117 warn ERESOLVE     error: 'INVALID',
117 warn ERESOLVE     from: {
117 warn ERESOLVE       name: 'react-popper',
117 warn ERESOLVE       version: '2.3.0',
117 warn ERESOLVE       location: 'node_modules/react-popper',
117 warn ERESOLVE       isWorkspace: false,
117 warn ERESOLVE       dependents: [Array]
117 warn ERESOLVE     }
117 warn ERESOLVE   },
117 warn ERESOLVE   dep: {
117 warn ERESOLVE     name: 'react',
117 warn ERESOLVE     version: undefined,
117 warn ERESOLVE     errors: [ [FetchError] ],
117 warn ERESOLVE     package: {},
117 warn ERESOLVE     whileInstalling: {
117 warn ERESOLVE       name: 'react-popper',
117 warn ERESOLVE       version: '2.3.0',
117 warn ERESOLVE       path: '/Users/fujirio75/dev/w3software/node_modules/react-popper'
117 warn ERESOLVE     },
117 warn ERESOLVE     location: 'node_modules/react',
117 warn ERESOLVE     isWorkspace: false,
117 warn ERESOLVE     dependents: [ [Object] ]
117 warn ERESOLVE   },
117 warn ERESOLVE   force: false,
117 warn ERESOLVE   isMine: true,
117 warn ERESOLVE   strictPeerDeps: false,
117 warn ERESOLVE   current: {
117 warn ERESOLVE     name: 'react',
117 warn ERESOLVE     version: '19.2.0',
117 warn ERESOLVE     location: 'node_modules/react',
117 warn ERESOLVE     isWorkspace: false,
117 warn ERESOLVE     dependents: [
117 warn ERESOLVE       [Object], [Object], [Object], [Object], [Object], [Object],
117 warn ERESOLVE       [Object], [Object], [Object], [Object], [Object], [Object],
117 warn ERESOLVE       [Object], [Object], [Object], [Object], [Object], [Object],
117 warn ERESOLVE       [Object], [Object], [Object], [Object], [Object], [Object],
117 warn ERESOLVE       [Object], [Object], [Object], [Object], [Object], [Object],
117 warn ERESOLVE       [Object], [Object], [Object], [Object], [Object], [Object],
117 warn ERESOLVE       [Object], [Object], [Object], [Object], [Object], [Object],
117 warn ERESOLVE       [Object], [Object], [Object], [Object], [Object], [Object],
117 warn ERESOLVE       [Object], [Object], [Object], [Object], [Object], [Object],
117 warn ERESOLVE       [Object], [Object], [Object], [Object], [Object], [Object],
117 warn ERESOLVE       [Object], [Object], [Object], [Object], [Object], [Object],
117 warn ERESOLVE       [Object], [Object], [Object], [Object], [Object], [Object],
117 warn ERESOLVE       [Object], [Object], [Object], [Object], [Object], [Object],
117 warn ERESOLVE       [Object], [Object], [Object], [Object], [Object], [Object],
117 warn ERESOLVE       [Object], [Object], [Object], [Object], [Object], [Object],
117 warn ERESOLVE       [Object]
117 warn ERESOLVE     ]
117 warn ERESOLVE   }
117 warn ERESOLVE }
118 warn ERESOLVE overriding peer dependency {
118 warn ERESOLVE   code: 'ERESOLVE',
118 warn ERESOLVE   edge: {
118 warn ERESOLVE     type: 'peer',
118 warn ERESOLVE     name: 'react',
118 warn ERESOLVE     spec: '^16.14.0 || ^17.0.0 || ^18.0.0 || ^19.0.0 || ^19.0.0-rc',
118 warn ERESOLVE     from: {
118 warn ERESOLVE       name: 'react-resizable-panels',
118 warn ERESOLVE       version: '2.1.7',
118 warn ERESOLVE       location: 'node_modules/react-resizable-panels',
118 warn ERESOLVE       isWorkspace: false,
118 warn ERESOLVE       dependents: [Array]
118 warn ERESOLVE     }
118 warn ERESOLVE   },
118 warn ERESOLVE   dep: {
118 warn ERESOLVE     name: 'react',
118 warn ERESOLVE     version: undefined,
118 warn ERESOLVE     errors: [ [FetchError] ],
118 warn ERESOLVE     package: {},
118 warn ERESOLVE     whileInstalling: {
118 warn ERESOLVE       name: 'react-popper',
118 warn ERESOLVE       version: '2.3.0',
118 warn ERESOLVE       path: '/Users/fujirio75/dev/w3software/node_modules/react-popper'
118 warn ERESOLVE     },
118 warn ERESOLVE     location: 'node_modules/react',
118 warn ERESOLVE     isWorkspace: false,
118 warn ERESOLVE     dependents: [ [Object] ]
118 warn ERESOLVE   },
118 warn ERESOLVE   force: false,
118 warn ERESOLVE   isMine: true,
118 warn ERESOLVE   strictPeerDeps: false,
118 warn ERESOLVE   current: {
118 warn ERESOLVE     name: 'react',
118 warn ERESOLVE     version: '19.2.0',
118 warn ERESOLVE     location: 'node_modules/react',
118 warn ERESOLVE     isWorkspace: false,
118 warn ERESOLVE     dependents: [
118 warn ERESOLVE       [Object], [Object], [Object], [Object], [Object], [Object],
118 warn ERESOLVE       [Object], [Object], [Object], [Object], [Object], [Object],
118 warn ERESOLVE       [Object], [Object], [Object], [Object], [Object], [Object],
118 warn ERESOLVE       [Object], [Object], [Object], [Object], [Object], [Object],
118 warn ERESOLVE       [Object], [Object], [Object], [Object], [Object], [Object],
118 warn ERESOLVE       [Object], [Object], [Object], [Object], [Object], [Object],
118 warn ERESOLVE       [Object], [Object], [Object], [Object], [Object], [Object],
118 warn ERESOLVE       [Object], [Object], [Object], [Object], [Object], [Object],
118 warn ERESOLVE       [Object], [Object], [Object], [Object], [Object], [Object],
118 warn ERESOLVE       [Object], [Object], [Object], [Object], [Object], [Object],
118 warn ERESOLVE       [Object], [Object], [Object], [Object], [Object], [Object],
118 warn ERESOLVE       [Object], [Object], [Object], [Object], [Object], [Object],
118 warn ERESOLVE       [Object], [Object], [Object], [Object], [Object], [Object],
118 warn ERESOLVE       [Object], [Object], [Object], [Object], [Object], [Object],
118 warn ERESOLVE       [Object], [Object], [Object], [Object], [Object], [Object],
118 warn ERESOLVE       [Object]
118 warn ERESOLVE     ]
118 warn ERESOLVE   }
118 warn ERESOLVE }
119 warn ERESOLVE overriding peer dependency {
119 warn ERESOLVE   code: 'ERESOLVE',
119 warn ERESOLVE   edge: {
119 warn ERESOLVE     type: 'peer',
119 warn ERESOLVE     name: 'react',
119 warn ERESOLVE     spec: '^0.14.0 || ^15.0.1 || ^16.0.0 || ^17.0.0 || ^18.0.0 || ^19.0.0',
119 warn ERESOLVE     from: {
119 warn ERESOLVE       name: 'react-slick',
119 warn ERESOLVE       version: '0.31.0',
119 warn ERESOLVE       location: 'node_modules/react-slick',
119 warn ERESOLVE       isWorkspace: false,
119 warn ERESOLVE       dependents: [Array]
119 warn ERESOLVE     }
119 warn ERESOLVE   },
119 warn ERESOLVE   dep: {
119 warn ERESOLVE     name: 'react',
119 warn ERESOLVE     version: undefined,
119 warn ERESOLVE     errors: [ [FetchError] ],
119 warn ERESOLVE     package: {},
119 warn ERESOLVE     whileInstalling: {
119 warn ERESOLVE       name: 'react-popper',
119 warn ERESOLVE       version: '2.3.0',
119 warn ERESOLVE       path: '/Users/fujirio75/dev/w3software/node_modules/react-popper'
119 warn ERESOLVE     },
119 warn ERESOLVE     location: 'node_modules/react',
119 warn ERESOLVE     isWorkspace: false,
119 warn ERESOLVE     dependents: [ [Object] ]
119 warn ERESOLVE   },
119 warn ERESOLVE   force: false,
119 warn ERESOLVE   isMine: true,
119 warn ERESOLVE   strictPeerDeps: false,
119 warn ERESOLVE   current: {
119 warn ERESOLVE     name: 'react',
119 warn ERESOLVE     version: '19.2.0',
119 warn ERESOLVE     location: 'node_modules/react',
119 warn ERESOLVE     isWorkspace: false,
119 warn ERESOLVE     dependents: [
119 warn ERESOLVE       [Object], [Object], [Object], [Object], [Object], [Object],
119 warn ERESOLVE       [Object], [Object], [Object], [Object], [Object], [Object],
119 warn ERESOLVE       [Object], [Object], [Object], [Object], [Object], [Object],
119 warn ERESOLVE       [Object], [Object], [Object], [Object], [Object], [Object],
119 warn ERESOLVE       [Object], [Object], [Object], [Object], [Object], [Object],
119 warn ERESOLVE       [Object], [Object], [Object], [Object], [Object], [Object],
119 warn ERESOLVE       [Object], [Object], [Object], [Object], [Object], [Object],
119 warn ERESOLVE       [Object], [Object], [Object], [Object], [Object], [Object],
119 warn ERESOLVE       [Object], [Object], [Object], [Object], [Object], [Object],
119 warn ERESOLVE       [Object], [Object], [Object], [Object], [Object], [Object],
119 warn ERESOLVE       [Object], [Object], [Object], [Object], [Object], [Object],
119 warn ERESOLVE       [Object], [Object], [Object], [Object], [Object], [Object],
119 warn ERESOLVE       [Object], [Object], [Object], [Object], [Object], [Object],
119 warn ERESOLVE       [Object], [Object], [Object], [Object], [Object], [Object],
119 warn ERESOLVE       [Object], [Object], [Object], [Object], [Object], [Object],
119 warn ERESOLVE       [Object]
119 warn ERESOLVE     ]
119 warn ERESOLVE   }
119 warn ERESOLVE }
120 warn ERESOLVE overriding peer dependency {
120 warn ERESOLVE   code: 'ERESOLVE',
120 warn ERESOLVE   edge: {
120 warn ERESOLVE     type: 'peer',
120 warn ERESOLVE     name: 'react',
120 warn ERESOLVE     spec: '^16.0.0 || ^17.0.0 || ^18.0.0 || ^19.0.0',
120 warn ERESOLVE     from: {
120 warn ERESOLVE       name: 'recharts',
120 warn ERESOLVE       version: '2.15.2',
120 warn ERESOLVE       location: 'node_modules/recharts',
120 warn ERESOLVE       isWorkspace: false,
120 warn ERESOLVE       dependents: [Array]
120 warn ERESOLVE     }
120 warn ERESOLVE   },
120 warn ERESOLVE   dep: {
120 warn ERESOLVE     name: 'react',
120 warn ERESOLVE     version: undefined,
120 warn ERESOLVE     errors: [ [FetchError] ],
120 warn ERESOLVE     package: {},
120 warn ERESOLVE     whileInstalling: {
120 warn ERESOLVE       name: 'react-popper',
120 warn ERESOLVE       version: '2.3.0',
120 warn ERESOLVE       path: '/Users/fujirio75/dev/w3software/node_modules/react-popper'
120 warn ERESOLVE     },
120 warn ERESOLVE     location: 'node_modules/react',
120 warn ERESOLVE     isWorkspace: false,
120 warn ERESOLVE     dependents: [ [Object] ]
120 warn ERESOLVE   },
120 warn ERESOLVE   force: false,
120 warn ERESOLVE   isMine: true,
120 warn ERESOLVE   strictPeerDeps: false,
120 warn ERESOLVE   current: {
120 warn ERESOLVE     name: 'react',
120 warn ERESOLVE     version: '19.2.0',
120 warn ERESOLVE     location: 'node_modules/react',
120 warn ERESOLVE     isWorkspace: false,
120 warn ERESOLVE     dependents: [
120 warn ERESOLVE       [Object], [Object], [Object], [Object], [Object], [Object],
120 warn ERESOLVE       [Object], [Object], [Object], [Object], [Object], [Object],
120 warn ERESOLVE       [Object], [Object], [Object], [Object], [Object], [Object],
120 warn ERESOLVE       [Object], [Object], [Object], [Object], [Object], [Object],
120 warn ERESOLVE       [Object], [Object], [Object], [Object], [Object], [Object],
120 warn ERESOLVE       [Object], [Object], [Object], [Object], [Object], [Object],
120 warn ERESOLVE       [Object], [Object], [Object], [Object], [Object], [Object],
120 warn ERESOLVE       [Object], [Object], [Object], [Object], [Object], [Object],
120 warn ERESOLVE       [Object], [Object], [Object], [Object], [Object], [Object],
120 warn ERESOLVE       [Object], [Object], [Object], [Object], [Object], [Object],
120 warn ERESOLVE       [Object], [Object], [Object], [Object], [Object], [Object],
120 warn ERESOLVE       [Object], [Object], [Object], [Object], [Object], [Object],
120 warn ERESOLVE       [Object], [Object], [Object], [Object], [Object], [Object],
120 warn ERESOLVE       [Object], [Object], [Object], [Object], [Object], [Object],
120 warn ERESOLVE       [Object], [Object], [Object], [Object], [Object], [Object],
120 warn ERESOLVE       [Object]
120 warn ERESOLVE     ]
120 warn ERESOLVE   }
120 warn ERESOLVE }
121 warn ERESOLVE overriding peer dependency {
121 warn ERESOLVE   code: 'ERESOLVE',
121 warn ERESOLVE   edge: {
121 warn ERESOLVE     type: 'peer',
121 warn ERESOLVE     name: 'react',
121 warn ERESOLVE     spec: '^18.0.0 || ^19.0.0 || ^19.0.0-rc',
121 warn ERESOLVE     from: {
121 warn ERESOLVE       name: 'sonner',
121 warn ERESOLVE       version: '2.0.3',
121 warn ERESOLVE       location: 'node_modules/sonner',
121 warn ERESOLVE       isWorkspace: false,
121 warn ERESOLVE       dependents: [Array]
121 warn ERESOLVE     }
121 warn ERESOLVE   },
121 warn ERESOLVE   dep: {
121 warn ERESOLVE     name: 'react',
121 warn ERESOLVE     version: undefined,
121 warn ERESOLVE     errors: [ [FetchError] ],
121 warn ERESOLVE     package: {},
121 warn ERESOLVE     whileInstalling: {
121 warn ERESOLVE       name: 'react-popper',
121 warn ERESOLVE       version: '2.3.0',
121 warn ERESOLVE       path: '/Users/fujirio75/dev/w3software/node_modules/react-popper'
121 warn ERESOLVE     },
121 warn ERESOLVE     location: 'node_modules/react',
121 warn ERESOLVE     isWorkspace: false,
121 warn ERESOLVE     dependents: [ [Object] ]
121 warn ERESOLVE   },
121 warn ERESOLVE   force: false,
121 warn ERESOLVE   isMine: true,
121 warn ERESOLVE   strictPeerDeps: false,
121 warn ERESOLVE   current: {
121 warn ERESOLVE     name: 'react',
121 warn ERESOLVE     version: '19.2.0',
121 warn ERESOLVE     location: 'node_modules/react',
121 warn ERESOLVE     isWorkspace: false,
121 warn ERESOLVE     dependents: [
121 warn ERESOLVE       [Object], [Object], [Object], [Object], [Object], [Object],
121 warn ERESOLVE       [Object], [Object], [Object], [Object], [Object], [Object],
121 warn ERESOLVE       [Object], [Object], [Object], [Object], [Object], [Object],
121 warn ERESOLVE       [Object], [Object], [Object], [Object], [Object], [Object],
121 warn ERESOLVE       [Object], [Object], [Object], [Object], [Object], [Object],
121 warn ERESOLVE       [Object], [Object], [Object], [Object], [Object], [Object],
121 warn ERESOLVE       [Object], [Object], [Object], [Object], [Object], [Object],
121 warn ERESOLVE       [Object], [Object], [Object], [Object], [Object], [Object],
121 warn ERESOLVE       [Object], [Object], [Object], [Object], [Object], [Object],
121 warn ERESOLVE       [Object], [Object], [Object], [Object], [Object], [Object],
121 warn ERESOLVE       [Object], [Object], [Object], [Object], [Object], [Object],
121 warn ERESOLVE       [Object], [Object], [Object], [Object], [Object], [Object],
121 warn ERESOLVE       [Object], [Object], [Object], [Object], [Object], [Object],
121 warn ERESOLVE       [Object], [Object], [Object], [Object], [Object], [Object],
121 warn ERESOLVE       [Object], [Object], [Object], [Object], [Object], [Object],
121 warn ERESOLVE       [Object]
121 warn ERESOLVE     ]
121 warn ERESOLVE   }
121 warn ERESOLVE }
122 warn ERESOLVE overriding peer dependency {
122 warn ERESOLVE   code: 'ERESOLVE',
122 warn ERESOLVE   edge: {
122 warn ERESOLVE     type: 'peer',
122 warn ERESOLVE     name: 'react',
122 warn ERESOLVE     spec: '^16.8 || ^17.0 || ^18.0 || ^19.0.0 || ^19.0.0-rc',
122 warn ERESOLVE     from: {
122 warn ERESOLVE       name: 'vaul',
122 warn ERESOLVE       version: '1.1.2',
122 warn ERESOLVE       location: 'node_modules/vaul',
122 warn ERESOLVE       isWorkspace: false,
122 warn ERESOLVE       dependents: [Array]
122 warn ERESOLVE     }
122 warn ERESOLVE   },
122 warn ERESOLVE   dep: {
122 warn ERESOLVE     name: 'react',
122 warn ERESOLVE     version: undefined,
122 warn ERESOLVE     errors: [ [FetchError] ],
122 warn ERESOLVE     package: {},
122 warn ERESOLVE     whileInstalling: {
122 warn ERESOLVE       name: 'react-popper',
122 warn ERESOLVE       version: '2.3.0',
122 warn ERESOLVE       path: '/Users/fujirio75/dev/w3software/node_modules/react-popper'
122 warn ERESOLVE     },
122 warn ERESOLVE     location: 'node_modules/react',
122 warn ERESOLVE     isWorkspace: false,
122 warn ERESOLVE     dependents: [ [Object] ]
122 warn ERESOLVE   },
122 warn ERESOLVE   force: false,
122 warn ERESOLVE   isMine: true,
122 warn ERESOLVE   strictPeerDeps: false,
122 warn ERESOLVE   current: {
122 warn ERESOLVE     name: 'react',
122 warn ERESOLVE     version: '19.2.0',
122 warn ERESOLVE     location: 'node_modules/react',
122 warn ERESOLVE     isWorkspace: false,
122 warn ERESOLVE     dependents: [
122 warn ERESOLVE       [Object], [Object], [Object], [Object], [Object], [Object],
122 warn ERESOLVE       [Object], [Object], [Object], [Object], [Object], [Object],
122 warn ERESOLVE       [Object], [Object], [Object], [Object], [Object], [Object],
122 warn ERESOLVE       [Object], [Object], [Object], [Object], [Object], [Object],
122 warn ERESOLVE       [Object], [Object], [Object], [Object], [Object], [Object],
122 warn ERESOLVE       [Object], [Object], [Object], [Object], [Object], [Object],
122 warn ERESOLVE       [Object], [Object], [Object], [Object], [Object], [Object],
122 warn ERESOLVE       [Object], [Object], [Object], [Object], [Object], [Object],
122 warn ERESOLVE       [Object], [Object], [Object], [Object], [Object], [Object],
122 warn ERESOLVE       [Object], [Object], [Object], [Object], [Object], [Object],
122 warn ERESOLVE       [Object], [Object], [Object], [Object], [Object], [Object],
122 warn ERESOLVE       [Object], [Object], [Object], [Object], [Object], [Object],
122 warn ERESOLVE       [Object], [Object], [Object], [Object], [Object], [Object],
122 warn ERESOLVE       [Object], [Object], [Object], [Object], [Object], [Object],
122 warn ERESOLVE       [Object], [Object], [Object], [Object], [Object], [Object],
122 warn ERESOLVE       [Object]
122 warn ERESOLVE     ]
122 warn ERESOLVE   }
122 warn ERESOLVE }
123 warn ERESOLVE overriding peer dependency {
123 warn ERESOLVE   code: 'ERESOLVE',
123 warn ERESOLVE   edge: {
123 warn ERESOLVE     type: 'peer',
123 warn ERESOLVE     name: 'react',
123 warn ERESOLVE     spec: '^16.8.0 || ^17 || ^18',
123 warn ERESOLVE     error: 'INVALID',
123 warn ERESOLVE     from: {
123 warn ERESOLVE       name: 'react-popper',
123 warn ERESOLVE       version: '2.3.0',
123 warn ERESOLVE       location: 'node_modules/react-popper',
123 warn ERESOLVE       isWorkspace: false,
123 warn ERESOLVE       dependents: [Array]
123 warn ERESOLVE     }
123 warn ERESOLVE   },
123 warn ERESOLVE   dep: {
123 warn ERESOLVE     name: 'react',
123 warn ERESOLVE     version: undefined,
123 warn ERESOLVE     errors: [ [FetchError] ],
123 warn ERESOLVE     package: {},
123 warn ERESOLVE     whileInstalling: {
123 warn ERESOLVE       name: 'react-popper',
123 warn ERESOLVE       version: '2.3.0',
123 warn ERESOLVE       path: '/Users/fujirio75/dev/w3software/node_modules/react-popper'
123 warn ERESOLVE     },
123 warn ERESOLVE     location: 'node_modules/react',
123 warn ERESOLVE     isWorkspace: false,
123 warn ERESOLVE     dependents: [ [Object] ]
123 warn ERESOLVE   },
123 warn ERESOLVE   force: false,
123 warn ERESOLVE   isMine: true,
123 warn ERESOLVE   strictPeerDeps: false,
123 warn ERESOLVE   current: {
123 warn ERESOLVE     name: 'react',
123 warn ERESOLVE     version: undefined,
123 warn ERESOLVE     errors: [ [FetchError] ],
123 warn ERESOLVE     package: {},
123 warn ERESOLVE     location: 'node_modules/react',
123 warn ERESOLVE     isWorkspace: false,
123 warn ERESOLVE     dependents: [ [Object] ]
123 warn ERESOLVE   }
123 warn ERESOLVE }
124 silly placeDep ROOT react-dom@ REPLACE for: react-popper@2.3.0 want: ^16.8.0 || ^17 || ^18
125 warn ERESOLVE overriding peer dependency {
125 warn ERESOLVE   code: 'ERESOLVE',
125 warn ERESOLVE   edge: {
125 warn ERESOLVE     type: 'peer',
125 warn ERESOLVE     name: 'react-dom',
125 warn ERESOLVE     spec: '^17.0.0 || ^18.0.0 || ^19.0.0',
125 warn ERESOLVE     from: {
125 warn ERESOLVE       name: '@mui/material',
125 warn ERESOLVE       version: '7.3.5',
125 warn ERESOLVE       location: 'node_modules/@mui/material',
125 warn ERESOLVE       isWorkspace: false,
125 warn ERESOLVE       dependents: [Array]
125 warn ERESOLVE     }
125 warn ERESOLVE   },
125 warn ERESOLVE   dep: {
125 warn ERESOLVE     name: 'react-dom',
125 warn ERESOLVE     version: undefined,
125 warn ERESOLVE     errors: [ [FetchError] ],
125 warn ERESOLVE     package: {},
125 warn ERESOLVE     whileInstalling: {
125 warn ERESOLVE       name: 'react-popper',
125 warn ERESOLVE       version: '2.3.0',
125 warn ERESOLVE       path: '/Users/fujirio75/dev/w3software/node_modules/react-popper'
125 warn ERESOLVE     },
125 warn ERESOLVE     location: 'node_modules/react-dom',
125 warn ERESOLVE     isWorkspace: false,
125 warn ERESOLVE     dependents: [ [Object] ]
125 warn ERESOLVE   },
125 warn ERESOLVE   force: false,
125 warn ERESOLVE   isMine: true,
125 warn ERESOLVE   strictPeerDeps: false,
125 warn ERESOLVE   current: {
125 warn ERESOLVE     name: 'react-dom',
125 warn ERESOLVE     version: '19.2.0',
125 warn ERESOLVE     location: 'node_modules/react-dom',
125 warn ERESOLVE     isWorkspace: false,
125 warn ERESOLVE     dependents: [
125 warn ERESOLVE       [Object], [Object], [Object], [Object],
125 warn ERESOLVE       [Object], [Object], [Object], [Object],
125 warn ERESOLVE       [Object], [Object], [Object], [Object],
125 warn ERESOLVE       [Object], [Object], [Object], [Object],
125 warn ERESOLVE       [Object], [Object], [Object], [Object],
125 warn ERESOLVE       [Object], [Object], [Object], [Object],
125 warn ERESOLVE       [Object], [Object], [Object], [Object],
125 warn ERESOLVE       [Object], [Object], [Object], [Object],
125 warn ERESOLVE       [Object], [Object], [Object], [Object],
125 warn ERESOLVE       [Object], [Object], [Object], [Object],
125 warn ERESOLVE       [Object], [Object], [Object], [Object],
125 warn ERESOLVE       [Object], [Object], [Object], [Object],
125 warn ERESOLVE       [Object], [Object], [Object], [Object],
125 warn ERESOLVE       [Object], [Object]
125 warn ERESOLVE     ]
125 warn ERESOLVE   }
125 warn ERESOLVE }
126 warn ERESOLVE overriding peer dependency {
126 warn ERESOLVE   code: 'ERESOLVE',
126 warn ERESOLVE   edge: {
126 warn ERESOLVE     type: 'peer',
126 warn ERESOLVE     name: 'react-dom',
126 warn ERESOLVE     spec: '^17.0.0 || ^18.0.0 || ^19.0.0',
126 warn ERESOLVE     from: {
126 warn ERESOLVE       name: '@mui/material',
126 warn ERESOLVE       version: '7.3.5',
126 warn ERESOLVE       location: 'node_modules/@mui/material',
126 warn ERESOLVE       isWorkspace: false,
126 warn ERESOLVE       dependents: [Array]
126 warn ERESOLVE     }
126 warn ERESOLVE   },
126 warn ERESOLVE   dep: {
126 warn ERESOLVE     name: 'react-dom',
126 warn ERESOLVE     version: undefined,
126 warn ERESOLVE     errors: [ [FetchError] ],
126 warn ERESOLVE     package: {},
126 warn ERESOLVE     whileInstalling: {
126 warn ERESOLVE       name: 'react-popper',
126 warn ERESOLVE       version: '2.3.0',
126 warn ERESOLVE       path: '/Users/fujirio75/dev/w3software/node_modules/react-popper'
126 warn ERESOLVE     },
126 warn ERESOLVE     location: 'node_modules/react-dom',
126 warn ERESOLVE     isWorkspace: false,
126 warn ERESOLVE     dependents: [ [Object] ]
126 warn ERESOLVE   },
126 warn ERESOLVE   force: false,
126 warn ERESOLVE   isMine: true,
126 warn ERESOLVE   strictPeerDeps: false,
126 warn ERESOLVE   current: {
126 warn ERESOLVE     name: 'react-dom',
126 warn ERESOLVE     version: '19.2.0',
126 warn ERESOLVE     location: 'node_modules/react-dom',
126 warn ERESOLVE     isWorkspace: false,
126 warn ERESOLVE     dependents: [
126 warn ERESOLVE       [Object], [Object], [Object], [Object],
126 warn ERESOLVE       [Object], [Object], [Object], [Object],
126 warn ERESOLVE       [Object], [Object], [Object], [Object],
126 warn ERESOLVE       [Object], [Object], [Object], [Object],
126 warn ERESOLVE       [Object], [Object], [Object], [Object],
126 warn ERESOLVE       [Object], [Object], [Object], [Object],
126 warn ERESOLVE       [Object], [Object], [Object], [Object],
126 warn ERESOLVE       [Object], [Object], [Object], [Object],
126 warn ERESOLVE       [Object], [Object], [Object], [Object],
126 warn ERESOLVE       [Object], [Object], [Object], [Object],
126 warn ERESOLVE       [Object], [Object], [Object], [Object],
126 warn ERESOLVE       [Object], [Object], [Object], [Object],
126 warn ERESOLVE       [Object], [Object], [Object], [Object],
126 warn ERESOLVE       [Object], [Object]
126 warn ERESOLVE     ]
126 warn ERESOLVE   }
126 warn ERESOLVE }
127 warn ERESOLVE overriding peer dependency {
127 warn ERESOLVE   code: 'ERESOLVE',
127 warn ERESOLVE   edge: {
127 warn ERESOLVE     type: 'peer',
127 warn ERESOLVE     name: 'react-dom',
127 warn ERESOLVE     spec: '^16.8 || ^17.0 || ^18.0 || ^19.0 || ^19.0.0-rc',
127 warn ERESOLVE     from: {
127 warn ERESOLVE       name: '@radix-ui/react-accordion',
127 warn ERESOLVE       version: '1.2.3',
127 warn ERESOLVE       location: 'node_modules/@radix-ui/react-accordion',
127 warn ERESOLVE       isWorkspace: false,
127 warn ERESOLVE       dependents: [Array]
127 warn ERESOLVE     }
127 warn ERESOLVE   },
127 warn ERESOLVE   dep: {
127 warn ERESOLVE     name: 'react-dom',
127 warn ERESOLVE     version: undefined,
127 warn ERESOLVE     errors: [ [FetchError] ],
127 warn ERESOLVE     package: {},
127 warn ERESOLVE     whileInstalling: {
127 warn ERESOLVE       name: 'react-popper',
127 warn ERESOLVE       version: '2.3.0',
127 warn ERESOLVE       path: '/Users/fujirio75/dev/w3software/node_modules/react-popper'
127 warn ERESOLVE     },
127 warn ERESOLVE     location: 'node_modules/react-dom',
127 warn ERESOLVE     isWorkspace: false,
127 warn ERESOLVE     dependents: [ [Object] ]
127 warn ERESOLVE   },
127 warn ERESOLVE   force: false,
127 warn ERESOLVE   isMine: true,
127 warn ERESOLVE   strictPeerDeps: false,
127 warn ERESOLVE   current: {
127 warn ERESOLVE     name: 'react-dom',
127 warn ERESOLVE     version: '19.2.0',
127 warn ERESOLVE     location: 'node_modules/react-dom',
127 warn ERESOLVE     isWorkspace: false,
127 warn ERESOLVE     dependents: [
127 warn ERESOLVE       [Object], [Object], [Object], [Object],
127 warn ERESOLVE       [Object], [Object], [Object], [Object],
127 warn ERESOLVE       [Object], [Object], [Object], [Object],
127 warn ERESOLVE       [Object], [Object], [Object], [Object],
127 warn ERESOLVE       [Object], [Object], [Object], [Object],
127 warn ERESOLVE       [Object], [Object], [Object], [Object],
127 warn ERESOLVE       [Object], [Object], [Object], [Object],
127 warn ERESOLVE       [Object], [Object], [Object], [Object],
127 warn ERESOLVE       [Object], [Object], [Object], [Object],
127 warn ERESOLVE       [Object], [Object], [Object], [Object],
127 warn ERESOLVE       [Object], [Object], [Object], [Object],
127 warn ERESOLVE       [Object], [Object], [Object], [Object],
127 warn ERESOLVE       [Object], [Object], [Object], [Object],
127 warn ERESOLVE       [Object], [Object]
127 warn ERESOLVE     ]
127 warn ERESOLVE   }
127 warn ERESOLVE }
128 warn ERESOLVE overriding peer dependency {
128 warn ERESOLVE   code: 'ERESOLVE',
128 warn ERESOLVE   edge: {
128 warn ERESOLVE     type: 'peer',
128 warn ERESOLVE     name: 'react-dom',
128 warn ERESOLVE     spec: '^16.8 || ^17.0 || ^18.0 || ^19.0 || ^19.0.0-rc',
128 warn ERESOLVE     from: {
128 warn ERESOLVE       name: '@radix-ui/react-alert-dialog',
128 warn ERESOLVE       version: '1.1.6',
128 warn ERESOLVE       location: 'node_modules/@radix-ui/react-alert-dialog',
128 warn ERESOLVE       isWorkspace: false,
128 warn ERESOLVE       dependents: [Array]
128 warn ERESOLVE     }
128 warn ERESOLVE   },
128 warn ERESOLVE   dep: {
128 warn ERESOLVE     name: 'react-dom',
128 warn ERESOLVE     version: undefined,
128 warn ERESOLVE     errors: [ [FetchError] ],
128 warn ERESOLVE     package: {},
128 warn ERESOLVE     whileInstalling: {
128 warn ERESOLVE       name: 'react-popper',
128 warn ERESOLVE       version: '2.3.0',
128 warn ERESOLVE       path: '/Users/fujirio75/dev/w3software/node_modules/react-popper'
128 warn ERESOLVE     },
128 warn ERESOLVE     location: 'node_modules/react-dom',
128 warn ERESOLVE     isWorkspace: false,
128 warn ERESOLVE     dependents: [ [Object] ]
128 warn ERESOLVE   },
128 warn ERESOLVE   force: false,
128 warn ERESOLVE   isMine: true,
128 warn ERESOLVE   strictPeerDeps: false,
128 warn ERESOLVE   current: {
128 warn ERESOLVE     name: 'react-dom',
128 warn ERESOLVE     version: '19.2.0',
128 warn ERESOLVE     location: 'node_modules/react-dom',
128 warn ERESOLVE     isWorkspace: false,
128 warn ERESOLVE     dependents: [
128 warn ERESOLVE       [Object], [Object], [Object], [Object],
128 warn ERESOLVE       [Object], [Object], [Object], [Object],
128 warn ERESOLVE       [Object], [Object], [Object], [Object],
128 warn ERESOLVE       [Object], [Object], [Object], [Object],
128 warn ERESOLVE       [Object], [Object], [Object], [Object],
128 warn ERESOLVE       [Object], [Object], [Object], [Object],
128 warn ERESOLVE       [Object], [Object], [Object], [Object],
128 warn ERESOLVE       [Object], [Object], [Object], [Object],
128 warn ERESOLVE       [Object], [Object], [Object], [Object],
128 warn ERESOLVE       [Object], [Object], [Object], [Object],
128 warn ERESOLVE       [Object], [Object], [Object], [Object],
128 warn ERESOLVE       [Object], [Object], [Object], [Object],
128 warn ERESOLVE       [Object], [Object], [Object], [Object],
128 warn ERESOLVE       [Object], [Object]
128 warn ERESOLVE     ]
128 warn ERESOLVE   }
128 warn ERESOLVE }
129 warn ERESOLVE overriding peer dependency {
129 warn ERESOLVE   code: 'ERESOLVE',
129 warn ERESOLVE   edge: {
129 warn ERESOLVE     type: 'peer',
129 warn ERESOLVE     name: 'react-dom',
129 warn ERESOLVE     spec: '^16.8 || ^17.0 || ^18.0 || ^19.0 || ^19.0.0-rc',
129 warn ERESOLVE     from: {
129 warn ERESOLVE       name: '@radix-ui/react-aspect-ratio',
129 warn ERESOLVE       version: '1.1.2',
129 warn ERESOLVE       location: 'node_modules/@radix-ui/react-aspect-ratio',
129 warn ERESOLVE       isWorkspace: false,
129 warn ERESOLVE       dependents: [Array]
129 warn ERESOLVE     }
129 warn ERESOLVE   },
129 warn ERESOLVE   dep: {
129 warn ERESOLVE     name: 'react-dom',
129 warn ERESOLVE     version: undefined,
129 warn ERESOLVE     errors: [ [FetchError] ],
129 warn ERESOLVE     package: {},
129 warn ERESOLVE     whileInstalling: {
129 warn ERESOLVE       name: 'react-popper',
129 warn ERESOLVE       version: '2.3.0',
129 warn ERESOLVE       path: '/Users/fujirio75/dev/w3software/node_modules/react-popper'
129 warn ERESOLVE     },
129 warn ERESOLVE     location: 'node_modules/react-dom',
129 warn ERESOLVE     isWorkspace: false,
129 warn ERESOLVE     dependents: [ [Object] ]
129 warn ERESOLVE   },
129 warn ERESOLVE   force: false,
129 warn ERESOLVE   isMine: true,
129 warn ERESOLVE   strictPeerDeps: false,
129 warn ERESOLVE   current: {
129 warn ERESOLVE     name: 'react-dom',
129 warn ERESOLVE     version: '19.2.0',
129 warn ERESOLVE     location: 'node_modules/react-dom',
129 warn ERESOLVE     isWorkspace: false,
129 warn ERESOLVE     dependents: [
129 warn ERESOLVE       [Object], [Object], [Object], [Object],
129 warn ERESOLVE       [Object], [Object], [Object], [Object],
129 warn ERESOLVE       [Object], [Object], [Object], [Object],
129 warn ERESOLVE       [Object], [Object], [Object], [Object],
129 warn ERESOLVE       [Object], [Object], [Object], [Object],
129 warn ERESOLVE       [Object], [Object], [Object], [Object],
129 warn ERESOLVE       [Object], [Object], [Object], [Object],
129 warn ERESOLVE       [Object], [Object], [Object], [Object],
129 warn ERESOLVE       [Object], [Object], [Object], [Object],
129 warn ERESOLVE       [Object], [Object], [Object], [Object],
129 warn ERESOLVE       [Object], [Object], [Object], [Object],
129 warn ERESOLVE       [Object], [Object], [Object], [Object],
129 warn ERESOLVE       [Object], [Object], [Object], [Object],
129 warn ERESOLVE       [Object], [Object]
129 warn ERESOLVE     ]
129 warn ERESOLVE   }
129 warn ERESOLVE }
130 warn ERESOLVE overriding peer dependency {
130 warn ERESOLVE   code: 'ERESOLVE',
130 warn ERESOLVE   edge: {
130 warn ERESOLVE     type: 'peer',
130 warn ERESOLVE     name: 'react-dom',
130 warn ERESOLVE     spec: '^16.8 || ^17.0 || ^18.0 || ^19.0 || ^19.0.0-rc',
130 warn ERESOLVE     from: {
130 warn ERESOLVE       name: '@radix-ui/react-avatar',
130 warn ERESOLVE       version: '1.1.3',
130 warn ERESOLVE       location: 'node_modules/@radix-ui/react-avatar',
130 warn ERESOLVE       isWorkspace: false,
130 warn ERESOLVE       dependents: [Array]
130 warn ERESOLVE     }
130 warn ERESOLVE   },
130 warn ERESOLVE   dep: {
130 warn ERESOLVE     name: 'react-dom',
130 warn ERESOLVE     version: undefined,
130 warn ERESOLVE     errors: [ [FetchError] ],
130 warn ERESOLVE     package: {},
130 warn ERESOLVE     whileInstalling: {
130 warn ERESOLVE       name: 'react-popper',
130 warn ERESOLVE       version: '2.3.0',
130 warn ERESOLVE       path: '/Users/fujirio75/dev/w3software/node_modules/react-popper'
130 warn ERESOLVE     },
130 warn ERESOLVE     location: 'node_modules/react-dom',
130 warn ERESOLVE     isWorkspace: false,
130 warn ERESOLVE     dependents: [ [Object] ]
130 warn ERESOLVE   },
130 warn ERESOLVE   force: false,
130 warn ERESOLVE   isMine: true,
130 warn ERESOLVE   strictPeerDeps: false,
130 warn ERESOLVE   current: {
130 warn ERESOLVE     name: 'react-dom',
130 warn ERESOLVE     version: '19.2.0',
130 warn ERESOLVE     location: 'node_modules/react-dom',
130 warn ERESOLVE     isWorkspace: false,
130 warn ERESOLVE     dependents: [
130 warn ERESOLVE       [Object], [Object], [Object], [Object],
130 warn ERESOLVE       [Object], [Object], [Object], [Object],
130 warn ERESOLVE       [Object], [Object], [Object], [Object],
130 warn ERESOLVE       [Object], [Object], [Object], [Object],
130 warn ERESOLVE       [Object], [Object], [Object], [Object],
130 warn ERESOLVE       [Object], [Object], [Object], [Object],
130 warn ERESOLVE       [Object], [Object], [Object], [Object],
130 warn ERESOLVE       [Object], [Object], [Object], [Object],
130 warn ERESOLVE       [Object], [Object], [Object], [Object],
130 warn ERESOLVE       [Object], [Object], [Object], [Object],
130 warn ERESOLVE       [Object], [Object], [Object], [Object],
130 warn ERESOLVE       [Object], [Object], [Object], [Object],
130 warn ERESOLVE       [Object], [Object], [Object], [Object],
130 warn ERESOLVE       [Object], [Object]
130 warn ERESOLVE     ]
130 warn ERESOLVE   }
130 warn ERESOLVE }
131 warn ERESOLVE overriding peer dependency {
131 warn ERESOLVE   code: 'ERESOLVE',
131 warn ERESOLVE   edge: {
131 warn ERESOLVE     type: 'peer',
131 warn ERESOLVE     name: 'react-dom',
131 warn ERESOLVE     spec: '^16.8 || ^17.0 || ^18.0 || ^19.0 || ^19.0.0-rc',
131 warn ERESOLVE     from: {
131 warn ERESOLVE       name: '@radix-ui/react-checkbox',
131 warn ERESOLVE       version: '1.1.4',
131 warn ERESOLVE       location: 'node_modules/@radix-ui/react-checkbox',
131 warn ERESOLVE       isWorkspace: false,
131 warn ERESOLVE       dependents: [Array]
131 warn ERESOLVE     }
131 warn ERESOLVE   },
131 warn ERESOLVE   dep: {
131 warn ERESOLVE     name: 'react-dom',
131 warn ERESOLVE     version: undefined,
131 warn ERESOLVE     errors: [ [FetchError] ],
131 warn ERESOLVE     package: {},
131 warn ERESOLVE     whileInstalling: {
131 warn ERESOLVE       name: 'react-popper',
131 warn ERESOLVE       version: '2.3.0',
131 warn ERESOLVE       path: '/Users/fujirio75/dev/w3software/node_modules/react-popper'
131 warn ERESOLVE     },
131 warn ERESOLVE     location: 'node_modules/react-dom',
131 warn ERESOLVE     isWorkspace: false,
131 warn ERESOLVE     dependents: [ [Object] ]
131 warn ERESOLVE   },
131 warn ERESOLVE   force: false,
131 warn ERESOLVE   isMine: true,
131 warn ERESOLVE   strictPeerDeps: false,
131 warn ERESOLVE   current: {
131 warn ERESOLVE     name: 'react-dom',
131 warn ERESOLVE     version: '19.2.0',
131 warn ERESOLVE     location: 'node_modules/react-dom',
131 warn ERESOLVE     isWorkspace: false,
131 warn ERESOLVE     dependents: [
131 warn ERESOLVE       [Object], [Object], [Object], [Object],
131 warn ERESOLVE       [Object], [Object], [Object], [Object],
131 warn ERESOLVE       [Object], [Object], [Object], [Object],
131 warn ERESOLVE       [Object], [Object], [Object], [Object],
131 warn ERESOLVE       [Object], [Object], [Object], [Object],
131 warn ERESOLVE       [Object], [Object], [Object], [Object],
131 warn ERESOLVE       [Object], [Object], [Object], [Object],
131 warn ERESOLVE       [Object], [Object], [Object], [Object],
131 warn ERESOLVE       [Object], [Object], [Object], [Object],
131 warn ERESOLVE       [Object], [Object], [Object], [Object],
131 warn ERESOLVE       [Object], [Object], [Object], [Object],
131 warn ERESOLVE       [Object], [Object], [Object], [Object],
131 warn ERESOLVE       [Object], [Object], [Object], [Object],
131 warn ERESOLVE       [Object], [Object]
131 warn ERESOLVE     ]
131 warn ERESOLVE   }
131 warn ERESOLVE }
132 warn ERESOLVE overriding peer dependency {
132 warn ERESOLVE   code: 'ERESOLVE',
132 warn ERESOLVE   edge: {
132 warn ERESOLVE     type: 'peer',
132 warn ERESOLVE     name: 'react-dom',
132 warn ERESOLVE     spec: '^16.8 || ^17.0 || ^18.0 || ^19.0 || ^19.0.0-rc',
132 warn ERESOLVE     from: {
132 warn ERESOLVE       name: '@radix-ui/react-context-menu',
132 warn ERESOLVE       version: '2.2.6',
132 warn ERESOLVE       location: 'node_modules/@radix-ui/react-context-menu',
132 warn ERESOLVE       isWorkspace: false,
132 warn ERESOLVE       dependents: [Array]
132 warn ERESOLVE     }
132 warn ERESOLVE   },
132 warn ERESOLVE   dep: {
132 warn ERESOLVE     name: 'react-dom',
132 warn ERESOLVE     version: undefined,
132 warn ERESOLVE     errors: [ [FetchError] ],
132 warn ERESOLVE     package: {},
132 warn ERESOLVE     whileInstalling: {
132 warn ERESOLVE       name: 'react-popper',
132 warn ERESOLVE       version: '2.3.0',
132 warn ERESOLVE       path: '/Users/fujirio75/dev/w3software/node_modules/react-popper'
132 warn ERESOLVE     },
132 warn ERESOLVE     location: 'node_modules/react-dom',
132 warn ERESOLVE     isWorkspace: false,
132 warn ERESOLVE     dependents: [ [Object] ]
132 warn ERESOLVE   },
132 warn ERESOLVE   force: false,
132 warn ERESOLVE   isMine: true,
132 warn ERESOLVE   strictPeerDeps: false,
132 warn ERESOLVE   current: {
132 warn ERESOLVE     name: 'react-dom',
132 warn ERESOLVE     version: '19.2.0',
132 warn ERESOLVE     location: 'node_modules/react-dom',
132 warn ERESOLVE     isWorkspace: false,
132 warn ERESOLVE     dependents: [
132 warn ERESOLVE       [Object], [Object], [Object], [Object],
132 warn ERESOLVE       [Object], [Object], [Object], [Object],
132 warn ERESOLVE       [Object], [Object], [Object], [Object],
132 warn ERESOLVE       [Object], [Object], [Object], [Object],
132 warn ERESOLVE       [Object], [Object], [Object], [Object],
132 warn ERESOLVE       [Object], [Object], [Object], [Object],
132 warn ERESOLVE       [Object], [Object], [Object], [Object],
132 warn ERESOLVE       [Object], [Object], [Object], [Object],
132 warn ERESOLVE       [Object], [Object], [Object], [Object],
132 warn ERESOLVE       [Object], [Object], [Object], [Object],
132 warn ERESOLVE       [Object], [Object], [Object], [Object],
132 warn ERESOLVE       [Object], [Object], [Object], [Object],
132 warn ERESOLVE       [Object], [Object], [Object], [Object],
132 warn ERESOLVE       [Object], [Object]
132 warn ERESOLVE     ]
132 warn ERESOLVE   }
132 warn ERESOLVE }
133 warn ERESOLVE overriding peer dependency {
133 warn ERESOLVE   code: 'ERESOLVE',
133 warn ERESOLVE   edge: {
133 warn ERESOLVE     type: 'peer',
133 warn ERESOLVE     name: 'react-dom',
133 warn ERESOLVE     spec: '^16.8 || ^17.0 || ^18.0 || ^19.0 || ^19.0.0-rc',
133 warn ERESOLVE     from: {
133 warn ERESOLVE       name: '@radix-ui/react-dropdown-menu',
133 warn ERESOLVE       version: '2.1.6',
133 warn ERESOLVE       location: 'node_modules/@radix-ui/react-dropdown-menu',
133 warn ERESOLVE       isWorkspace: false,
133 warn ERESOLVE       dependents: [Array]
133 warn ERESOLVE     }
133 warn ERESOLVE   },
133 warn ERESOLVE   dep: {
133 warn ERESOLVE     name: 'react-dom',
133 warn ERESOLVE     version: undefined,
133 warn ERESOLVE     errors: [ [FetchError] ],
133 warn ERESOLVE     package: {},
133 warn ERESOLVE     whileInstalling: {
133 warn ERESOLVE       name: 'react-popper',
133 warn ERESOLVE       version: '2.3.0',
133 warn ERESOLVE       path: '/Users/fujirio75/dev/w3software/node_modules/react-popper'
133 warn ERESOLVE     },
133 warn ERESOLVE     location: 'node_modules/react-dom',
133 warn ERESOLVE     isWorkspace: false,
133 warn ERESOLVE     dependents: [ [Object] ]
133 warn ERESOLVE   },
133 warn ERESOLVE   force: false,
133 warn ERESOLVE   isMine: true,
133 warn ERESOLVE   strictPeerDeps: false,
133 warn ERESOLVE   current: {
133 warn ERESOLVE     name: 'react-dom',
133 warn ERESOLVE     version: '19.2.0',
133 warn ERESOLVE     location: 'node_modules/react-dom',
133 warn ERESOLVE     isWorkspace: false,
133 warn ERESOLVE     dependents: [
133 warn ERESOLVE       [Object], [Object], [Object], [Object],
133 warn ERESOLVE       [Object], [Object], [Object], [Object],
133 warn ERESOLVE       [Object], [Object], [Object], [Object],
133 warn ERESOLVE       [Object], [Object], [Object], [Object],
133 warn ERESOLVE       [Object], [Object], [Object], [Object],
133 warn ERESOLVE       [Object], [Object], [Object], [Object],
133 warn ERESOLVE       [Object], [Object], [Object], [Object],
133 warn ERESOLVE       [Object], [Object], [Object], [Object],
133 warn ERESOLVE       [Object], [Object], [Object], [Object],
133 warn ERESOLVE       [Object], [Object], [Object], [Object],
133 warn ERESOLVE       [Object], [Object], [Object], [Object],
133 warn ERESOLVE       [Object], [Object], [Object], [Object],
133 warn ERESOLVE       [Object], [Object], [Object], [Object],
133 warn ERESOLVE       [Object], [Object]
133 warn ERESOLVE     ]
133 warn ERESOLVE   }
133 warn ERESOLVE }
134 warn ERESOLVE overriding peer dependency {
134 warn ERESOLVE   code: 'ERESOLVE',
134 warn ERESOLVE   edge: {
134 warn ERESOLVE     type: 'peer',
134 warn ERESOLVE     name: 'react-dom',
134 warn ERESOLVE     spec: '^16.8 || ^17.0 || ^18.0 || ^19.0 || ^19.0.0-rc',
134 warn ERESOLVE     from: {
134 warn ERESOLVE       name: '@radix-ui/react-hover-card',
134 warn ERESOLVE       version: '1.1.6',
134 warn ERESOLVE       location: 'node_modules/@radix-ui/react-hover-card',
134 warn ERESOLVE       isWorkspace: false,
134 warn ERESOLVE       dependents: [Array]
134 warn ERESOLVE     }
134 warn ERESOLVE   },
134 warn ERESOLVE   dep: {
134 warn ERESOLVE     name: 'react-dom',
134 warn ERESOLVE     version: undefined,
134 warn ERESOLVE     errors: [ [FetchError] ],
134 warn ERESOLVE     package: {},
134 warn ERESOLVE     whileInstalling: {
134 warn ERESOLVE       name: 'react-popper',
134 warn ERESOLVE       version: '2.3.0',
134 warn ERESOLVE       path: '/Users/fujirio75/dev/w3software/node_modules/react-popper'
134 warn ERESOLVE     },
134 warn ERESOLVE     location: 'node_modules/react-dom',
134 warn ERESOLVE     isWorkspace: false,
134 warn ERESOLVE     dependents: [ [Object] ]
134 warn ERESOLVE   },
134 warn ERESOLVE   force: false,
134 warn ERESOLVE   isMine: true,
134 warn ERESOLVE   strictPeerDeps: false,
134 warn ERESOLVE   current: {
134 warn ERESOLVE     name: 'react-dom',
134 warn ERESOLVE     version: '19.2.0',
134 warn ERESOLVE     location: 'node_modules/react-dom',
134 warn ERESOLVE     isWorkspace: false,
134 warn ERESOLVE     dependents: [
134 warn ERESOLVE       [Object], [Object], [Object], [Object],
134 warn ERESOLVE       [Object], [Object], [Object], [Object],
134 warn ERESOLVE       [Object], [Object], [Object], [Object],
134 warn ERESOLVE       [Object], [Object], [Object], [Object],
134 warn ERESOLVE       [Object], [Object], [Object], [Object],
134 warn ERESOLVE       [Object], [Object], [Object], [Object],
134 warn ERESOLVE       [Object], [Object], [Object], [Object],
134 warn ERESOLVE       [Object], [Object], [Object], [Object],
134 warn ERESOLVE       [Object], [Object], [Object], [Object],
134 warn ERESOLVE       [Object], [Object], [Object], [Object],
134 warn ERESOLVE       [Object], [Object], [Object], [Object],
134 warn ERESOLVE       [Object], [Object], [Object], [Object],
134 warn ERESOLVE       [Object], [Object], [Object], [Object],
134 warn ERESOLVE       [Object], [Object]
134 warn ERESOLVE     ]
134 warn ERESOLVE   }
134 warn ERESOLVE }
135 warn ERESOLVE overriding peer dependency {
135 warn ERESOLVE   code: 'ERESOLVE',
135 warn ERESOLVE   edge: {
135 warn ERESOLVE     type: 'peer',
135 warn ERESOLVE     name: 'react-dom',
135 warn ERESOLVE     spec: '^16.8 || ^17.0 || ^18.0 || ^19.0 || ^19.0.0-rc',
135 warn ERESOLVE     from: {
135 warn ERESOLVE       name: '@radix-ui/react-label',
135 warn ERESOLVE       version: '2.1.2',
135 warn ERESOLVE       location: 'node_modules/@radix-ui/react-label',
135 warn ERESOLVE       isWorkspace: false,
135 warn ERESOLVE       dependents: [Array]
135 warn ERESOLVE     }
135 warn ERESOLVE   },
135 warn ERESOLVE   dep: {
135 warn ERESOLVE     name: 'react-dom',
135 warn ERESOLVE     version: undefined,
135 warn ERESOLVE     errors: [ [FetchError] ],
135 warn ERESOLVE     package: {},
135 warn ERESOLVE     whileInstalling: {
135 warn ERESOLVE       name: 'react-popper',
135 warn ERESOLVE       version: '2.3.0',
135 warn ERESOLVE       path: '/Users/fujirio75/dev/w3software/node_modules/react-popper'
135 warn ERESOLVE     },
135 warn ERESOLVE     location: 'node_modules/react-dom',
135 warn ERESOLVE     isWorkspace: false,
135 warn ERESOLVE     dependents: [ [Object] ]
135 warn ERESOLVE   },
135 warn ERESOLVE   force: false,
135 warn ERESOLVE   isMine: true,
135 warn ERESOLVE   strictPeerDeps: false,
135 warn ERESOLVE   current: {
135 warn ERESOLVE     name: 'react-dom',
135 warn ERESOLVE     version: '19.2.0',
135 warn ERESOLVE     location: 'node_modules/react-dom',
135 warn ERESOLVE     isWorkspace: false,
135 warn ERESOLVE     dependents: [
135 warn ERESOLVE       [Object], [Object], [Object], [Object],
135 warn ERESOLVE       [Object], [Object], [Object], [Object],
135 warn ERESOLVE       [Object], [Object], [Object], [Object],
135 warn ERESOLVE       [Object], [Object], [Object], [Object],
135 warn ERESOLVE       [Object], [Object], [Object], [Object],
135 warn ERESOLVE       [Object], [Object], [Object], [Object],
135 warn ERESOLVE       [Object], [Object], [Object], [Object],
135 warn ERESOLVE       [Object], [Object], [Object], [Object],
135 warn ERESOLVE       [Object], [Object], [Object], [Object],
135 warn ERESOLVE       [Object], [Object], [Object], [Object],
135 warn ERESOLVE       [Object], [Object], [Object], [Object],
135 warn ERESOLVE       [Object], [Object], [Object], [Object],
135 warn ERESOLVE       [Object], [Object], [Object], [Object],
135 warn ERESOLVE       [Object], [Object]
135 warn ERESOLVE     ]
135 warn ERESOLVE   }
135 warn ERESOLVE }
136 warn ERESOLVE overriding peer dependency {
136 warn ERESOLVE   code: 'ERESOLVE',
136 warn ERESOLVE   edge: {
136 warn ERESOLVE     type: 'peer',
136 warn ERESOLVE     name: 'react-dom',
136 warn ERESOLVE     spec: '^16.8 || ^17.0 || ^18.0 || ^19.0 || ^19.0.0-rc',
136 warn ERESOLVE     from: {
136 warn ERESOLVE       name: '@radix-ui/react-menubar',
136 warn ERESOLVE       version: '1.1.6',
136 warn ERESOLVE       location: 'node_modules/@radix-ui/react-menubar',
136 warn ERESOLVE       isWorkspace: false,
136 warn ERESOLVE       dependents: [Array]
136 warn ERESOLVE     }
136 warn ERESOLVE   },
136 warn ERESOLVE   dep: {
136 warn ERESOLVE     name: 'react-dom',
136 warn ERESOLVE     version: undefined,
136 warn ERESOLVE     errors: [ [FetchError] ],
136 warn ERESOLVE     package: {},
136 warn ERESOLVE     whileInstalling: {
136 warn ERESOLVE       name: 'react-popper',
136 warn ERESOLVE       version: '2.3.0',
136 warn ERESOLVE       path: '/Users/fujirio75/dev/w3software/node_modules/react-popper'
136 warn ERESOLVE     },
136 warn ERESOLVE     location: 'node_modules/react-dom',
136 warn ERESOLVE     isWorkspace: false,
136 warn ERESOLVE     dependents: [ [Object] ]
136 warn ERESOLVE   },
136 warn ERESOLVE   force: false,
136 warn ERESOLVE   isMine: true,
136 warn ERESOLVE   strictPeerDeps: false,
136 warn ERESOLVE   current: {
136 warn ERESOLVE     name: 'react-dom',
136 warn ERESOLVE     version: '19.2.0',
136 warn ERESOLVE     location: 'node_modules/react-dom',
136 warn ERESOLVE     isWorkspace: false,
136 warn ERESOLVE     dependents: [
136 warn ERESOLVE       [Object], [Object], [Object], [Object],
136 warn ERESOLVE       [Object], [Object], [Object], [Object],
136 warn ERESOLVE       [Object], [Object], [Object], [Object],
136 warn ERESOLVE       [Object], [Object], [Object], [Object],
136 warn ERESOLVE       [Object], [Object], [Object], [Object],
136 warn ERESOLVE       [Object], [Object], [Object], [Object],
136 warn ERESOLVE       [Object], [Object], [Object], [Object],
136 warn ERESOLVE       [Object], [Object], [Object], [Object],
136 warn ERESOLVE       [Object], [Object], [Object], [Object],
136 warn ERESOLVE       [Object], [Object], [Object], [Object],
136 warn ERESOLVE       [Object], [Object], [Object], [Object],
136 warn ERESOLVE       [Object], [Object], [Object], [Object],
136 warn ERESOLVE       [Object], [Object], [Object], [Object],
136 warn ERESOLVE       [Object], [Object]
136 warn ERESOLVE     ]
136 warn ERESOLVE   }
136 warn ERESOLVE }
137 warn ERESOLVE overriding peer dependency {
137 warn ERESOLVE   code: 'ERESOLVE',
137 warn ERESOLVE   edge: {
137 warn ERESOLVE     type: 'peer',
137 warn ERESOLVE     name: 'react-dom',
137 warn ERESOLVE     spec: '^16.8 || ^17.0 || ^18.0 || ^19.0 || ^19.0.0-rc',
137 warn ERESOLVE     from: {
137 warn ERESOLVE       name: '@radix-ui/react-navigation-menu',
137 warn ERESOLVE       version: '1.2.5',
137 warn ERESOLVE       location: 'node_modules/@radix-ui/react-navigation-menu',
137 warn ERESOLVE       isWorkspace: false,
137 warn ERESOLVE       dependents: [Array]
137 warn ERESOLVE     }
137 warn ERESOLVE   },
137 warn ERESOLVE   dep: {
137 warn ERESOLVE     name: 'react-dom',
137 warn ERESOLVE     version: undefined,
137 warn ERESOLVE     errors: [ [FetchError] ],
137 warn ERESOLVE     package: {},
137 warn ERESOLVE     whileInstalling: {
137 warn ERESOLVE       name: 'react-popper',
137 warn ERESOLVE       version: '2.3.0',
137 warn ERESOLVE       path: '/Users/fujirio75/dev/w3software/node_modules/react-popper'
137 warn ERESOLVE     },
137 warn ERESOLVE     location: 'node_modules/react-dom',
137 warn ERESOLVE     isWorkspace: false,
137 warn ERESOLVE     dependents: [ [Object] ]
137 warn ERESOLVE   },
137 warn ERESOLVE   force: false,
137 warn ERESOLVE   isMine: true,
137 warn ERESOLVE   strictPeerDeps: false,
137 warn ERESOLVE   current: {
137 warn ERESOLVE     name: 'react-dom',
137 warn ERESOLVE     version: '19.2.0',
137 warn ERESOLVE     location: 'node_modules/react-dom',
137 warn ERESOLVE     isWorkspace: false,
137 warn ERESOLVE     dependents: [
137 warn ERESOLVE       [Object], [Object], [Object], [Object],
137 warn ERESOLVE       [Object], [Object], [Object], [Object],
137 warn ERESOLVE       [Object], [Object], [Object], [Object],
137 warn ERESOLVE       [Object], [Object], [Object], [Object],
137 warn ERESOLVE       [Object], [Object], [Object], [Object],
137 warn ERESOLVE       [Object], [Object], [Object], [Object],
137 warn ERESOLVE       [Object], [Object], [Object], [Object],
137 warn ERESOLVE       [Object], [Object], [Object], [Object],
137 warn ERESOLVE       [Object], [Object], [Object], [Object],
137 warn ERESOLVE       [Object], [Object], [Object], [Object],
137 warn ERESOLVE       [Object], [Object], [Object], [Object],
137 warn ERESOLVE       [Object], [Object], [Object], [Object],
137 warn ERESOLVE       [Object], [Object], [Object], [Object],
137 warn ERESOLVE       [Object], [Object]
137 warn ERESOLVE     ]
137 warn ERESOLVE   }
137 warn ERESOLVE }
138 warn ERESOLVE overriding peer dependency {
138 warn ERESOLVE   code: 'ERESOLVE',
138 warn ERESOLVE   edge: {
138 warn ERESOLVE     type: 'peer',
138 warn ERESOLVE     name: 'react-dom',
138 warn ERESOLVE     spec: '^16.8 || ^17.0 || ^18.0 || ^19.0 || ^19.0.0-rc',
138 warn ERESOLVE     from: {
138 warn ERESOLVE       name: '@radix-ui/react-popover',
138 warn ERESOLVE       version: '1.1.6',
138 warn ERESOLVE       location: 'node_modules/@radix-ui/react-popover',
138 warn ERESOLVE       isWorkspace: false,
138 warn ERESOLVE       dependents: [Array]
138 warn ERESOLVE     }
138 warn ERESOLVE   },
138 warn ERESOLVE   dep: {
138 warn ERESOLVE     name: 'react-dom',
138 warn ERESOLVE     version: undefined,
138 warn ERESOLVE     errors: [ [FetchError] ],
138 warn ERESOLVE     package: {},
138 warn ERESOLVE     whileInstalling: {
138 warn ERESOLVE       name: 'react-popper',
138 warn ERESOLVE       version: '2.3.0',
138 warn ERESOLVE       path: '/Users/fujirio75/dev/w3software/node_modules/react-popper'
138 warn ERESOLVE     },
138 warn ERESOLVE     location: 'node_modules/react-dom',
138 warn ERESOLVE     isWorkspace: false,
138 warn ERESOLVE     dependents: [ [Object] ]
138 warn ERESOLVE   },
138 warn ERESOLVE   force: false,
138 warn ERESOLVE   isMine: true,
138 warn ERESOLVE   strictPeerDeps: false,
138 warn ERESOLVE   current: {
138 warn ERESOLVE     name: 'react-dom',
138 warn ERESOLVE     version: '19.2.0',
138 warn ERESOLVE     location: 'node_modules/react-dom',
138 warn ERESOLVE     isWorkspace: false,
138 warn ERESOLVE     dependents: [
138 warn ERESOLVE       [Object], [Object], [Object], [Object],
138 warn ERESOLVE       [Object], [Object], [Object], [Object],
138 warn ERESOLVE       [Object], [Object], [Object], [Object],
138 warn ERESOLVE       [Object], [Object], [Object], [Object],
138 warn ERESOLVE       [Object], [Object], [Object], [Object],
138 warn ERESOLVE       [Object], [Object], [Object], [Object],
138 warn ERESOLVE       [Object], [Object], [Object], [Object],
138 warn ERESOLVE       [Object], [Object], [Object], [Object],
138 warn ERESOLVE       [Object], [Object], [Object], [Object],
138 warn ERESOLVE       [Object], [Object], [Object], [Object],
138 warn ERESOLVE       [Object], [Object], [Object], [Object],
138 warn ERESOLVE       [Object], [Object], [Object], [Object],
138 warn ERESOLVE       [Object], [Object], [Object], [Object],
138 warn ERESOLVE       [Object], [Object]
138 warn ERESOLVE     ]
138 warn ERESOLVE   }
138 warn ERESOLVE }
139 warn ERESOLVE overriding peer dependency {
139 warn ERESOLVE   code: 'ERESOLVE',
139 warn ERESOLVE   edge: {
139 warn ERESOLVE     type: 'peer',
139 warn ERESOLVE     name: 'react-dom',
139 warn ERESOLVE     spec: '^16.8 || ^17.0 || ^18.0 || ^19.0 || ^19.0.0-rc',
139 warn ERESOLVE     from: {
139 warn ERESOLVE       name: '@radix-ui/react-progress',
139 warn ERESOLVE       version: '1.1.2',
139 warn ERESOLVE       location: 'node_modules/@radix-ui/react-progress',
139 warn ERESOLVE       isWorkspace: false,
139 warn ERESOLVE       dependents: [Array]
139 warn ERESOLVE     }
139 warn ERESOLVE   },
139 warn ERESOLVE   dep: {
139 warn ERESOLVE     name: 'react-dom',
139 warn ERESOLVE     version: undefined,
139 warn ERESOLVE     errors: [ [FetchError] ],
139 warn ERESOLVE     package: {},
139 warn ERESOLVE     whileInstalling: {
139 warn ERESOLVE       name: 'react-popper',
139 warn ERESOLVE       version: '2.3.0',
139 warn ERESOLVE       path: '/Users/fujirio75/dev/w3software/node_modules/react-popper'
139 warn ERESOLVE     },
139 warn ERESOLVE     location: 'node_modules/react-dom',
139 warn ERESOLVE     isWorkspace: false,
139 warn ERESOLVE     dependents: [ [Object] ]
139 warn ERESOLVE   },
139 warn ERESOLVE   force: false,
139 warn ERESOLVE   isMine: true,
139 warn ERESOLVE   strictPeerDeps: false,
139 warn ERESOLVE   current: {
139 warn ERESOLVE     name: 'react-dom',
139 warn ERESOLVE     version: '19.2.0',
139 warn ERESOLVE     location: 'node_modules/react-dom',
139 warn ERESOLVE     isWorkspace: false,
139 warn ERESOLVE     dependents: [
139 warn ERESOLVE       [Object], [Object], [Object], [Object],
139 warn ERESOLVE       [Object], [Object], [Object], [Object],
139 warn ERESOLVE       [Object], [Object], [Object], [Object],
139 warn ERESOLVE       [Object], [Object], [Object], [Object],
139 warn ERESOLVE       [Object], [Object], [Object], [Object],
139 warn ERESOLVE       [Object], [Object], [Object], [Object],
139 warn ERESOLVE       [Object], [Object], [Object], [Object],
139 warn ERESOLVE       [Object], [Object], [Object], [Object],
139 warn ERESOLVE       [Object], [Object], [Object], [Object],
139 warn ERESOLVE       [Object], [Object], [Object], [Object],
139 warn ERESOLVE       [Object], [Object], [Object], [Object],
139 warn ERESOLVE       [Object], [Object], [Object], [Object],
139 warn ERESOLVE       [Object], [Object], [Object], [Object],
139 warn ERESOLVE       [Object], [Object]
139 warn ERESOLVE     ]
139 warn ERESOLVE   }
139 warn ERESOLVE }
140 warn ERESOLVE overriding peer dependency {
140 warn ERESOLVE   code: 'ERESOLVE',
140 warn ERESOLVE   edge: {
140 warn ERESOLVE     type: 'peer',
140 warn ERESOLVE     name: 'react-dom',
140 warn ERESOLVE     spec: '^16.8 || ^17.0 || ^18.0 || ^19.0 || ^19.0.0-rc',
140 warn ERESOLVE     from: {
140 warn ERESOLVE       name: '@radix-ui/react-radio-group',
140 warn ERESOLVE       version: '1.2.3',
140 warn ERESOLVE       location: 'node_modules/@radix-ui/react-radio-group',
140 warn ERESOLVE       isWorkspace: false,
140 warn ERESOLVE       dependents: [Array]
140 warn ERESOLVE     }
140 warn ERESOLVE   },
140 warn ERESOLVE   dep: {
140 warn ERESOLVE     name: 'react-dom',
140 warn ERESOLVE     version: undefined,
140 warn ERESOLVE     errors: [ [FetchError] ],
140 warn ERESOLVE     package: {},
140 warn ERESOLVE     whileInstalling: {
140 warn ERESOLVE       name: 'react-popper',
140 warn ERESOLVE       version: '2.3.0',
140 warn ERESOLVE       path: '/Users/fujirio75/dev/w3software/node_modules/react-popper'
140 warn ERESOLVE     },
140 warn ERESOLVE     location: 'node_modules/react-dom',
140 warn ERESOLVE     isWorkspace: false,
140 warn ERESOLVE     dependents: [ [Object] ]
140 warn ERESOLVE   },
140 warn ERESOLVE   force: false,
140 warn ERESOLVE   isMine: true,
140 warn ERESOLVE   strictPeerDeps: false,
140 warn ERESOLVE   current: {
140 warn ERESOLVE     name: 'react-dom',
140 warn ERESOLVE     version: '19.2.0',
140 warn ERESOLVE     location: 'node_modules/react-dom',
140 warn ERESOLVE     isWorkspace: false,
140 warn ERESOLVE     dependents: [
140 warn ERESOLVE       [Object], [Object], [Object], [Object],
140 warn ERESOLVE       [Object], [Object], [Object], [Object],
140 warn ERESOLVE       [Object], [Object], [Object], [Object],
140 warn ERESOLVE       [Object], [Object], [Object], [Object],
140 warn ERESOLVE       [Object], [Object], [Object], [Object],
140 warn ERESOLVE       [Object], [Object], [Object], [Object],
140 warn ERESOLVE       [Object], [Object], [Object], [Object],
140 warn ERESOLVE       [Object], [Object], [Object], [Object],
140 warn ERESOLVE       [Object], [Object], [Object], [Object],
140 warn ERESOLVE       [Object], [Object], [Object], [Object],
140 warn ERESOLVE       [Object], [Object], [Object], [Object],
140 warn ERESOLVE       [Object], [Object], [Object], [Object],
140 warn ERESOLVE       [Object], [Object], [Object], [Object],
140 warn ERESOLVE       [Object], [Object]
140 warn ERESOLVE     ]
140 warn ERESOLVE   }
140 warn ERESOLVE }
141 warn ERESOLVE overriding peer dependency {
141 warn ERESOLVE   code: 'ERESOLVE',
141 warn ERESOLVE   edge: {
141 warn ERESOLVE     type: 'peer',
141 warn ERESOLVE     name: 'react-dom',
141 warn ERESOLVE     spec: '^16.8 || ^17.0 || ^18.0 || ^19.0 || ^19.0.0-rc',
141 warn ERESOLVE     from: {
141 warn ERESOLVE       name: '@radix-ui/react-scroll-area',
141 warn ERESOLVE       version: '1.2.3',
141 warn ERESOLVE       location: 'node_modules/@radix-ui/react-scroll-area',
141 warn ERESOLVE       isWorkspace: false,
141 warn ERESOLVE       dependents: [Array]
141 warn ERESOLVE     }
141 warn ERESOLVE   },
141 warn ERESOLVE   dep: {
141 warn ERESOLVE     name: 'react-dom',
141 warn ERESOLVE     version: undefined,
141 warn ERESOLVE     errors: [ [FetchError] ],
141 warn ERESOLVE     package: {},
141 warn ERESOLVE     whileInstalling: {
141 warn ERESOLVE       name: 'react-popper',
141 warn ERESOLVE       version: '2.3.0',
141 warn ERESOLVE       path: '/Users/fujirio75/dev/w3software/node_modules/react-popper'
141 warn ERESOLVE     },
141 warn ERESOLVE     location: 'node_modules/react-dom',
141 warn ERESOLVE     isWorkspace: false,
141 warn ERESOLVE     dependents: [ [Object] ]
141 warn ERESOLVE   },
141 warn ERESOLVE   force: false,
141 warn ERESOLVE   isMine: true,
141 warn ERESOLVE   strictPeerDeps: false,
141 warn ERESOLVE   current: {
141 warn ERESOLVE     name: 'react-dom',
141 warn ERESOLVE     version: '19.2.0',
141 warn ERESOLVE     location: 'node_modules/react-dom',
141 warn ERESOLVE     isWorkspace: false,
141 warn ERESOLVE     dependents: [
141 warn ERESOLVE       [Object], [Object], [Object], [Object],
141 warn ERESOLVE       [Object], [Object], [Object], [Object],
141 warn ERESOLVE       [Object], [Object], [Object], [Object],
141 warn ERESOLVE       [Object], [Object], [Object], [Object],
141 warn ERESOLVE       [Object], [Object], [Object], [Object],
141 warn ERESOLVE       [Object], [Object], [Object], [Object],
141 warn ERESOLVE       [Object], [Object], [Object], [Object],
141 warn ERESOLVE       [Object], [Object], [Object], [Object],
141 warn ERESOLVE       [Object], [Object], [Object], [Object],
141 warn ERESOLVE       [Object], [Object], [Object], [Object],
141 warn ERESOLVE       [Object], [Object], [Object], [Object],
141 warn ERESOLVE       [Object], [Object], [Object], [Object],
141 warn ERESOLVE       [Object], [Object], [Object], [Object],
141 warn ERESOLVE       [Object], [Object]
141 warn ERESOLVE     ]
141 warn ERESOLVE   }
141 warn ERESOLVE }
142 warn ERESOLVE overriding peer dependency {
142 warn ERESOLVE   code: 'ERESOLVE',
142 warn ERESOLVE   edge: {
142 warn ERESOLVE     type: 'peer',
142 warn ERESOLVE     name: 'react-dom',
142 warn ERESOLVE     spec: '^16.8 || ^17.0 || ^18.0 || ^19.0 || ^19.0.0-rc',
142 warn ERESOLVE     from: {
142 warn ERESOLVE       name: '@radix-ui/react-select',
142 warn ERESOLVE       version: '2.1.6',
142 warn ERESOLVE       location: 'node_modules/@radix-ui/react-select',
142 warn ERESOLVE       isWorkspace: false,
142 warn ERESOLVE       dependents: [Array]
142 warn ERESOLVE     }
142 warn ERESOLVE   },
142 warn ERESOLVE   dep: {
142 warn ERESOLVE     name: 'react-dom',
142 warn ERESOLVE     version: undefined,
142 warn ERESOLVE     errors: [ [FetchError] ],
142 warn ERESOLVE     package: {},
142 warn ERESOLVE     whileInstalling: {
142 warn ERESOLVE       name: 'react-popper',
142 warn ERESOLVE       version: '2.3.0',
142 warn ERESOLVE       path: '/Users/fujirio75/dev/w3software/node_modules/react-popper'
142 warn ERESOLVE     },
142 warn ERESOLVE     location: 'node_modules/react-dom',
142 warn ERESOLVE     isWorkspace: false,
142 warn ERESOLVE     dependents: [ [Object] ]
142 warn ERESOLVE   },
142 warn ERESOLVE   force: false,
142 warn ERESOLVE   isMine: true,
142 warn ERESOLVE   strictPeerDeps: false,
142 warn ERESOLVE   current: {
142 warn ERESOLVE     name: 'react-dom',
142 warn ERESOLVE     version: '19.2.0',
142 warn ERESOLVE     location: 'node_modules/react-dom',
142 warn ERESOLVE     isWorkspace: false,
142 warn ERESOLVE     dependents: [
142 warn ERESOLVE       [Object], [Object], [Object], [Object],
142 warn ERESOLVE       [Object], [Object], [Object], [Object],
142 warn ERESOLVE       [Object], [Object], [Object], [Object],
142 warn ERESOLVE       [Object], [Object], [Object], [Object],
142 warn ERESOLVE       [Object], [Object], [Object], [Object],
142 warn ERESOLVE       [Object], [Object], [Object], [Object],
142 warn ERESOLVE       [Object], [Object], [Object], [Object],
142 warn ERESOLVE       [Object], [Object], [Object], [Object],
142 warn ERESOLVE       [Object], [Object], [Object], [Object],
142 warn ERESOLVE       [Object], [Object], [Object], [Object],
142 warn ERESOLVE       [Object], [Object], [Object], [Object],
142 warn ERESOLVE       [Object], [Object], [Object], [Object],
142 warn ERESOLVE       [Object], [Object], [Object], [Object],
142 warn ERESOLVE       [Object], [Object]
142 warn ERESOLVE     ]
142 warn ERESOLVE   }
142 warn ERESOLVE }
143 warn ERESOLVE overriding peer dependency {
143 warn ERESOLVE   code: 'ERESOLVE',
143 warn ERESOLVE   edge: {
143 warn ERESOLVE     type: 'peer',
143 warn ERESOLVE     name: 'react-dom',
143 warn ERESOLVE     spec: '^16.8 || ^17.0 || ^18.0 || ^19.0 || ^19.0.0-rc',
143 warn ERESOLVE     from: {
143 warn ERESOLVE       name: '@radix-ui/react-separator',
143 warn ERESOLVE       version: '1.1.2',
143 warn ERESOLVE       location: 'node_modules/@radix-ui/react-separator',
143 warn ERESOLVE       isWorkspace: false,
143 warn ERESOLVE       dependents: [Array]
143 warn ERESOLVE     }
143 warn ERESOLVE   },
143 warn ERESOLVE   dep: {
143 warn ERESOLVE     name: 'react-dom',
143 warn ERESOLVE     version: undefined,
143 warn ERESOLVE     errors: [ [FetchError] ],
143 warn ERESOLVE     package: {},
143 warn ERESOLVE     whileInstalling: {
143 warn ERESOLVE       name: 'react-popper',
143 warn ERESOLVE       version: '2.3.0',
143 warn ERESOLVE       path: '/Users/fujirio75/dev/w3software/node_modules/react-popper'
143 warn ERESOLVE     },
143 warn ERESOLVE     location: 'node_modules/react-dom',
143 warn ERESOLVE     isWorkspace: false,
143 warn ERESOLVE     dependents: [ [Object] ]
143 warn ERESOLVE   },
143 warn ERESOLVE   force: false,
143 warn ERESOLVE   isMine: true,
143 warn ERESOLVE   strictPeerDeps: false,
143 warn ERESOLVE   current: {
143 warn ERESOLVE     name: 'react-dom',
143 warn ERESOLVE     version: '19.2.0',
143 warn ERESOLVE     location: 'node_modules/react-dom',
143 warn ERESOLVE     isWorkspace: false,
143 warn ERESOLVE     dependents: [
143 warn ERESOLVE       [Object], [Object], [Object], [Object],
143 warn ERESOLVE       [Object], [Object], [Object], [Object],
143 warn ERESOLVE       [Object], [Object], [Object], [Object],
143 warn ERESOLVE       [Object], [Object], [Object], [Object],
143 warn ERESOLVE       [Object], [Object], [Object], [Object],
143 warn ERESOLVE       [Object], [Object], [Object], [Object],
143 warn ERESOLVE       [Object], [Object], [Object], [Object],
143 warn ERESOLVE       [Object], [Object], [Object], [Object],
143 warn ERESOLVE       [Object], [Object], [Object], [Object],
143 warn ERESOLVE       [Object], [Object], [Object], [Object],
143 warn ERESOLVE       [Object], [Object], [Object], [Object],
143 warn ERESOLVE       [Object], [Object], [Object], [Object],
143 warn ERESOLVE       [Object], [Object], [Object], [Object],
143 warn ERESOLVE       [Object], [Object]
143 warn ERESOLVE     ]
143 warn ERESOLVE   }
143 warn ERESOLVE }
144 warn ERESOLVE overriding peer dependency {
144 warn ERESOLVE   code: 'ERESOLVE',
144 warn ERESOLVE   edge: {
144 warn ERESOLVE     type: 'peer',
144 warn ERESOLVE     name: 'react-dom',
144 warn ERESOLVE     spec: '^16.8 || ^17.0 || ^18.0 || ^19.0 || ^19.0.0-rc',
144 warn ERESOLVE     from: {
144 warn ERESOLVE       name: '@radix-ui/react-slider',
144 warn ERESOLVE       version: '1.2.3',
144 warn ERESOLVE       location: 'node_modules/@radix-ui/react-slider',
144 warn ERESOLVE       isWorkspace: false,
144 warn ERESOLVE       dependents: [Array]
144 warn ERESOLVE     }
144 warn ERESOLVE   },
144 warn ERESOLVE   dep: {
144 warn ERESOLVE     name: 'react-dom',
144 warn ERESOLVE     version: undefined,
144 warn ERESOLVE     errors: [ [FetchError] ],
144 warn ERESOLVE     package: {},
144 warn ERESOLVE     whileInstalling: {
144 warn ERESOLVE       name: 'react-popper',
144 warn ERESOLVE       version: '2.3.0',
144 warn ERESOLVE       path: '/Users/fujirio75/dev/w3software/node_modules/react-popper'
144 warn ERESOLVE     },
144 warn ERESOLVE     location: 'node_modules/react-dom',
144 warn ERESOLVE     isWorkspace: false,
144 warn ERESOLVE     dependents: [ [Object] ]
144 warn ERESOLVE   },
144 warn ERESOLVE   force: false,
144 warn ERESOLVE   isMine: true,
144 warn ERESOLVE   strictPeerDeps: false,
144 warn ERESOLVE   current: {
144 warn ERESOLVE     name: 'react-dom',
144 warn ERESOLVE     version: '19.2.0',
144 warn ERESOLVE     location: 'node_modules/react-dom',
144 warn ERESOLVE     isWorkspace: false,
144 warn ERESOLVE     dependents: [
144 warn ERESOLVE       [Object], [Object], [Object], [Object],
144 warn ERESOLVE       [Object], [Object], [Object], [Object],
144 warn ERESOLVE       [Object], [Object], [Object], [Object],
144 warn ERESOLVE       [Object], [Object], [Object], [Object],
144 warn ERESOLVE       [Object], [Object], [Object], [Object],
144 warn ERESOLVE       [Object], [Object], [Object], [Object],
144 warn ERESOLVE       [Object], [Object], [Object], [Object],
144 warn ERESOLVE       [Object], [Object], [Object], [Object],
144 warn ERESOLVE       [Object], [Object], [Object], [Object],
144 warn ERESOLVE       [Object], [Object], [Object], [Object],
144 warn ERESOLVE       [Object], [Object], [Object], [Object],
144 warn ERESOLVE       [Object], [Object], [Object], [Object],
144 warn ERESOLVE       [Object], [Object], [Object], [Object],
144 warn ERESOLVE       [Object], [Object]
144 warn ERESOLVE     ]
144 warn ERESOLVE   }
144 warn ERESOLVE }
145 warn ERESOLVE overriding peer dependency {
145 warn ERESOLVE   code: 'ERESOLVE',
145 warn ERESOLVE   edge: {
145 warn ERESOLVE     type: 'peer',
145 warn ERESOLVE     name: 'react-dom',
145 warn ERESOLVE     spec: '^16.8 || ^17.0 || ^18.0 || ^19.0 || ^19.0.0-rc',
145 warn ERESOLVE     from: {
145 warn ERESOLVE       name: '@radix-ui/react-switch',
145 warn ERESOLVE       version: '1.1.3',
145 warn ERESOLVE       location: 'node_modules/@radix-ui/react-switch',
145 warn ERESOLVE       isWorkspace: false,
145 warn ERESOLVE       dependents: [Array]
145 warn ERESOLVE     }
145 warn ERESOLVE   },
145 warn ERESOLVE   dep: {
145 warn ERESOLVE     name: 'react-dom',
145 warn ERESOLVE     version: undefined,
145 warn ERESOLVE     errors: [ [FetchError] ],
145 warn ERESOLVE     package: {},
145 warn ERESOLVE     whileInstalling: {
145 warn ERESOLVE       name: 'react-popper',
145 warn ERESOLVE       version: '2.3.0',
145 warn ERESOLVE       path: '/Users/fujirio75/dev/w3software/node_modules/react-popper'
145 warn ERESOLVE     },
145 warn ERESOLVE     location: 'node_modules/react-dom',
145 warn ERESOLVE     isWorkspace: false,
145 warn ERESOLVE     dependents: [ [Object] ]
145 warn ERESOLVE   },
145 warn ERESOLVE   force: false,
145 warn ERESOLVE   isMine: true,
145 warn ERESOLVE   strictPeerDeps: false,
145 warn ERESOLVE   current: {
145 warn ERESOLVE     name: 'react-dom',
145 warn ERESOLVE     version: '19.2.0',
145 warn ERESOLVE     location: 'node_modules/react-dom',
145 warn ERESOLVE     isWorkspace: false,
145 warn ERESOLVE     dependents: [
145 warn ERESOLVE       [Object], [Object], [Object], [Object],
145 warn ERESOLVE       [Object], [Object], [Object], [Object],
145 warn ERESOLVE       [Object], [Object], [Object], [Object],
145 warn ERESOLVE       [Object], [Object], [Object], [Object],
145 warn ERESOLVE       [Object], [Object], [Object], [Object],
145 warn ERESOLVE       [Object], [Object], [Object], [Object],
145 warn ERESOLVE       [Object], [Object], [Object], [Object],
145 warn ERESOLVE       [Object], [Object], [Object], [Object],
145 warn ERESOLVE       [Object], [Object], [Object], [Object],
145 warn ERESOLVE       [Object], [Object], [Object], [Object],
145 warn ERESOLVE       [Object], [Object], [Object], [Object],
145 warn ERESOLVE       [Object], [Object], [Object], [Object],
145 warn ERESOLVE       [Object], [Object], [Object], [Object],
145 warn ERESOLVE       [Object], [Object]
145 warn ERESOLVE     ]
145 warn ERESOLVE   }
145 warn ERESOLVE }
146 warn ERESOLVE overriding peer dependency {
146 warn ERESOLVE   code: 'ERESOLVE',
146 warn ERESOLVE   edge: {
146 warn ERESOLVE     type: 'peer',
146 warn ERESOLVE     name: 'react-dom',
146 warn ERESOLVE     spec: '^16.8 || ^17.0 || ^18.0 || ^19.0 || ^19.0.0-rc',
146 warn ERESOLVE     from: {
146 warn ERESOLVE       name: '@radix-ui/react-tabs',
146 warn ERESOLVE       version: '1.1.3',
146 warn ERESOLVE       location: 'node_modules/@radix-ui/react-tabs',
146 warn ERESOLVE       isWorkspace: false,
146 warn ERESOLVE       dependents: [Array]
146 warn ERESOLVE     }
146 warn ERESOLVE   },
146 warn ERESOLVE   dep: {
146 warn ERESOLVE     name: 'react-dom',
146 warn ERESOLVE     version: undefined,
146 warn ERESOLVE     errors: [ [FetchError] ],
146 warn ERESOLVE     package: {},
146 warn ERESOLVE     whileInstalling: {
146 warn ERESOLVE       name: 'react-popper',
146 warn ERESOLVE       version: '2.3.0',
146 warn ERESOLVE       path: '/Users/fujirio75/dev/w3software/node_modules/react-popper'
146 warn ERESOLVE     },
146 warn ERESOLVE     location: 'node_modules/react-dom',
146 warn ERESOLVE     isWorkspace: false,
146 warn ERESOLVE     dependents: [ [Object] ]
146 warn ERESOLVE   },
146 warn ERESOLVE   force: false,
146 warn ERESOLVE   isMine: true,
146 warn ERESOLVE   strictPeerDeps: false,
146 warn ERESOLVE   current: {
146 warn ERESOLVE     name: 'react-dom',
146 warn ERESOLVE     version: '19.2.0',
146 warn ERESOLVE     location: 'node_modules/react-dom',
146 warn ERESOLVE     isWorkspace: false,
146 warn ERESOLVE     dependents: [
146 warn ERESOLVE       [Object], [Object], [Object], [Object],
146 warn ERESOLVE       [Object], [Object], [Object], [Object],
146 warn ERESOLVE       [Object], [Object], [Object], [Object],
146 warn ERESOLVE       [Object], [Object], [Object], [Object],
146 warn ERESOLVE       [Object], [Object], [Object], [Object],
146 warn ERESOLVE       [Object], [Object], [Object], [Object],
146 warn ERESOLVE       [Object], [Object], [Object], [Object],
146 warn ERESOLVE       [Object], [Object], [Object], [Object],
146 warn ERESOLVE       [Object], [Object], [Object], [Object],
146 warn ERESOLVE       [Object], [Object], [Object], [Object],
146 warn ERESOLVE       [Object], [Object], [Object], [Object],
146 warn ERESOLVE       [Object], [Object], [Object], [Object],
146 warn ERESOLVE       [Object], [Object], [Object], [Object],
146 warn ERESOLVE       [Object], [Object]
146 warn ERESOLVE     ]
146 warn ERESOLVE   }
146 warn ERESOLVE }
147 warn ERESOLVE overriding peer dependency {
147 warn ERESOLVE   code: 'ERESOLVE',
147 warn ERESOLVE   edge: {
147 warn ERESOLVE     type: 'peer',
147 warn ERESOLVE     name: 'react-dom',
147 warn ERESOLVE     spec: '^16.8 || ^17.0 || ^18.0 || ^19.0 || ^19.0.0-rc',
147 warn ERESOLVE     from: {
147 warn ERESOLVE       name: '@radix-ui/react-toggle-group',
147 warn ERESOLVE       version: '1.1.2',
147 warn ERESOLVE       location: 'node_modules/@radix-ui/react-toggle-group',
147 warn ERESOLVE       isWorkspace: false,
147 warn ERESOLVE       dependents: [Array]
147 warn ERESOLVE     }
147 warn ERESOLVE   },
147 warn ERESOLVE   dep: {
147 warn ERESOLVE     name: 'react-dom',
147 warn ERESOLVE     version: undefined,
147 warn ERESOLVE     errors: [ [FetchError] ],
147 warn ERESOLVE     package: {},
147 warn ERESOLVE     whileInstalling: {
147 warn ERESOLVE       name: 'react-popper',
147 warn ERESOLVE       version: '2.3.0',
147 warn ERESOLVE       path: '/Users/fujirio75/dev/w3software/node_modules/react-popper'
147 warn ERESOLVE     },
147 warn ERESOLVE     location: 'node_modules/react-dom',
147 warn ERESOLVE     isWorkspace: false,
147 warn ERESOLVE     dependents: [ [Object] ]
147 warn ERESOLVE   },
147 warn ERESOLVE   force: false,
147 warn ERESOLVE   isMine: true,
147 warn ERESOLVE   strictPeerDeps: false,
147 warn ERESOLVE   current: {
147 warn ERESOLVE     name: 'react-dom',
147 warn ERESOLVE     version: '19.2.0',
147 warn ERESOLVE     location: 'node_modules/react-dom',
147 warn ERESOLVE     isWorkspace: false,
147 warn ERESOLVE     dependents: [
147 warn ERESOLVE       [Object], [Object], [Object], [Object],
147 warn ERESOLVE       [Object], [Object], [Object], [Object],
147 warn ERESOLVE       [Object], [Object], [Object], [Object],
147 warn ERESOLVE       [Object], [Object], [Object], [Object],
147 warn ERESOLVE       [Object], [Object], [Object], [Object],
147 warn ERESOLVE       [Object], [Object], [Object], [Object],
147 warn ERESOLVE       [Object], [Object], [Object], [Object],
147 warn ERESOLVE       [Object], [Object], [Object], [Object],
147 warn ERESOLVE       [Object], [Object], [Object], [Object],
147 warn ERESOLVE       [Object], [Object], [Object], [Object],
147 warn ERESOLVE       [Object], [Object], [Object], [Object],
147 warn ERESOLVE       [Object], [Object], [Object], [Object],
147 warn ERESOLVE       [Object], [Object], [Object], [Object],
147 warn ERESOLVE       [Object], [Object]
147 warn ERESOLVE     ]
147 warn ERESOLVE   }
147 warn ERESOLVE }
148 warn ERESOLVE overriding peer dependency {
148 warn ERESOLVE   code: 'ERESOLVE',
148 warn ERESOLVE   edge: {
148 warn ERESOLVE     type: 'peer',
148 warn ERESOLVE     name: 'react-dom',
148 warn ERESOLVE     spec: '^16.8 || ^17.0 || ^18.0 || ^19.0 || ^19.0.0-rc',
148 warn ERESOLVE     from: {
148 warn ERESOLVE       name: '@radix-ui/react-tooltip',
148 warn ERESOLVE       version: '1.1.8',
148 warn ERESOLVE       location: 'node_modules/@radix-ui/react-tooltip',
148 warn ERESOLVE       isWorkspace: false,
148 warn ERESOLVE       dependents: [Array]
148 warn ERESOLVE     }
148 warn ERESOLVE   },
148 warn ERESOLVE   dep: {
148 warn ERESOLVE     name: 'react-dom',
148 warn ERESOLVE     version: undefined,
148 warn ERESOLVE     errors: [ [FetchError] ],
148 warn ERESOLVE     package: {},
148 warn ERESOLVE     whileInstalling: {
148 warn ERESOLVE       name: 'react-popper',
148 warn ERESOLVE       version: '2.3.0',
148 warn ERESOLVE       path: '/Users/fujirio75/dev/w3software/node_modules/react-popper'
148 warn ERESOLVE     },
148 warn ERESOLVE     location: 'node_modules/react-dom',
148 warn ERESOLVE     isWorkspace: false,
148 warn ERESOLVE     dependents: [ [Object] ]
148 warn ERESOLVE   },
148 warn ERESOLVE   force: false,
148 warn ERESOLVE   isMine: true,
148 warn ERESOLVE   strictPeerDeps: false,
148 warn ERESOLVE   current: {
148 warn ERESOLVE     name: 'react-dom',
148 warn ERESOLVE     version: '19.2.0',
148 warn ERESOLVE     location: 'node_modules/react-dom',
148 warn ERESOLVE     isWorkspace: false,
148 warn ERESOLVE     dependents: [
148 warn ERESOLVE       [Object], [Object], [Object], [Object],
148 warn ERESOLVE       [Object], [Object], [Object], [Object],
148 warn ERESOLVE       [Object], [Object], [Object], [Object],
148 warn ERESOLVE       [Object], [Object], [Object], [Object],
148 warn ERESOLVE       [Object], [Object], [Object], [Object],
148 warn ERESOLVE       [Object], [Object], [Object], [Object],
148 warn ERESOLVE       [Object], [Object], [Object], [Object],
148 warn ERESOLVE       [Object], [Object], [Object], [Object],
148 warn ERESOLVE       [Object], [Object], [Object], [Object],
148 warn ERESOLVE       [Object], [Object], [Object], [Object],
148 warn ERESOLVE       [Object], [Object], [Object], [Object],
148 warn ERESOLVE       [Object], [Object], [Object], [Object],
148 warn ERESOLVE       [Object], [Object], [Object], [Object],
148 warn ERESOLVE       [Object], [Object]
148 warn ERESOLVE     ]
148 warn ERESOLVE   }
148 warn ERESOLVE }
149 warn ERESOLVE overriding peer dependency {
149 warn ERESOLVE   code: 'ERESOLVE',
149 warn ERESOLVE   edge: {
149 warn ERESOLVE     type: 'peerOptional',
149 warn ERESOLVE     name: 'react-dom',
149 warn ERESOLVE     spec: '^19',
149 warn ERESOLVE     from: {
149 warn ERESOLVE       name: '@react-three/drei',
149 warn ERESOLVE       version: '10.7.7',
149 warn ERESOLVE       location: 'node_modules/@react-three/drei',
149 warn ERESOLVE       isWorkspace: false,
149 warn ERESOLVE       dependents: [Array]
149 warn ERESOLVE     }
149 warn ERESOLVE   },
149 warn ERESOLVE   dep: {
149 warn ERESOLVE     name: 'react-dom',
149 warn ERESOLVE     version: undefined,
149 warn ERESOLVE     errors: [ [FetchError] ],
149 warn ERESOLVE     package: {},
149 warn ERESOLVE     whileInstalling: {
149 warn ERESOLVE       name: 'react-popper',
149 warn ERESOLVE       version: '2.3.0',
149 warn ERESOLVE       path: '/Users/fujirio75/dev/w3software/node_modules/react-popper'
149 warn ERESOLVE     },
149 warn ERESOLVE     location: 'node_modules/react-dom',
149 warn ERESOLVE     isWorkspace: false,
149 warn ERESOLVE     dependents: [ [Object] ]
149 warn ERESOLVE   },
149 warn ERESOLVE   force: false,
149 warn ERESOLVE   isMine: true,
149 warn ERESOLVE   strictPeerDeps: false,
149 warn ERESOLVE   current: {
149 warn ERESOLVE     name: 'react-dom',
149 warn ERESOLVE     version: '19.2.0',
149 warn ERESOLVE     location: 'node_modules/react-dom',
149 warn ERESOLVE     isWorkspace: false,
149 warn ERESOLVE     dependents: [
149 warn ERESOLVE       [Object], [Object], [Object], [Object],
149 warn ERESOLVE       [Object], [Object], [Object], [Object],
149 warn ERESOLVE       [Object], [Object], [Object], [Object],
149 warn ERESOLVE       [Object], [Object], [Object], [Object],
149 warn ERESOLVE       [Object], [Object], [Object], [Object],
149 warn ERESOLVE       [Object], [Object], [Object], [Object],
149 warn ERESOLVE       [Object], [Object], [Object], [Object],
149 warn ERESOLVE       [Object], [Object], [Object], [Object],
149 warn ERESOLVE       [Object], [Object], [Object], [Object],
149 warn ERESOLVE       [Object], [Object], [Object], [Object],
149 warn ERESOLVE       [Object], [Object], [Object], [Object],
149 warn ERESOLVE       [Object], [Object], [Object], [Object],
149 warn ERESOLVE       [Object], [Object], [Object], [Object],
149 warn ERESOLVE       [Object], [Object]
149 warn ERESOLVE     ]
149 warn ERESOLVE   }
149 warn ERESOLVE }
150 warn ERESOLVE overriding peer dependency {
150 warn ERESOLVE   code: 'ERESOLVE',
150 warn ERESOLVE   edge: {
150 warn ERESOLVE     type: 'peerOptional',
150 warn ERESOLVE     name: 'react-dom',
150 warn ERESOLVE     spec: '>=19 <19.3',
150 warn ERESOLVE     from: {
150 warn ERESOLVE       name: '@react-three/fiber',
150 warn ERESOLVE       version: '9.5.0',
150 warn ERESOLVE       location: 'node_modules/@react-three/fiber',
150 warn ERESOLVE       isWorkspace: false,
150 warn ERESOLVE       dependents: [Array]
150 warn ERESOLVE     }
150 warn ERESOLVE   },
150 warn ERESOLVE   dep: {
150 warn ERESOLVE     name: 'react-dom',
150 warn ERESOLVE     version: undefined,
150 warn ERESOLVE     errors: [ [FetchError] ],
150 warn ERESOLVE     package: {},
150 warn ERESOLVE     whileInstalling: {
150 warn ERESOLVE       name: 'react-popper',
150 warn ERESOLVE       version: '2.3.0',
150 warn ERESOLVE       path: '/Users/fujirio75/dev/w3software/node_modules/react-popper'
150 warn ERESOLVE     },
150 warn ERESOLVE     location: 'node_modules/react-dom',
150 warn ERESOLVE     isWorkspace: false,
150 warn ERESOLVE     dependents: [ [Object] ]
150 warn ERESOLVE   },
150 warn ERESOLVE   force: false,
150 warn ERESOLVE   isMine: true,
150 warn ERESOLVE   strictPeerDeps: false,
150 warn ERESOLVE   current: {
150 warn ERESOLVE     name: 'react-dom',
150 warn ERESOLVE     version: '19.2.0',
150 warn ERESOLVE     location: 'node_modules/react-dom',
150 warn ERESOLVE     isWorkspace: false,
150 warn ERESOLVE     dependents: [
150 warn ERESOLVE       [Object], [Object], [Object], [Object],
150 warn ERESOLVE       [Object], [Object], [Object], [Object],
150 warn ERESOLVE       [Object], [Object], [Object], [Object],
150 warn ERESOLVE       [Object], [Object], [Object], [Object],
150 warn ERESOLVE       [Object], [Object], [Object], [Object],
150 warn ERESOLVE       [Object], [Object], [Object], [Object],
150 warn ERESOLVE       [Object], [Object], [Object], [Object],
150 warn ERESOLVE       [Object], [Object], [Object], [Object],
150 warn ERESOLVE       [Object], [Object], [Object], [Object],
150 warn ERESOLVE       [Object], [Object], [Object], [Object],
150 warn ERESOLVE       [Object], [Object], [Object], [Object],
150 warn ERESOLVE       [Object], [Object], [Object], [Object],
150 warn ERESOLVE       [Object], [Object], [Object], [Object],
150 warn ERESOLVE       [Object], [Object]
150 warn ERESOLVE     ]
150 warn ERESOLVE   }
150 warn ERESOLVE }
151 warn ERESOLVE overriding peer dependency {
151 warn ERESOLVE   code: 'ERESOLVE',
151 warn ERESOLVE   edge: {
151 warn ERESOLVE     type: 'peerOptional',
151 warn ERESOLVE     name: 'react-dom',
151 warn ERESOLVE     spec: '>=19 <19.3',
151 warn ERESOLVE     from: {
151 warn ERESOLVE       name: '@react-three/fiber',
151 warn ERESOLVE       version: '9.5.0',
151 warn ERESOLVE       location: 'node_modules/@react-three/fiber',
151 warn ERESOLVE       isWorkspace: false,
151 warn ERESOLVE       dependents: [Array]
151 warn ERESOLVE     }
151 warn ERESOLVE   },
151 warn ERESOLVE   dep: {
151 warn ERESOLVE     name: 'react-dom',
151 warn ERESOLVE     version: undefined,
151 warn ERESOLVE     errors: [ [FetchError] ],
151 warn ERESOLVE     package: {},
151 warn ERESOLVE     whileInstalling: {
151 warn ERESOLVE       name: 'react-popper',
151 warn ERESOLVE       version: '2.3.0',
151 warn ERESOLVE       path: '/Users/fujirio75/dev/w3software/node_modules/react-popper'
151 warn ERESOLVE     },
151 warn ERESOLVE     location: 'node_modules/react-dom',
151 warn ERESOLVE     isWorkspace: false,
151 warn ERESOLVE     dependents: [ [Object] ]
151 warn ERESOLVE   },
151 warn ERESOLVE   force: false,
151 warn ERESOLVE   isMine: true,
151 warn ERESOLVE   strictPeerDeps: false,
151 warn ERESOLVE   current: {
151 warn ERESOLVE     name: 'react-dom',
151 warn ERESOLVE     version: '19.2.0',
151 warn ERESOLVE     location: 'node_modules/react-dom',
151 warn ERESOLVE     isWorkspace: false,
151 warn ERESOLVE     dependents: [
151 warn ERESOLVE       [Object], [Object], [Object], [Object],
151 warn ERESOLVE       [Object], [Object], [Object], [Object],
151 warn ERESOLVE       [Object], [Object], [Object], [Object],
151 warn ERESOLVE       [Object], [Object], [Object], [Object],
151 warn ERESOLVE       [Object], [Object], [Object], [Object],
151 warn ERESOLVE       [Object], [Object], [Object], [Object],
151 warn ERESOLVE       [Object], [Object], [Object], [Object],
151 warn ERESOLVE       [Object], [Object], [Object], [Object],
151 warn ERESOLVE       [Object], [Object], [Object], [Object],
151 warn ERESOLVE       [Object], [Object], [Object], [Object],
151 warn ERESOLVE       [Object], [Object], [Object], [Object],
151 warn ERESOLVE       [Object], [Object], [Object], [Object],
151 warn ERESOLVE       [Object], [Object], [Object], [Object],
151 warn ERESOLVE       [Object], [Object]
151 warn ERESOLVE     ]
151 warn ERESOLVE   }
151 warn ERESOLVE }
152 warn ERESOLVE overriding peer dependency {
152 warn ERESOLVE   code: 'ERESOLVE',
152 warn ERESOLVE   edge: {
152 warn ERESOLVE     type: 'peer',
152 warn ERESOLVE     name: 'react-dom',
152 warn ERESOLVE     spec: '^18 || ^19 || ^19.0.0-rc',
152 warn ERESOLVE     from: {
152 warn ERESOLVE       name: 'cmdk',
152 warn ERESOLVE       version: '1.1.1',
152 warn ERESOLVE       location: 'node_modules/cmdk',
152 warn ERESOLVE       isWorkspace: false,
152 warn ERESOLVE       dependents: [Array]
152 warn ERESOLVE     }
152 warn ERESOLVE   },
152 warn ERESOLVE   dep: {
152 warn ERESOLVE     name: 'react-dom',
152 warn ERESOLVE     version: undefined,
152 warn ERESOLVE     errors: [ [FetchError] ],
152 warn ERESOLVE     package: {},
152 warn ERESOLVE     whileInstalling: {
152 warn ERESOLVE       name: 'react-popper',
152 warn ERESOLVE       version: '2.3.0',
152 warn ERESOLVE       path: '/Users/fujirio75/dev/w3software/node_modules/react-popper'
152 warn ERESOLVE     },
152 warn ERESOLVE     location: 'node_modules/react-dom',
152 warn ERESOLVE     isWorkspace: false,
152 warn ERESOLVE     dependents: [ [Object] ]
152 warn ERESOLVE   },
152 warn ERESOLVE   force: false,
152 warn ERESOLVE   isMine: true,
152 warn ERESOLVE   strictPeerDeps: false,
152 warn ERESOLVE   current: {
152 warn ERESOLVE     name: 'react-dom',
152 warn ERESOLVE     version: '19.2.0',
152 warn ERESOLVE     location: 'node_modules/react-dom',
152 warn ERESOLVE     isWorkspace: false,
152 warn ERESOLVE     dependents: [
152 warn ERESOLVE       [Object], [Object], [Object], [Object],
152 warn ERESOLVE       [Object], [Object], [Object], [Object],
152 warn ERESOLVE       [Object], [Object], [Object], [Object],
152 warn ERESOLVE       [Object], [Object], [Object], [Object],
152 warn ERESOLVE       [Object], [Object], [Object], [Object],
152 warn ERESOLVE       [Object], [Object], [Object], [Object],
152 warn ERESOLVE       [Object], [Object], [Object], [Object],
152 warn ERESOLVE       [Object], [Object], [Object], [Object],
152 warn ERESOLVE       [Object], [Object], [Object], [Object],
152 warn ERESOLVE       [Object], [Object], [Object], [Object],
152 warn ERESOLVE       [Object], [Object], [Object], [Object],
152 warn ERESOLVE       [Object], [Object], [Object], [Object],
152 warn ERESOLVE       [Object], [Object], [Object], [Object],
152 warn ERESOLVE       [Object], [Object]
152 warn ERESOLVE     ]
152 warn ERESOLVE   }
152 warn ERESOLVE }
153 warn ERESOLVE overriding peer dependency {
153 warn ERESOLVE   code: 'ERESOLVE',
153 warn ERESOLVE   edge: {
153 warn ERESOLVE     type: 'peer',
153 warn ERESOLVE     name: 'react-dom',
153 warn ERESOLVE     spec: '^16.8 || ^17.0 || ^18.0 || ^19.0.0 || ^19.0.0-rc',
153 warn ERESOLVE     from: {
153 warn ERESOLVE       name: 'input-otp',
153 warn ERESOLVE       version: '1.4.2',
153 warn ERESOLVE       location: 'node_modules/input-otp',
153 warn ERESOLVE       isWorkspace: false,
153 warn ERESOLVE       dependents: [Array]
153 warn ERESOLVE     }
153 warn ERESOLVE   },
153 warn ERESOLVE   dep: {
153 warn ERESOLVE     name: 'react-dom',
153 warn ERESOLVE     version: undefined,
153 warn ERESOLVE     errors: [ [FetchError] ],
153 warn ERESOLVE     package: {},
153 warn ERESOLVE     whileInstalling: {
153 warn ERESOLVE       name: 'react-popper',
153 warn ERESOLVE       version: '2.3.0',
153 warn ERESOLVE       path: '/Users/fujirio75/dev/w3software/node_modules/react-popper'
153 warn ERESOLVE     },
153 warn ERESOLVE     location: 'node_modules/react-dom',
153 warn ERESOLVE     isWorkspace: false,
153 warn ERESOLVE     dependents: [ [Object] ]
153 warn ERESOLVE   },
153 warn ERESOLVE   force: false,
153 warn ERESOLVE   isMine: true,
153 warn ERESOLVE   strictPeerDeps: false,
153 warn ERESOLVE   current: {
153 warn ERESOLVE     name: 'react-dom',
153 warn ERESOLVE     version: '19.2.0',
153 warn ERESOLVE     location: 'node_modules/react-dom',
153 warn ERESOLVE     isWorkspace: false,
153 warn ERESOLVE     dependents: [
153 warn ERESOLVE       [Object], [Object], [Object], [Object],
153 warn ERESOLVE       [Object], [Object], [Object], [Object],
153 warn ERESOLVE       [Object], [Object], [Object], [Object],
153 warn ERESOLVE       [Object], [Object], [Object], [Object],
153 warn ERESOLVE       [Object], [Object], [Object], [Object],
153 warn ERESOLVE       [Object], [Object], [Object], [Object],
153 warn ERESOLVE       [Object], [Object], [Object], [Object],
153 warn ERESOLVE       [Object], [Object], [Object], [Object],
153 warn ERESOLVE       [Object], [Object], [Object], [Object],
153 warn ERESOLVE       [Object], [Object], [Object], [Object],
153 warn ERESOLVE       [Object], [Object], [Object], [Object],
153 warn ERESOLVE       [Object], [Object], [Object], [Object],
153 warn ERESOLVE       [Object], [Object], [Object], [Object],
153 warn ERESOLVE       [Object], [Object]
153 warn ERESOLVE     ]
153 warn ERESOLVE   }
153 warn ERESOLVE }
154 warn ERESOLVE overriding peer dependency {
154 warn ERESOLVE   code: 'ERESOLVE',
154 warn ERESOLVE   edge: {
154 warn ERESOLVE     type: 'peerOptional',
154 warn ERESOLVE     name: 'react-dom',
154 warn ERESOLVE     spec: '^18.0.0 || ^19.0.0',
154 warn ERESOLVE     from: {
154 warn ERESOLVE       name: 'motion',
154 warn ERESOLVE       version: '12.23.24',
154 warn ERESOLVE       location: 'node_modules/motion',
154 warn ERESOLVE       isWorkspace: false,
154 warn ERESOLVE       dependents: [Array]
154 warn ERESOLVE     }
154 warn ERESOLVE   },
154 warn ERESOLVE   dep: {
154 warn ERESOLVE     name: 'react-dom',
154 warn ERESOLVE     version: undefined,
154 warn ERESOLVE     errors: [ [FetchError] ],
154 warn ERESOLVE     package: {},
154 warn ERESOLVE     whileInstalling: {
154 warn ERESOLVE       name: 'react-popper',
154 warn ERESOLVE       version: '2.3.0',
154 warn ERESOLVE       path: '/Users/fujirio75/dev/w3software/node_modules/react-popper'
154 warn ERESOLVE     },
154 warn ERESOLVE     location: 'node_modules/react-dom',
154 warn ERESOLVE     isWorkspace: false,
154 warn ERESOLVE     dependents: [ [Object] ]
154 warn ERESOLVE   },
154 warn ERESOLVE   force: false,
154 warn ERESOLVE   isMine: true,
154 warn ERESOLVE   strictPeerDeps: false,
154 warn ERESOLVE   current: {
154 warn ERESOLVE     name: 'react-dom',
154 warn ERESOLVE     version: '19.2.0',
154 warn ERESOLVE     location: 'node_modules/react-dom',
154 warn ERESOLVE     isWorkspace: false,
154 warn ERESOLVE     dependents: [
154 warn ERESOLVE       [Object], [Object], [Object], [Object],
154 warn ERESOLVE       [Object], [Object], [Object], [Object],
154 warn ERESOLVE       [Object], [Object], [Object], [Object],
154 warn ERESOLVE       [Object], [Object], [Object], [Object],
154 warn ERESOLVE       [Object], [Object], [Object], [Object],
154 warn ERESOLVE       [Object], [Object], [Object], [Object],
154 warn ERESOLVE       [Object], [Object], [Object], [Object],
154 warn ERESOLVE       [Object], [Object], [Object], [Object],
154 warn ERESOLVE       [Object], [Object], [Object], [Object],
154 warn ERESOLVE       [Object], [Object], [Object], [Object],
154 warn ERESOLVE       [Object], [Object], [Object], [Object],
154 warn ERESOLVE       [Object], [Object], [Object], [Object],
154 warn ERESOLVE       [Object], [Object], [Object], [Object],
154 warn ERESOLVE       [Object], [Object]
154 warn ERESOLVE     ]
154 warn ERESOLVE   }
154 warn ERESOLVE }
155 warn ERESOLVE overriding peer dependency {
155 warn ERESOLVE   code: 'ERESOLVE',
155 warn ERESOLVE   edge: {
155 warn ERESOLVE     type: 'peer',
155 warn ERESOLVE     name: 'react-dom',
155 warn ERESOLVE     spec: '^16.8 || ^17 || ^18 || ^19 || ^19.0.0-rc',
155 warn ERESOLVE     from: {
155 warn ERESOLVE       name: 'next-themes',
155 warn ERESOLVE       version: '0.4.6',
155 warn ERESOLVE       location: 'node_modules/next-themes',
155 warn ERESOLVE       isWorkspace: false,
155 warn ERESOLVE       dependents: [Array]
155 warn ERESOLVE     }
155 warn ERESOLVE   },
155 warn ERESOLVE   dep: {
155 warn ERESOLVE     name: 'react-dom',
155 warn ERESOLVE     version: undefined,
155 warn ERESOLVE     errors: [ [FetchError] ],
155 warn ERESOLVE     package: {},
155 warn ERESOLVE     whileInstalling: {
155 warn ERESOLVE       name: 'react-popper',
155 warn ERESOLVE       version: '2.3.0',
155 warn ERESOLVE       path: '/Users/fujirio75/dev/w3software/node_modules/react-popper'
155 warn ERESOLVE     },
155 warn ERESOLVE     location: 'node_modules/react-dom',
155 warn ERESOLVE     isWorkspace: false,
155 warn ERESOLVE     dependents: [ [Object] ]
155 warn ERESOLVE   },
155 warn ERESOLVE   force: false,
155 warn ERESOLVE   isMine: true,
155 warn ERESOLVE   strictPeerDeps: false,
155 warn ERESOLVE   current: {
155 warn ERESOLVE     name: 'react-dom',
155 warn ERESOLVE     version: '19.2.0',
155 warn ERESOLVE     location: 'node_modules/react-dom',
155 warn ERESOLVE     isWorkspace: false,
155 warn ERESOLVE     dependents: [
155 warn ERESOLVE       [Object], [Object], [Object], [Object],
155 warn ERESOLVE       [Object], [Object], [Object], [Object],
155 warn ERESOLVE       [Object], [Object], [Object], [Object],
155 warn ERESOLVE       [Object], [Object], [Object], [Object],
155 warn ERESOLVE       [Object], [Object], [Object], [Object],
155 warn ERESOLVE       [Object], [Object], [Object], [Object],
155 warn ERESOLVE       [Object], [Object], [Object], [Object],
155 warn ERESOLVE       [Object], [Object], [Object], [Object],
155 warn ERESOLVE       [Object], [Object], [Object], [Object],
155 warn ERESOLVE       [Object], [Object], [Object], [Object],
155 warn ERESOLVE       [Object], [Object], [Object], [Object],
155 warn ERESOLVE       [Object], [Object], [Object], [Object],
155 warn ERESOLVE       [Object], [Object], [Object], [Object],
155 warn ERESOLVE       [Object], [Object]
155 warn ERESOLVE     ]
155 warn ERESOLVE   }
155 warn ERESOLVE }
156 warn ERESOLVE overriding peer dependency {
156 warn ERESOLVE   code: 'ERESOLVE',
156 warn ERESOLVE   edge: {
156 warn ERESOLVE     type: 'peer',
156 warn ERESOLVE     name: 'react-dom',
156 warn ERESOLVE     spec: '^16.8.0 || ^17 || ^18',
156 warn ERESOLVE     error: 'INVALID',
156 warn ERESOLVE     from: {
156 warn ERESOLVE       name: 'react-popper',
156 warn ERESOLVE       version: '2.3.0',
156 warn ERESOLVE       location: 'node_modules/react-popper',
156 warn ERESOLVE       isWorkspace: false,
156 warn ERESOLVE       dependents: [Array]
156 warn ERESOLVE     }
156 warn ERESOLVE   },
156 warn ERESOLVE   dep: {
156 warn ERESOLVE     name: 'react-dom',
156 warn ERESOLVE     version: undefined,
156 warn ERESOLVE     errors: [ [FetchError] ],
156 warn ERESOLVE     package: {},
156 warn ERESOLVE     whileInstalling: {
156 warn ERESOLVE       name: 'react-popper',
156 warn ERESOLVE       version: '2.3.0',
156 warn ERESOLVE       path: '/Users/fujirio75/dev/w3software/node_modules/react-popper'
156 warn ERESOLVE     },
156 warn ERESOLVE     location: 'node_modules/react-dom',
156 warn ERESOLVE     isWorkspace: false,
156 warn ERESOLVE     dependents: [ [Object] ]
156 warn ERESOLVE   },
156 warn ERESOLVE   force: false,
156 warn ERESOLVE   isMine: true,
156 warn ERESOLVE   strictPeerDeps: false,
156 warn ERESOLVE   current: {
156 warn ERESOLVE     name: 'react-dom',
156 warn ERESOLVE     version: '19.2.0',
156 warn ERESOLVE     location: 'node_modules/react-dom',
156 warn ERESOLVE     isWorkspace: false,
156 warn ERESOLVE     dependents: [
156 warn ERESOLVE       [Object], [Object], [Object], [Object],
156 warn ERESOLVE       [Object], [Object], [Object], [Object],
156 warn ERESOLVE       [Object], [Object], [Object], [Object],
156 warn ERESOLVE       [Object], [Object], [Object], [Object],
156 warn ERESOLVE       [Object], [Object], [Object], [Object],
156 warn ERESOLVE       [Object], [Object], [Object], [Object],
156 warn ERESOLVE       [Object], [Object], [Object], [Object],
156 warn ERESOLVE       [Object], [Object], [Object], [Object],
156 warn ERESOLVE       [Object], [Object], [Object], [Object],
156 warn ERESOLVE       [Object], [Object], [Object], [Object],
156 warn ERESOLVE       [Object], [Object], [Object], [Object],
156 warn ERESOLVE       [Object], [Object], [Object], [Object],
156 warn ERESOLVE       [Object], [Object], [Object], [Object],
156 warn ERESOLVE       [Object], [Object]
156 warn ERESOLVE     ]
156 warn ERESOLVE   }
156 warn ERESOLVE }
157 warn ERESOLVE overriding peer dependency {
157 warn ERESOLVE   code: 'ERESOLVE',
157 warn ERESOLVE   edge: {
157 warn ERESOLVE     type: 'peer',
157 warn ERESOLVE     name: 'react-dom',
157 warn ERESOLVE     spec: '^16.14.0 || ^17.0.0 || ^18.0.0 || ^19.0.0 || ^19.0.0-rc',
157 warn ERESOLVE     from: {
157 warn ERESOLVE       name: 'react-resizable-panels',
157 warn ERESOLVE       version: '2.1.7',
157 warn ERESOLVE       location: 'node_modules/react-resizable-panels',
157 warn ERESOLVE       isWorkspace: false,
157 warn ERESOLVE       dependents: [Array]
157 warn ERESOLVE     }
157 warn ERESOLVE   },
157 warn ERESOLVE   dep: {
157 warn ERESOLVE     name: 'react-dom',
157 warn ERESOLVE     version: undefined,
157 warn ERESOLVE     errors: [ [FetchError] ],
157 warn ERESOLVE     package: {},
157 warn ERESOLVE     whileInstalling: {
157 warn ERESOLVE       name: 'react-popper',
157 warn ERESOLVE       version: '2.3.0',
157 warn ERESOLVE       path: '/Users/fujirio75/dev/w3software/node_modules/react-popper'
157 warn ERESOLVE     },
157 warn ERESOLVE     location: 'node_modules/react-dom',
157 warn ERESOLVE     isWorkspace: false,
157 warn ERESOLVE     dependents: [ [Object] ]
157 warn ERESOLVE   },
157 warn ERESOLVE   force: false,
157 warn ERESOLVE   isMine: true,
157 warn ERESOLVE   strictPeerDeps: false,
157 warn ERESOLVE   current: {
157 warn ERESOLVE     name: 'react-dom',
157 warn ERESOLVE     version: '19.2.0',
157 warn ERESOLVE     location: 'node_modules/react-dom',
157 warn ERESOLVE     isWorkspace: false,
157 warn ERESOLVE     dependents: [
157 warn ERESOLVE       [Object], [Object], [Object], [Object],
157 warn ERESOLVE       [Object], [Object], [Object], [Object],
157 warn ERESOLVE       [Object], [Object], [Object], [Object],
157 warn ERESOLVE       [Object], [Object], [Object], [Object],
157 warn ERESOLVE       [Object], [Object], [Object], [Object],
157 warn ERESOLVE       [Object], [Object], [Object], [Object],
157 warn ERESOLVE       [Object], [Object], [Object], [Object],
157 warn ERESOLVE       [Object], [Object], [Object], [Object],
157 warn ERESOLVE       [Object], [Object], [Object], [Object],
157 warn ERESOLVE       [Object], [Object], [Object], [Object],
157 warn ERESOLVE       [Object], [Object], [Object], [Object],
157 warn ERESOLVE       [Object], [Object], [Object], [Object],
157 warn ERESOLVE       [Object], [Object], [Object], [Object],
157 warn ERESOLVE       [Object], [Object]
157 warn ERESOLVE     ]
157 warn ERESOLVE   }
157 warn ERESOLVE }
158 warn ERESOLVE overriding peer dependency {
158 warn ERESOLVE   code: 'ERESOLVE',
158 warn ERESOLVE   edge: {
158 warn ERESOLVE     type: 'peer',
158 warn ERESOLVE     name: 'react-dom',
158 warn ERESOLVE     spec: '^0.14.0 || ^15.0.1 || ^16.0.0 || ^17.0.0 || ^18.0.0 || ^19.0.0',
158 warn ERESOLVE     from: {
158 warn ERESOLVE       name: 'react-slick',
158 warn ERESOLVE       version: '0.31.0',
158 warn ERESOLVE       location: 'node_modules/react-slick',
158 warn ERESOLVE       isWorkspace: false,
158 warn ERESOLVE       dependents: [Array]
158 warn ERESOLVE     }
158 warn ERESOLVE   },
158 warn ERESOLVE   dep: {
158 warn ERESOLVE     name: 'react-dom',
158 warn ERESOLVE     version: undefined,
158 warn ERESOLVE     errors: [ [FetchError] ],
158 warn ERESOLVE     package: {},
158 warn ERESOLVE     whileInstalling: {
158 warn ERESOLVE       name: 'react-popper',
158 warn ERESOLVE       version: '2.3.0',
158 warn ERESOLVE       path: '/Users/fujirio75/dev/w3software/node_modules/react-popper'
158 warn ERESOLVE     },
158 warn ERESOLVE     location: 'node_modules/react-dom',
158 warn ERESOLVE     isWorkspace: false,
158 warn ERESOLVE     dependents: [ [Object] ]
158 warn ERESOLVE   },
158 warn ERESOLVE   force: false,
158 warn ERESOLVE   isMine: true,
158 warn ERESOLVE   strictPeerDeps: false,
158 warn ERESOLVE   current: {
158 warn ERESOLVE     name: 'react-dom',
158 warn ERESOLVE     version: '19.2.0',
158 warn ERESOLVE     location: 'node_modules/react-dom',
158 warn ERESOLVE     isWorkspace: false,
158 warn ERESOLVE     dependents: [
158 warn ERESOLVE       [Object], [Object], [Object], [Object],
158 warn ERESOLVE       [Object], [Object], [Object], [Object],
158 warn ERESOLVE       [Object], [Object], [Object], [Object],
158 warn ERESOLVE       [Object], [Object], [Object], [Object],
158 warn ERESOLVE       [Object], [Object], [Object], [Object],
158 warn ERESOLVE       [Object], [Object], [Object], [Object],
158 warn ERESOLVE       [Object], [Object], [Object], [Object],
158 warn ERESOLVE       [Object], [Object], [Object], [Object],
158 warn ERESOLVE       [Object], [Object], [Object], [Object],
158 warn ERESOLVE       [Object], [Object], [Object], [Object],
158 warn ERESOLVE       [Object], [Object], [Object], [Object],
158 warn ERESOLVE       [Object], [Object], [Object], [Object],
158 warn ERESOLVE       [Object], [Object], [Object], [Object],
158 warn ERESOLVE       [Object], [Object]
158 warn ERESOLVE     ]
158 warn ERESOLVE   }
158 warn ERESOLVE }
159 warn ERESOLVE overriding peer dependency {
159 warn ERESOLVE   code: 'ERESOLVE',
159 warn ERESOLVE   edge: {
159 warn ERESOLVE     type: 'peer',
159 warn ERESOLVE     name: 'react-dom',
159 warn ERESOLVE     spec: '^16.0.0 || ^17.0.0 || ^18.0.0 || ^19.0.0',
159 warn ERESOLVE     from: {
159 warn ERESOLVE       name: 'recharts',
159 warn ERESOLVE       version: '2.15.2',
159 warn ERESOLVE       location: 'node_modules/recharts',
159 warn ERESOLVE       isWorkspace: false,
159 warn ERESOLVE       dependents: [Array]
159 warn ERESOLVE     }
159 warn ERESOLVE   },
159 warn ERESOLVE   dep: {
159 warn ERESOLVE     name: 'react-dom',
159 warn ERESOLVE     version: undefined,
159 warn ERESOLVE     errors: [ [FetchError] ],
159 warn ERESOLVE     package: {},
159 warn ERESOLVE     whileInstalling: {
159 warn ERESOLVE       name: 'react-popper',
159 warn ERESOLVE       version: '2.3.0',
159 warn ERESOLVE       path: '/Users/fujirio75/dev/w3software/node_modules/react-popper'
159 warn ERESOLVE     },
159 warn ERESOLVE     location: 'node_modules/react-dom',
159 warn ERESOLVE     isWorkspace: false,
159 warn ERESOLVE     dependents: [ [Object] ]
159 warn ERESOLVE   },
159 warn ERESOLVE   force: false,
159 warn ERESOLVE   isMine: true,
159 warn ERESOLVE   strictPeerDeps: false,
159 warn ERESOLVE   current: {
159 warn ERESOLVE     name: 'react-dom',
159 warn ERESOLVE     version: '19.2.0',
159 warn ERESOLVE     location: 'node_modules/react-dom',
159 warn ERESOLVE     isWorkspace: false,
159 warn ERESOLVE     dependents: [
159 warn ERESOLVE       [Object], [Object], [Object], [Object],
159 warn ERESOLVE       [Object], [Object], [Object], [Object],
159 warn ERESOLVE       [Object], [Object], [Object], [Object],
159 warn ERESOLVE       [Object], [Object], [Object], [Object],
159 warn ERESOLVE       [Object], [Object], [Object], [Object],
159 warn ERESOLVE       [Object], [Object], [Object], [Object],
159 warn ERESOLVE       [Object], [Object], [Object], [Object],
159 warn ERESOLVE       [Object], [Object], [Object], [Object],
159 warn ERESOLVE       [Object], [Object], [Object], [Object],
159 warn ERESOLVE       [Object], [Object], [Object], [Object],
159 warn ERESOLVE       [Object], [Object], [Object], [Object],
159 warn ERESOLVE       [Object], [Object], [Object], [Object],
159 warn ERESOLVE       [Object], [Object], [Object], [Object],
159 warn ERESOLVE       [Object], [Object]
159 warn ERESOLVE     ]
159 warn ERESOLVE   }
159 warn ERESOLVE }
160 warn ERESOLVE overriding peer dependency {
160 warn ERESOLVE   code: 'ERESOLVE',
160 warn ERESOLVE   edge: {
160 warn ERESOLVE     type: 'peer',
160 warn ERESOLVE     name: 'react-dom',
160 warn ERESOLVE     spec: '^18.0.0 || ^19.0.0 || ^19.0.0-rc',
160 warn ERESOLVE     from: {
160 warn ERESOLVE       name: 'sonner',
160 warn ERESOLVE       version: '2.0.3',
160 warn ERESOLVE       location: 'node_modules/sonner',
160 warn ERESOLVE       isWorkspace: false,
160 warn ERESOLVE       dependents: [Array]
160 warn ERESOLVE     }
160 warn ERESOLVE   },
160 warn ERESOLVE   dep: {
160 warn ERESOLVE     name: 'react-dom',
160 warn ERESOLVE     version: undefined,
160 warn ERESOLVE     errors: [ [FetchError] ],
160 warn ERESOLVE     package: {},
160 warn ERESOLVE     whileInstalling: {
160 warn ERESOLVE       name: 'react-popper',
160 warn ERESOLVE       version: '2.3.0',
160 warn ERESOLVE       path: '/Users/fujirio75/dev/w3software/node_modules/react-popper'
160 warn ERESOLVE     },
160 warn ERESOLVE     location: 'node_modules/react-dom',
160 warn ERESOLVE     isWorkspace: false,
160 warn ERESOLVE     dependents: [ [Object] ]
160 warn ERESOLVE   },
160 warn ERESOLVE   force: false,
160 warn ERESOLVE   isMine: true,
160 warn ERESOLVE   strictPeerDeps: false,
160 warn ERESOLVE   current: {
160 warn ERESOLVE     name: 'react-dom',
160 warn ERESOLVE     version: '19.2.0',
160 warn ERESOLVE     location: 'node_modules/react-dom',
160 warn ERESOLVE     isWorkspace: false,
160 warn ERESOLVE     dependents: [
160 warn ERESOLVE       [Object], [Object], [Object], [Object],
160 warn ERESOLVE       [Object], [Object], [Object], [Object],
160 warn ERESOLVE       [Object], [Object], [Object], [Object],
160 warn ERESOLVE       [Object], [Object], [Object], [Object],
160 warn ERESOLVE       [Object], [Object], [Object], [Object],
160 warn ERESOLVE       [Object], [Object], [Object], [Object],
160 warn ERESOLVE       [Object], [Object], [Object], [Object],
160 warn ERESOLVE       [Object], [Object], [Object], [Object],
160 warn ERESOLVE       [Object], [Object], [Object], [Object],
160 warn ERESOLVE       [Object], [Object], [Object], [Object],
160 warn ERESOLVE       [Object], [Object], [Object], [Object],
160 warn ERESOLVE       [Object], [Object], [Object], [Object],
160 warn ERESOLVE       [Object], [Object], [Object], [Object],
160 warn ERESOLVE       [Object], [Object]
160 warn ERESOLVE     ]
160 warn ERESOLVE   }
160 warn ERESOLVE }
161 warn ERESOLVE overriding peer dependency {
161 warn ERESOLVE   code: 'ERESOLVE',
161 warn ERESOLVE   edge: {
161 warn ERESOLVE     type: 'peer',
161 warn ERESOLVE     name: 'react-dom',
161 warn ERESOLVE     spec: '^16.8 || ^17.0 || ^18.0 || ^19.0.0 || ^19.0.0-rc',
161 warn ERESOLVE     from: {
161 warn ERESOLVE       name: 'vaul',
161 warn ERESOLVE       version: '1.1.2',
161 warn ERESOLVE       location: 'node_modules/vaul',
161 warn ERESOLVE       isWorkspace: false,
161 warn ERESOLVE       dependents: [Array]
161 warn ERESOLVE     }
161 warn ERESOLVE   },
161 warn ERESOLVE   dep: {
161 warn ERESOLVE     name: 'react-dom',
161 warn ERESOLVE     version: undefined,
161 warn ERESOLVE     errors: [ [FetchError] ],
161 warn ERESOLVE     package: {},
161 warn ERESOLVE     whileInstalling: {
161 warn ERESOLVE       name: 'react-popper',
161 warn ERESOLVE       version: '2.3.0',
161 warn ERESOLVE       path: '/Users/fujirio75/dev/w3software/node_modules/react-popper'
161 warn ERESOLVE     },
161 warn ERESOLVE     location: 'node_modules/react-dom',
161 warn ERESOLVE     isWorkspace: false,
161 warn ERESOLVE     dependents: [ [Object] ]
161 warn ERESOLVE   },
161 warn ERESOLVE   force: false,
161 warn ERESOLVE   isMine: true,
161 warn ERESOLVE   strictPeerDeps: false,
161 warn ERESOLVE   current: {
161 warn ERESOLVE     name: 'react-dom',
161 warn ERESOLVE     version: '19.2.0',
161 warn ERESOLVE     location: 'node_modules/react-dom',
161 warn ERESOLVE     isWorkspace: false,
161 warn ERESOLVE     dependents: [
161 warn ERESOLVE       [Object], [Object], [Object], [Object],
161 warn ERESOLVE       [Object], [Object], [Object], [Object],
161 warn ERESOLVE       [Object], [Object], [Object], [Object],
161 warn ERESOLVE       [Object], [Object], [Object], [Object],
161 warn ERESOLVE       [Object], [Object], [Object], [Object],
161 warn ERESOLVE       [Object], [Object], [Object], [Object],
161 warn ERESOLVE       [Object], [Object], [Object], [Object],
161 warn ERESOLVE       [Object], [Object], [Object], [Object],
161 warn ERESOLVE       [Object], [Object], [Object], [Object],
161 warn ERESOLVE       [Object], [Object], [Object], [Object],
161 warn ERESOLVE       [Object], [Object], [Object], [Object],
161 warn ERESOLVE       [Object], [Object], [Object], [Object],
161 warn ERESOLVE       [Object], [Object], [Object], [Object],
161 warn ERESOLVE       [Object], [Object]
161 warn ERESOLVE     ]
161 warn ERESOLVE   }
161 warn ERESOLVE }
162 warn ERESOLVE overriding peer dependency {
162 warn ERESOLVE   code: 'ERESOLVE',
162 warn ERESOLVE   edge: {
162 warn ERESOLVE     type: 'peer',
162 warn ERESOLVE     name: 'react-dom',
162 warn ERESOLVE     spec: '^16.8.0 || ^17 || ^18',
162 warn ERESOLVE     error: 'INVALID',
162 warn ERESOLVE     from: {
162 warn ERESOLVE       name: 'react-popper',
162 warn ERESOLVE       version: '2.3.0',
162 warn ERESOLVE       location: 'node_modules/react-popper',
162 warn ERESOLVE       isWorkspace: false,
162 warn ERESOLVE       dependents: [Array]
162 warn ERESOLVE     }
162 warn ERESOLVE   },
162 warn ERESOLVE   dep: {
162 warn ERESOLVE     name: 'react-dom',
162 warn ERESOLVE     version: undefined,
162 warn ERESOLVE     errors: [ [FetchError] ],
162 warn ERESOLVE     package: {},
162 warn ERESOLVE     whileInstalling: {
162 warn ERESOLVE       name: 'react-popper',
162 warn ERESOLVE       version: '2.3.0',
162 warn ERESOLVE       path: '/Users/fujirio75/dev/w3software/node_modules/react-popper'
162 warn ERESOLVE     },
162 warn ERESOLVE     location: 'node_modules/react-dom',
162 warn ERESOLVE     isWorkspace: false,
162 warn ERESOLVE     dependents: [ [Object] ]
162 warn ERESOLVE   },
162 warn ERESOLVE   force: false,
162 warn ERESOLVE   isMine: true,
162 warn ERESOLVE   strictPeerDeps: false,
162 warn ERESOLVE   current: {
162 warn ERESOLVE     name: 'react-dom',
162 warn ERESOLVE     version: undefined,
162 warn ERESOLVE     errors: [ [FetchError] ],
162 warn ERESOLVE     package: {},
162 warn ERESOLVE     location: 'node_modules/react-dom',
162 warn ERESOLVE     isWorkspace: false,
162 warn ERESOLVE     dependents: [ [Object] ]
162 warn ERESOLVE   }
162 warn ERESOLVE }
163 silly fetch manifest @radix-ui/react-collapsible@1.1.3
164 silly packumentCache full:https://registry.npmjs.org/@radix-ui%2freact-collapsible cache-miss
165 http fetch GET https://registry.npmjs.org/@radix-ui%2freact-collapsible attempt 1 failed with ENOTFOUND
166 http fetch GET https://registry.npmjs.org/@radix-ui%2freact-collapsible attempt 2 failed with ENOTFOUND
167 http fetch GET https://registry.npmjs.org/@radix-ui%2freact-collapsible attempt 3 failed with ENOTFOUND
168 silly fetch manifest @radix-ui/react-dialog@1.1.6
169 silly packumentCache full:https://registry.npmjs.org/@radix-ui%2freact-dialog cache-miss
170 http fetch GET https://registry.npmjs.org/@radix-ui%2freact-dialog attempt 1 failed with ENOTFOUND
171 http fetch GET https://registry.npmjs.org/@radix-ui%2freact-dialog attempt 2 failed with ENOTFOUND
172 http fetch GET https://registry.npmjs.org/@radix-ui%2freact-dialog attempt 3 failed with ENOTFOUND
173 silly fetch manifest @radix-ui/react-slot@1.1.2
174 silly packumentCache full:https://registry.npmjs.org/@radix-ui%2freact-slot cache-miss
175 http fetch GET https://registry.npmjs.org/@radix-ui%2freact-slot attempt 1 failed with ENOTFOUND
176 http fetch GET https://registry.npmjs.org/@radix-ui%2freact-slot attempt 2 failed with ENOTFOUND
177 http fetch GET https://registry.npmjs.org/@radix-ui%2freact-slot attempt 3 failed with ENOTFOUND
178 silly fetch manifest @radix-ui/react-toggle@1.1.2
179 silly packumentCache full:https://registry.npmjs.org/@radix-ui%2freact-toggle cache-miss
180 http fetch GET https://registry.npmjs.org/@radix-ui%2freact-toggle attempt 1 failed with ENOTFOUND
181 http fetch GET https://registry.npmjs.org/@radix-ui%2freact-toggle attempt 2 failed with ENOTFOUND
182 http fetch GET https://registry.npmjs.org/@radix-ui%2freact-toggle attempt 3 failed with ENOTFOUND
183 silly fetch manifest react@19.2.0
184 silly packumentCache full:https://registry.npmjs.org/react cache-miss
185 http fetch GET https://registry.npmjs.org/react attempt 1 failed with ENOTFOUND
186 http fetch GET https://registry.npmjs.org/react attempt 2 failed with ENOTFOUND
187 http fetch GET https://registry.npmjs.org/react attempt 3 failed with ENOTFOUND
188 silly placeDep ROOT @radix-ui/react-collapsible@ OK for: @figma/my-make-file@0.0.1 want: 1.1.3
189 silly placeDep ROOT @radix-ui/react-dialog@ OK for: @figma/my-make-file@0.0.1 want: 1.1.6
190 silly placeDep ROOT @radix-ui/react-slot@ OK for: @figma/my-make-file@0.0.1 want: 1.1.2
191 silly placeDep ROOT @radix-ui/react-toggle@ OK for: @figma/my-make-file@0.0.1 want: 1.1.2
192 silly placeDep ROOT react@ OK for: @figma/my-make-file@0.0.1 want: 19.2.0
193 silly fetch manifest @emotion/use-insertion-effect-with-fallbacks@^1.2.0
194 silly packumentCache full:https://registry.npmjs.org/@emotion%2fuse-insertion-effect-with-fallbacks cache-miss
195 http fetch GET https://registry.npmjs.org/@emotion%2fuse-insertion-effect-with-fallbacks attempt 1 failed with ENOTFOUND
196 http fetch GET https://registry.npmjs.org/@emotion%2fuse-insertion-effect-with-fallbacks attempt 2 failed with ENOTFOUND
197 http fetch GET https://registry.npmjs.org/@emotion%2fuse-insertion-effect-with-fallbacks attempt 3 failed with ENOTFOUND
198 silly placeDep node_modules/@emotion/react @emotion/use-insertion-effect-with-fallbacks@ OK for: @emotion/react@11.14.0 want: ^1.2.0
199 silly fetch manifest @emotion/use-insertion-effect-with-fallbacks@^1.2.0
200 silly packumentCache full:https://registry.npmjs.org/@emotion%2fuse-insertion-effect-with-fallbacks cache-miss
201 http fetch GET https://registry.npmjs.org/@emotion%2fuse-insertion-effect-with-fallbacks attempt 1 failed with ENOTFOUND
202 http fetch GET https://registry.npmjs.org/@emotion%2fuse-insertion-effect-with-fallbacks attempt 2 failed with ENOTFOUND
203 http fetch GET https://registry.npmjs.org/@emotion%2fuse-insertion-effect-with-fallbacks attempt 3 failed with ENOTFOUND
204 silly placeDep node_modules/@emotion/styled @emotion/use-insertion-effect-with-fallbacks@ OK for: @emotion/styled@11.14.1 want: ^1.2.0
205 silly fetch manifest @mui/system@^7.3.5
206 silly packumentCache full:https://registry.npmjs.org/@mui%2fsystem cache-miss
207 http fetch GET https://registry.npmjs.org/@mui%2fsystem attempt 1 failed with ENOTFOUND
208 http fetch GET https://registry.npmjs.org/@mui%2fsystem attempt 2 failed with ENOTFOUND
209 http fetch GET https://registry.npmjs.org/@mui%2fsystem attempt 3 failed with ENOTFOUND
210 silly fetch manifest @mui/utils@^7.3.5
211 silly packumentCache full:https://registry.npmjs.org/@mui%2futils cache-miss
212 http fetch GET https://registry.npmjs.org/@mui%2futils attempt 1 failed with ENOTFOUND
213 http fetch GET https://registry.npmjs.org/@mui%2futils attempt 2 failed with ENOTFOUND
214 http fetch GET https://registry.npmjs.org/@mui%2futils attempt 3 failed with ENOTFOUND
215 silly fetch manifest react-transition-group@^4.4.5
216 silly packumentCache full:https://registry.npmjs.org/react-transition-group cache-miss
217 http fetch GET https://registry.npmjs.org/react-transition-group attempt 1 failed with ENOTFOUND
218 http fetch GET https://registry.npmjs.org/react-transition-group attempt 2 failed with ENOTFOUND
219 http fetch GET https://registry.npmjs.org/react-transition-group attempt 3 failed with ENOTFOUND
220 silly placeDep node_modules/@mui/material @mui/system@ OK for: @mui/material@7.3.5 want: ^7.3.5
221 silly placeDep node_modules/@mui/material @mui/utils@ OK for: @mui/material@7.3.5 want: ^7.3.5
222 silly placeDep node_modules/@mui/material react-transition-group@ OK for: @mui/material@7.3.5 want: ^4.4.5
223 silly fetch manifest @radix-ui/react-collection@1.1.2
224 silly packumentCache full:https://registry.npmjs.org/@radix-ui%2freact-collection cache-miss
225 http fetch GET https://registry.npmjs.org/@radix-ui%2freact-collection attempt 1 failed with ENOTFOUND
226 http fetch GET https://registry.npmjs.org/@radix-ui%2freact-collection attempt 2 failed with ENOTFOUND
227 http fetch GET https://registry.npmjs.org/@radix-ui%2freact-collection attempt 3 failed with ENOTFOUND
228 silly fetch manifest @radix-ui/react-compose-refs@1.1.1
229 silly packumentCache full:https://registry.npmjs.org/@radix-ui%2freact-compose-refs cache-miss
230 http fetch GET https://registry.npmjs.org/@radix-ui%2freact-compose-refs attempt 1 failed with ENOTFOUND
231 http fetch GET https://registry.npmjs.org/@radix-ui%2freact-compose-refs attempt 2 failed with ENOTFOUND
232 http fetch GET https://registry.npmjs.org/@radix-ui%2freact-compose-refs attempt 3 failed with ENOTFOUND
233 silly fetch manifest @radix-ui/react-context@1.1.1
234 silly packumentCache full:https://registry.npmjs.org/@radix-ui%2freact-context cache-miss
235 http fetch GET https://registry.npmjs.org/@radix-ui%2freact-context attempt 1 failed with ENOTFOUND
236 http fetch GET https://registry.npmjs.org/@radix-ui%2freact-context attempt 2 failed with ENOTFOUND
237 http fetch GET https://registry.npmjs.org/@radix-ui%2freact-context attempt 3 failed with ENOTFOUND
238 silly fetch manifest @radix-ui/react-direction@1.1.0
239 silly packumentCache full:https://registry.npmjs.org/@radix-ui%2freact-direction cache-miss
240 http fetch GET https://registry.npmjs.org/@radix-ui%2freact-direction attempt 1 failed with ENOTFOUND
241 http fetch GET https://registry.npmjs.org/@radix-ui%2freact-direction attempt 2 failed with ENOTFOUND
242 http fetch GET https://registry.npmjs.org/@radix-ui%2freact-direction attempt 3 failed with ENOTFOUND
243 silly fetch manifest @radix-ui/react-id@1.1.0
244 silly packumentCache full:https://registry.npmjs.org/@radix-ui%2freact-id cache-miss
245 http fetch GET https://registry.npmjs.org/@radix-ui%2freact-id attempt 1 failed with ENOTFOUND
246 http fetch GET https://registry.npmjs.org/@radix-ui%2freact-id attempt 2 failed with ENOTFOUND
247 http fetch GET https://registry.npmjs.org/@radix-ui%2freact-id attempt 3 failed with ENOTFOUND
248 silly fetch manifest @radix-ui/react-primitive@2.0.2
249 silly packumentCache full:https://registry.npmjs.org/@radix-ui%2freact-primitive cache-miss
250 http fetch GET https://registry.npmjs.org/@radix-ui%2freact-primitive attempt 1 failed with ENOTFOUND
251 http fetch GET https://registry.npmjs.org/@radix-ui%2freact-primitive attempt 2 failed with ENOTFOUND
252 http fetch GET https://registry.npmjs.org/@radix-ui%2freact-primitive attempt 3 failed with ENOTFOUND
253 silly fetch manifest @radix-ui/react-use-controllable-state@1.1.0
254 silly packumentCache full:https://registry.npmjs.org/@radix-ui%2freact-use-controllable-state cache-miss
255 http fetch GET https://registry.npmjs.org/@radix-ui%2freact-use-controllable-state attempt 1 failed with ENOTFOUND
256 http fetch GET https://registry.npmjs.org/@radix-ui%2freact-use-controllable-state attempt 2 failed with ENOTFOUND
257 http fetch GET https://registry.npmjs.org/@radix-ui%2freact-use-controllable-state attempt 3 failed with ENOTFOUND
258 silly placeDep node_modules/@radix-ui/react-accordion @radix-ui/react-collection@ OK for: @radix-ui/react-accordion@1.2.3 want: 1.1.2
259 silly placeDep node_modules/@radix-ui/react-accordion @radix-ui/react-compose-refs@ OK for: @radix-ui/react-accordion@1.2.3 want: 1.1.1
260 silly placeDep node_modules/@radix-ui/react-accordion @radix-ui/react-context@ OK for: @radix-ui/react-accordion@1.2.3 want: 1.1.1
261 silly placeDep node_modules/@radix-ui/react-accordion @radix-ui/react-direction@ OK for: @radix-ui/react-accordion@1.2.3 want: 1.1.0
262 silly placeDep node_modules/@radix-ui/react-accordion @radix-ui/react-id@ OK for: @radix-ui/react-accordion@1.2.3 want: 1.1.0
263 silly placeDep node_modules/@radix-ui/react-accordion @radix-ui/react-primitive@ OK for: @radix-ui/react-accordion@1.2.3 want: 2.0.2
264 silly placeDep node_modules/@radix-ui/react-accordion @radix-ui/react-use-controllable-state@ OK for: @radix-ui/react-accordion@1.2.3 want: 1.1.0
265 silly fetch manifest @radix-ui/react-compose-refs@1.1.1
266 silly packumentCache full:https://registry.npmjs.org/@radix-ui%2freact-compose-refs cache-miss
267 http fetch GET https://registry.npmjs.org/@radix-ui%2freact-compose-refs attempt 1 failed with ENOTFOUND
268 http fetch GET https://registry.npmjs.org/@radix-ui%2freact-compose-refs attempt 2 failed with ENOTFOUND
269 http fetch GET https://registry.npmjs.org/@radix-ui%2freact-compose-refs attempt 3 failed with ENOTFOUND
270 silly fetch manifest @radix-ui/react-context@1.1.1
271 silly packumentCache full:https://registry.npmjs.org/@radix-ui%2freact-context cache-miss
272 http fetch GET https://registry.npmjs.org/@radix-ui%2freact-context attempt 1 failed with ENOTFOUND
273 http fetch GET https://registry.npmjs.org/@radix-ui%2freact-context attempt 2 failed with ENOTFOUND
274 http fetch GET https://registry.npmjs.org/@radix-ui%2freact-context attempt 3 failed with ENOTFOUND
275 silly fetch manifest @radix-ui/react-primitive@2.0.2
276 silly packumentCache full:https://registry.npmjs.org/@radix-ui%2freact-primitive cache-miss
277 http fetch GET https://registry.npmjs.org/@radix-ui%2freact-primitive attempt 1 failed with ENOTFOUND
278 http fetch GET https://registry.npmjs.org/@radix-ui%2freact-primitive attempt 2 failed with ENOTFOUND
279 http fetch GET https://registry.npmjs.org/@radix-ui%2freact-primitive attempt 3 failed with ENOTFOUND
280 silly placeDep node_modules/@radix-ui/react-alert-dialog @radix-ui/react-compose-refs@ OK for: @radix-ui/react-alert-dialog@1.1.6 want: 1.1.1
281 silly placeDep node_modules/@radix-ui/react-alert-dialog @radix-ui/react-context@ OK for: @radix-ui/react-alert-dialog@1.1.6 want: 1.1.1
282 silly placeDep node_modules/@radix-ui/react-alert-dialog @radix-ui/react-primitive@ OK for: @radix-ui/react-alert-dialog@1.1.6 want: 2.0.2
283 silly fetch manifest @radix-ui/react-primitive@2.0.2
284 silly packumentCache full:https://registry.npmjs.org/@radix-ui%2freact-primitive cache-miss
285 http fetch GET https://registry.npmjs.org/@radix-ui%2freact-primitive attempt 1 failed with ENOTFOUND
286 http fetch GET https://registry.npmjs.org/@radix-ui%2freact-primitive attempt 2 failed with ENOTFOUND
287 http fetch GET https://registry.npmjs.org/@radix-ui%2freact-primitive attempt 3 failed with ENOTFOUND
288 silly placeDep node_modules/@radix-ui/react-aspect-ratio @radix-ui/react-primitive@ OK for: @radix-ui/react-aspect-ratio@1.1.2 want: 2.0.2
289 silly fetch manifest @radix-ui/react-context@1.1.1
290 silly packumentCache full:https://registry.npmjs.org/@radix-ui%2freact-context cache-miss
291 http fetch GET https://registry.npmjs.org/@radix-ui%2freact-context attempt 1 failed with ENOTFOUND
292 http fetch GET https://registry.npmjs.org/@radix-ui%2freact-context attempt 2 failed with ENOTFOUND
293 http fetch GET https://registry.npmjs.org/@radix-ui%2freact-context attempt 3 failed with ENOTFOUND
294 silly fetch manifest @radix-ui/react-primitive@2.0.2
295 silly packumentCache full:https://registry.npmjs.org/@radix-ui%2freact-primitive cache-miss
296 http fetch GET https://registry.npmjs.org/@radix-ui%2freact-primitive attempt 1 failed with ENOTFOUND
297 http fetch GET https://registry.npmjs.org/@radix-ui%2freact-primitive attempt 2 failed with ENOTFOUND
298 http fetch GET https://registry.npmjs.org/@radix-ui%2freact-primitive attempt 3 failed with ENOTFOUND
299 silly fetch manifest @radix-ui/react-use-callback-ref@1.1.0
300 silly packumentCache full:https://registry.npmjs.org/@radix-ui%2freact-use-callback-ref cache-miss
301 http fetch GET https://registry.npmjs.org/@radix-ui%2freact-use-callback-ref attempt 1 failed with ENOTFOUND
302 http fetch GET https://registry.npmjs.org/@radix-ui%2freact-use-callback-ref attempt 2 failed with ENOTFOUND
303 http fetch GET https://registry.npmjs.org/@radix-ui%2freact-use-callback-ref attempt 3 failed with ENOTFOUND
304 silly fetch manifest @radix-ui/react-use-layout-effect@1.1.0
305 silly packumentCache full:https://registry.npmjs.org/@radix-ui%2freact-use-layout-effect cache-miss
306 http fetch GET https://registry.npmjs.org/@radix-ui%2freact-use-layout-effect attempt 1 failed with ENOTFOUND
307 http fetch GET https://registry.npmjs.org/@radix-ui%2freact-use-layout-effect attempt 2 failed with ENOTFOUND
308 http fetch GET https://registry.npmjs.org/@radix-ui%2freact-use-layout-effect attempt 3 failed with ENOTFOUND
309 silly placeDep node_modules/@radix-ui/react-avatar @radix-ui/react-context@ OK for: @radix-ui/react-avatar@1.1.3 want: 1.1.1
310 silly placeDep node_modules/@radix-ui/react-avatar @radix-ui/react-primitive@ OK for: @radix-ui/react-avatar@1.1.3 want: 2.0.2
311 silly placeDep node_modules/@radix-ui/react-avatar @radix-ui/react-use-callback-ref@ OK for: @radix-ui/react-avatar@1.1.3 want: 1.1.0
312 silly placeDep node_modules/@radix-ui/react-avatar @radix-ui/react-use-layout-effect@ OK for: @radix-ui/react-avatar@1.1.3 want: 1.1.0
313 silly fetch manifest @radix-ui/react-compose-refs@1.1.1
314 silly packumentCache full:https://registry.npmjs.org/@radix-ui%2freact-compose-refs cache-miss
315 http fetch GET https://registry.npmjs.org/@radix-ui%2freact-compose-refs attempt 1 failed with ENOTFOUND
316 http fetch GET https://registry.npmjs.org/@radix-ui%2freact-compose-refs attempt 2 failed with ENOTFOUND
317 http fetch GET https://registry.npmjs.org/@radix-ui%2freact-compose-refs attempt 3 failed with ENOTFOUND
318 silly fetch manifest @radix-ui/react-context@1.1.1
319 silly packumentCache full:https://registry.npmjs.org/@radix-ui%2freact-context cache-miss
320 http fetch GET https://registry.npmjs.org/@radix-ui%2freact-context attempt 1 failed with ENOTFOUND
321 http fetch GET https://registry.npmjs.org/@radix-ui%2freact-context attempt 2 failed with ENOTFOUND
322 http fetch GET https://registry.npmjs.org/@radix-ui%2freact-context attempt 3 failed with ENOTFOUND
323 silly fetch manifest @radix-ui/react-presence@1.1.2
324 silly packumentCache full:https://registry.npmjs.org/@radix-ui%2freact-presence cache-miss
325 http fetch GET https://registry.npmjs.org/@radix-ui%2freact-presence attempt 1 failed with ENOTFOUND
326 http fetch GET https://registry.npmjs.org/@radix-ui%2freact-presence attempt 2 failed with ENOTFOUND
327 http fetch GET https://registry.npmjs.org/@radix-ui%2freact-presence attempt 3 failed with ENOTFOUND
328 silly fetch manifest @radix-ui/react-primitive@2.0.2
329 silly packumentCache full:https://registry.npmjs.org/@radix-ui%2freact-primitive cache-miss
330 http fetch GET https://registry.npmjs.org/@radix-ui%2freact-primitive attempt 1 failed with ENOTFOUND
331 http fetch GET https://registry.npmjs.org/@radix-ui%2freact-primitive attempt 2 failed with ENOTFOUND
332 http fetch GET https://registry.npmjs.org/@radix-ui%2freact-primitive attempt 3 failed with ENOTFOUND
333 silly fetch manifest @radix-ui/react-use-controllable-state@1.1.0
334 silly packumentCache full:https://registry.npmjs.org/@radix-ui%2freact-use-controllable-state cache-miss
335 http fetch GET https://registry.npmjs.org/@radix-ui%2freact-use-controllable-state attempt 1 failed with ENOTFOUND
336 http fetch GET https://registry.npmjs.org/@radix-ui%2freact-use-controllable-state attempt 2 failed with ENOTFOUND
337 http fetch GET https://registry.npmjs.org/@radix-ui%2freact-use-controllable-state attempt 3 failed with ENOTFOUND
338 silly fetch manifest @radix-ui/react-use-previous@1.1.0
339 silly packumentCache full:https://registry.npmjs.org/@radix-ui%2freact-use-previous cache-miss
340 http fetch GET https://registry.npmjs.org/@radix-ui%2freact-use-previous attempt 1 failed with ENOTFOUND
341 http fetch GET https://registry.npmjs.org/@radix-ui%2freact-use-previous attempt 2 failed with ENOTFOUND
342 http fetch GET https://registry.npmjs.org/@radix-ui%2freact-use-previous attempt 3 failed with ENOTFOUND
343 silly fetch manifest @radix-ui/react-use-size@1.1.0
344 silly packumentCache full:https://registry.npmjs.org/@radix-ui%2freact-use-size cache-miss
345 http fetch GET https://registry.npmjs.org/@radix-ui%2freact-use-size attempt 1 failed with ENOTFOUND
346 http fetch GET https://registry.npmjs.org/@radix-ui%2freact-use-size attempt 2 failed with ENOTFOUND
347 http fetch GET https://registry.npmjs.org/@radix-ui%2freact-use-size attempt 3 failed with ENOTFOUND
348 silly placeDep node_modules/@radix-ui/react-checkbox @radix-ui/react-compose-refs@ OK for: @radix-ui/react-checkbox@1.1.4 want: 1.1.1
349 silly placeDep node_modules/@radix-ui/react-checkbox @radix-ui/react-context@ OK for: @radix-ui/react-checkbox@1.1.4 want: 1.1.1
350 silly placeDep node_modules/@radix-ui/react-checkbox @radix-ui/react-presence@ OK for: @radix-ui/react-checkbox@1.1.4 want: 1.1.2
351 silly placeDep node_modules/@radix-ui/react-checkbox @radix-ui/react-primitive@ OK for: @radix-ui/react-checkbox@1.1.4 want: 2.0.2
352 silly placeDep node_modules/@radix-ui/react-checkbox @radix-ui/react-use-controllable-state@ OK for: @radix-ui/react-checkbox@1.1.4 want: 1.1.0
353 silly placeDep node_modules/@radix-ui/react-checkbox @radix-ui/react-use-previous@ OK for: @radix-ui/react-checkbox@1.1.4 want: 1.1.0
354 silly placeDep node_modules/@radix-ui/react-checkbox @radix-ui/react-use-size@ OK for: @radix-ui/react-checkbox@1.1.4 want: 1.1.0
355 silly fetch manifest @radix-ui/react-context@1.1.1
356 silly packumentCache full:https://registry.npmjs.org/@radix-ui%2freact-context cache-miss
357 http fetch GET https://registry.npmjs.org/@radix-ui%2freact-context attempt 1 failed with ENOTFOUND
358 http fetch GET https://registry.npmjs.org/@radix-ui%2freact-context attempt 2 failed with ENOTFOUND
359 http fetch GET https://registry.npmjs.org/@radix-ui%2freact-context attempt 3 failed with ENOTFOUND
360 silly fetch manifest @radix-ui/react-menu@2.1.6
361 silly packumentCache full:https://registry.npmjs.org/@radix-ui%2freact-menu cache-miss
362 http fetch GET https://registry.npmjs.org/@radix-ui%2freact-menu attempt 1 failed with ENOTFOUND
363 http fetch GET https://registry.npmjs.org/@radix-ui%2freact-menu attempt 2 failed with ENOTFOUND
364 http fetch GET https://registry.npmjs.org/@radix-ui%2freact-menu attempt 3 failed with ENOTFOUND
365 silly fetch manifest @radix-ui/react-primitive@2.0.2
366 silly packumentCache full:https://registry.npmjs.org/@radix-ui%2freact-primitive cache-miss
367 http fetch GET https://registry.npmjs.org/@radix-ui%2freact-primitive attempt 1 failed with ENOTFOUND
368 http fetch GET https://registry.npmjs.org/@radix-ui%2freact-primitive attempt 2 failed with ENOTFOUND
369 http fetch GET https://registry.npmjs.org/@radix-ui%2freact-primitive attempt 3 failed with ENOTFOUND
370 silly fetch manifest @radix-ui/react-use-callback-ref@1.1.0
371 silly packumentCache full:https://registry.npmjs.org/@radix-ui%2freact-use-callback-ref cache-miss
372 http fetch GET https://registry.npmjs.org/@radix-ui%2freact-use-callback-ref attempt 1 failed with ENOTFOUND
373 http fetch GET https://registry.npmjs.org/@radix-ui%2freact-use-callback-ref attempt 2 failed with ENOTFOUND
374 http fetch GET https://registry.npmjs.org/@radix-ui%2freact-use-callback-ref attempt 3 failed with ENOTFOUND
375 silly fetch manifest @radix-ui/react-use-controllable-state@1.1.0
376 silly packumentCache full:https://registry.npmjs.org/@radix-ui%2freact-use-controllable-state cache-miss
377 http fetch GET https://registry.npmjs.org/@radix-ui%2freact-use-controllable-state attempt 1 failed with ENOTFOUND
378 http fetch GET https://registry.npmjs.org/@radix-ui%2freact-use-controllable-state attempt 2 failed with ENOTFOUND
379 http fetch GET https://registry.npmjs.org/@radix-ui%2freact-use-controllable-state attempt 3 failed with ENOTFOUND
380 silly placeDep node_modules/@radix-ui/react-context-menu @radix-ui/react-context@ OK for: @radix-ui/react-context-menu@2.2.6 want: 1.1.1
381 silly placeDep node_modules/@radix-ui/react-context-menu @radix-ui/react-menu@ OK for: @radix-ui/react-context-menu@2.2.6 want: 2.1.6
382 silly placeDep node_modules/@radix-ui/react-context-menu @radix-ui/react-primitive@ OK for: @radix-ui/react-context-menu@2.2.6 want: 2.0.2
383 silly placeDep node_modules/@radix-ui/react-context-menu @radix-ui/react-use-callback-ref@ OK for: @radix-ui/react-context-menu@2.2.6 want: 1.1.0
384 silly placeDep node_modules/@radix-ui/react-context-menu @radix-ui/react-use-controllable-state@ OK for: @radix-ui/react-context-menu@2.2.6 want: 1.1.0
385 silly fetch manifest @radix-ui/react-compose-refs@1.1.1
386 silly packumentCache full:https://registry.npmjs.org/@radix-ui%2freact-compose-refs cache-miss
387 http fetch GET https://registry.npmjs.org/@radix-ui%2freact-compose-refs attempt 1 failed with ENOTFOUND
388 http fetch GET https://registry.npmjs.org/@radix-ui%2freact-compose-refs attempt 2 failed with ENOTFOUND
389 http fetch GET https://registry.npmjs.org/@radix-ui%2freact-compose-refs attempt 3 failed with ENOTFOUND
390 silly fetch manifest @radix-ui/react-context@1.1.1
391 silly packumentCache full:https://registry.npmjs.org/@radix-ui%2freact-context cache-miss
392 http fetch GET https://registry.npmjs.org/@radix-ui%2freact-context attempt 1 failed with ENOTFOUND
393 http fetch GET https://registry.npmjs.org/@radix-ui%2freact-context attempt 2 failed with ENOTFOUND
394 http fetch GET https://registry.npmjs.org/@radix-ui%2freact-context attempt 3 failed with ENOTFOUND
395 silly fetch manifest @radix-ui/react-id@1.1.0
396 silly packumentCache full:https://registry.npmjs.org/@radix-ui%2freact-id cache-miss
397 http fetch GET https://registry.npmjs.org/@radix-ui%2freact-id attempt 1 failed with ENOTFOUND
398 http fetch GET https://registry.npmjs.org/@radix-ui%2freact-id attempt 2 failed with ENOTFOUND
399 http fetch GET https://registry.npmjs.org/@radix-ui%2freact-id attempt 3 failed with ENOTFOUND
400 silly fetch manifest @radix-ui/react-menu@2.1.6
401 silly packumentCache full:https://registry.npmjs.org/@radix-ui%2freact-menu cache-miss
402 http fetch GET https://registry.npmjs.org/@radix-ui%2freact-menu attempt 1 failed with ENOTFOUND
403 http fetch GET https://registry.npmjs.org/@radix-ui%2freact-menu attempt 2 failed with ENOTFOUND
404 http fetch GET https://registry.npmjs.org/@radix-ui%2freact-menu attempt 3 failed with ENOTFOUND
405 silly fetch manifest @radix-ui/react-primitive@2.0.2
406 silly packumentCache full:https://registry.npmjs.org/@radix-ui%2freact-primitive cache-miss
407 http fetch GET https://registry.npmjs.org/@radix-ui%2freact-primitive attempt 1 failed with ENOTFOUND
408 http fetch GET https://registry.npmjs.org/@radix-ui%2freact-primitive attempt 2 failed with ENOTFOUND
409 http fetch GET https://registry.npmjs.org/@radix-ui%2freact-primitive attempt 3 failed with ENOTFOUND
410 silly fetch manifest @radix-ui/react-use-controllable-state@1.1.0
411 silly packumentCache full:https://registry.npmjs.org/@radix-ui%2freact-use-controllable-state cache-miss
412 http fetch GET https://registry.npmjs.org/@radix-ui%2freact-use-controllable-state attempt 1 failed with ENOTFOUND
413 http fetch GET https://registry.npmjs.org/@radix-ui%2freact-use-controllable-state attempt 2 failed with ENOTFOUND
414 http fetch GET https://registry.npmjs.org/@radix-ui%2freact-use-controllable-state attempt 3 failed with ENOTFOUND
415 silly placeDep node_modules/@radix-ui/react-dropdown-menu @radix-ui/react-compose-refs@ OK for: @radix-ui/react-dropdown-menu@2.1.6 want: 1.1.1
416 silly placeDep node_modules/@radix-ui/react-dropdown-menu @radix-ui/react-context@ OK for: @radix-ui/react-dropdown-menu@2.1.6 want: 1.1.1
417 silly placeDep node_modules/@radix-ui/react-dropdown-menu @radix-ui/react-id@ OK for: @radix-ui/react-dropdown-menu@2.1.6 want: 1.1.0
418 silly placeDep node_modules/@radix-ui/react-dropdown-menu @radix-ui/react-menu@ OK for: @radix-ui/react-dropdown-menu@2.1.6 want: 2.1.6
419 silly placeDep node_modules/@radix-ui/react-dropdown-menu @radix-ui/react-primitive@ OK for: @radix-ui/react-dropdown-menu@2.1.6 want: 2.0.2
420 silly placeDep node_modules/@radix-ui/react-dropdown-menu @radix-ui/react-use-controllable-state@ OK for: @radix-ui/react-dropdown-menu@2.1.6 want: 1.1.0
421 silly fetch manifest @radix-ui/react-compose-refs@1.1.1
422 silly packumentCache full:https://registry.npmjs.org/@radix-ui%2freact-compose-refs cache-miss
423 http fetch GET https://registry.npmjs.org/@radix-ui%2freact-compose-refs attempt 1 failed with ENOTFOUND
424 http fetch GET https://registry.npmjs.org/@radix-ui%2freact-compose-refs attempt 2 failed with ENOTFOUND
425 http fetch GET https://registry.npmjs.org/@radix-ui%2freact-compose-refs attempt 3 failed with ENOTFOUND
426 silly fetch manifest @radix-ui/react-context@1.1.1
427 silly packumentCache full:https://registry.npmjs.org/@radix-ui%2freact-context cache-miss
428 http fetch GET https://registry.npmjs.org/@radix-ui%2freact-context attempt 1 failed with ENOTFOUND
429 http fetch GET https://registry.npmjs.org/@radix-ui%2freact-context attempt 2 failed with ENOTFOUND
430 http fetch GET https://registry.npmjs.org/@radix-ui%2freact-context attempt 3 failed with ENOTFOUND
431 silly fetch manifest @radix-ui/react-dismissable-layer@1.1.5
432 silly packumentCache full:https://registry.npmjs.org/@radix-ui%2freact-dismissable-layer cache-miss
433 http fetch GET https://registry.npmjs.org/@radix-ui%2freact-dismissable-layer attempt 1 failed with ENOTFOUND
434 http fetch GET https://registry.npmjs.org/@radix-ui%2freact-dismissable-layer attempt 2 failed with ENOTFOUND
435 http fetch GET https://registry.npmjs.org/@radix-ui%2freact-dismissable-layer attempt 3 failed with ENOTFOUND
436 silly fetch manifest @radix-ui/react-popper@1.2.2
437 silly packumentCache full:https://registry.npmjs.org/@radix-ui%2freact-popper cache-miss
438 http fetch GET https://registry.npmjs.org/@radix-ui%2freact-popper attempt 1 failed with ENOTFOUND
439 http fetch GET https://registry.npmjs.org/@radix-ui%2freact-popper attempt 2 failed with ENOTFOUND
440 http fetch GET https://registry.npmjs.org/@radix-ui%2freact-popper attempt 3 failed with ENOTFOUND
441 silly fetch manifest @radix-ui/react-portal@1.1.4
442 silly packumentCache full:https://registry.npmjs.org/@radix-ui%2freact-portal cache-miss
443 http fetch GET https://registry.npmjs.org/@radix-ui%2freact-portal attempt 1 failed with ENOTFOUND
444 http fetch GET https://registry.npmjs.org/@radix-ui%2freact-portal attempt 2 failed with ENOTFOUND
445 http fetch GET https://registry.npmjs.org/@radix-ui%2freact-portal attempt 3 failed with ENOTFOUND
446 silly fetch manifest @radix-ui/react-presence@1.1.2
447 silly packumentCache full:https://registry.npmjs.org/@radix-ui%2freact-presence cache-miss
448 http fetch GET https://registry.npmjs.org/@radix-ui%2freact-presence attempt 1 failed with ENOTFOUND
449 http fetch GET https://registry.npmjs.org/@radix-ui%2freact-presence attempt 2 failed with ENOTFOUND
450 http fetch GET https://registry.npmjs.org/@radix-ui%2freact-presence attempt 3 failed with ENOTFOUND
451 silly fetch manifest @radix-ui/react-primitive@2.0.2
452 silly packumentCache full:https://registry.npmjs.org/@radix-ui%2freact-primitive cache-miss
453 http fetch GET https://registry.npmjs.org/@radix-ui%2freact-primitive attempt 1 failed with ENOTFOUND
454 http fetch GET https://registry.npmjs.org/@radix-ui%2freact-primitive attempt 2 failed with ENOTFOUND
455 http fetch GET https://registry.npmjs.org/@radix-ui%2freact-primitive attempt 3 failed with ENOTFOUND
456 silly fetch manifest @radix-ui/react-use-controllable-state@1.1.0
457 silly packumentCache full:https://registry.npmjs.org/@radix-ui%2freact-use-controllable-state cache-miss
458 http fetch GET https://registry.npmjs.org/@radix-ui%2freact-use-controllable-state attempt 1 failed with ENOTFOUND
459 http fetch GET https://registry.npmjs.org/@radix-ui%2freact-use-controllable-state attempt 2 failed with ENOTFOUND
460 http fetch GET https://registry.npmjs.org/@radix-ui%2freact-use-controllable-state attempt 3 failed with ENOTFOUND
461 silly placeDep node_modules/@radix-ui/react-hover-card @radix-ui/react-compose-refs@ OK for: @radix-ui/react-hover-card@1.1.6 want: 1.1.1
462 silly placeDep node_modules/@radix-ui/react-hover-card @radix-ui/react-context@ OK for: @radix-ui/react-hover-card@1.1.6 want: 1.1.1
463 silly placeDep node_modules/@radix-ui/react-hover-card @radix-ui/react-dismissable-layer@ OK for: @radix-ui/react-hover-card@1.1.6 want: 1.1.5
464 silly placeDep node_modules/@radix-ui/react-hover-card @radix-ui/react-popper@ OK for: @radix-ui/react-hover-card@1.1.6 want: 1.2.2
465 silly placeDep node_modules/@radix-ui/react-hover-card @radix-ui/react-portal@ OK for: @radix-ui/react-hover-card@1.1.6 want: 1.1.4
466 silly placeDep node_modules/@radix-ui/react-hover-card @radix-ui/react-presence@ OK for: @radix-ui/react-hover-card@1.1.6 want: 1.1.2
467 silly placeDep node_modules/@radix-ui/react-hover-card @radix-ui/react-primitive@ OK for: @radix-ui/react-hover-card@1.1.6 want: 2.0.2
468 silly placeDep node_modules/@radix-ui/react-hover-card @radix-ui/react-use-controllable-state@ OK for: @radix-ui/react-hover-card@1.1.6 want: 1.1.0
469 silly fetch manifest @radix-ui/react-primitive@2.0.2
470 silly packumentCache full:https://registry.npmjs.org/@radix-ui%2freact-primitive cache-miss
471 http fetch GET https://registry.npmjs.org/@radix-ui%2freact-primitive attempt 1 failed with ENOTFOUND
472 http fetch GET https://registry.npmjs.org/@radix-ui%2freact-primitive attempt 2 failed with ENOTFOUND
473 http fetch GET https://registry.npmjs.org/@radix-ui%2freact-primitive attempt 3 failed with ENOTFOUND
474 silly placeDep node_modules/@radix-ui/react-label @radix-ui/react-primitive@ OK for: @radix-ui/react-label@2.1.2 want: 2.0.2
475 silly fetch manifest @radix-ui/react-collection@1.1.2
476 silly packumentCache full:https://registry.npmjs.org/@radix-ui%2freact-collection cache-miss
477 http fetch GET https://registry.npmjs.org/@radix-ui%2freact-collection attempt 1 failed with ENOTFOUND
478 http fetch GET https://registry.npmjs.org/@radix-ui%2freact-collection attempt 2 failed with ENOTFOUND
479 http fetch GET https://registry.npmjs.org/@radix-ui%2freact-collection attempt 3 failed with ENOTFOUND
480 silly fetch manifest @radix-ui/react-compose-refs@1.1.1
481 silly packumentCache full:https://registry.npmjs.org/@radix-ui%2freact-compose-refs cache-miss
482 http fetch GET https://registry.npmjs.org/@radix-ui%2freact-compose-refs attempt 1 failed with ENOTFOUND
483 http fetch GET https://registry.npmjs.org/@radix-ui%2freact-compose-refs attempt 2 failed with ENOTFOUND
484 http fetch GET https://registry.npmjs.org/@radix-ui%2freact-compose-refs attempt 3 failed with ENOTFOUND
485 silly fetch manifest @radix-ui/react-context@1.1.1
486 silly packumentCache full:https://registry.npmjs.org/@radix-ui%2freact-context cache-miss
487 http fetch GET https://registry.npmjs.org/@radix-ui%2freact-context attempt 1 failed with ENOTFOUND
488 http fetch GET https://registry.npmjs.org/@radix-ui%2freact-context attempt 2 failed with ENOTFOUND
489 http fetch GET https://registry.npmjs.org/@radix-ui%2freact-context attempt 3 failed with ENOTFOUND
490 silly fetch manifest @radix-ui/react-direction@1.1.0
491 silly packumentCache full:https://registry.npmjs.org/@radix-ui%2freact-direction cache-miss
492 http fetch GET https://registry.npmjs.org/@radix-ui%2freact-direction attempt 1 failed with ENOTFOUND
493 http fetch GET https://registry.npmjs.org/@radix-ui%2freact-direction attempt 2 failed with ENOTFOUND
494 http fetch GET https://registry.npmjs.org/@radix-ui%2freact-direction attempt 3 failed with ENOTFOUND
495 silly fetch manifest @radix-ui/react-id@1.1.0
496 silly packumentCache full:https://registry.npmjs.org/@radix-ui%2freact-id cache-miss
497 http fetch GET https://registry.npmjs.org/@radix-ui%2freact-id attempt 1 failed with ENOTFOUND
498 http fetch GET https://registry.npmjs.org/@radix-ui%2freact-id attempt 2 failed with ENOTFOUND
499 http fetch GET https://registry.npmjs.org/@radix-ui%2freact-id attempt 3 failed with ENOTFOUND
500 silly fetch manifest @radix-ui/react-menu@2.1.6
501 silly packumentCache full:https://registry.npmjs.org/@radix-ui%2freact-menu cache-miss
502 http fetch GET https://registry.npmjs.org/@radix-ui%2freact-menu attempt 1 failed with ENOTFOUND
503 http fetch GET https://registry.npmjs.org/@radix-ui%2freact-menu attempt 2 failed with ENOTFOUND
504 http fetch GET https://registry.npmjs.org/@radix-ui%2freact-menu attempt 3 failed with ENOTFOUND
505 silly fetch manifest @radix-ui/react-primitive@2.0.2
506 silly packumentCache full:https://registry.npmjs.org/@radix-ui%2freact-primitive cache-miss
507 http fetch GET https://registry.npmjs.org/@radix-ui%2freact-primitive attempt 1 failed with ENOTFOUND
508 http fetch GET https://registry.npmjs.org/@radix-ui%2freact-primitive attempt 2 failed with ENOTFOUND
509 http fetch GET https://registry.npmjs.org/@radix-ui%2freact-primitive attempt 3 failed with ENOTFOUND
510 silly fetch manifest @radix-ui/react-roving-focus@1.1.2
511 silly packumentCache full:https://registry.npmjs.org/@radix-ui%2freact-roving-focus cache-miss
512 http fetch GET https://registry.npmjs.org/@radix-ui%2freact-roving-focus attempt 1 failed with ENOTFOUND
513 http fetch GET https://registry.npmjs.org/@radix-ui%2freact-roving-focus attempt 2 failed with ENOTFOUND
514 http fetch GET https://registry.npmjs.org/@radix-ui%2freact-roving-focus attempt 3 failed with ENOTFOUND
515 silly fetch manifest @radix-ui/react-use-controllable-state@1.1.0
516 silly packumentCache full:https://registry.npmjs.org/@radix-ui%2freact-use-controllable-state cache-miss
517 http fetch GET https://registry.npmjs.org/@radix-ui%2freact-use-controllable-state attempt 1 failed with ENOTFOUND
518 http fetch GET https://registry.npmjs.org/@radix-ui%2freact-use-controllable-state attempt 2 failed with ENOTFOUND
519 http fetch GET https://registry.npmjs.org/@radix-ui%2freact-use-controllable-state attempt 3 failed with ENOTFOUND
520 silly placeDep node_modules/@radix-ui/react-menubar @radix-ui/react-collection@ OK for: @radix-ui/react-menubar@1.1.6 want: 1.1.2
521 silly placeDep node_modules/@radix-ui/react-menubar @radix-ui/react-compose-refs@ OK for: @radix-ui/react-menubar@1.1.6 want: 1.1.1
522 silly placeDep node_modules/@radix-ui/react-menubar @radix-ui/react-context@ OK for: @radix-ui/react-menubar@1.1.6 want: 1.1.1
523 silly placeDep node_modules/@radix-ui/react-menubar @radix-ui/react-direction@ OK for: @radix-ui/react-menubar@1.1.6 want: 1.1.0
524 silly placeDep node_modules/@radix-ui/react-menubar @radix-ui/react-id@ OK for: @radix-ui/react-menubar@1.1.6 want: 1.1.0
525 silly placeDep node_modules/@radix-ui/react-menubar @radix-ui/react-menu@ OK for: @radix-ui/react-menubar@1.1.6 want: 2.1.6
526 silly placeDep node_modules/@radix-ui/react-menubar @radix-ui/react-primitive@ OK for: @radix-ui/react-menubar@1.1.6 want: 2.0.2
527 silly placeDep node_modules/@radix-ui/react-menubar @radix-ui/react-roving-focus@ OK for: @radix-ui/react-menubar@1.1.6 want: 1.1.2
528 silly placeDep node_modules/@radix-ui/react-menubar @radix-ui/react-use-controllable-state@ OK for: @radix-ui/react-menubar@1.1.6 want: 1.1.0
529 silly fetch manifest @radix-ui/react-collection@1.1.2
530 silly packumentCache full:https://registry.npmjs.org/@radix-ui%2freact-collection cache-miss
531 http fetch GET https://registry.npmjs.org/@radix-ui%2freact-collection attempt 1 failed with ENOTFOUND
532 http fetch GET https://registry.npmjs.org/@radix-ui%2freact-collection attempt 2 failed with ENOTFOUND
533 http fetch GET https://registry.npmjs.org/@radix-ui%2freact-collection attempt 3 failed with ENOTFOUND
534 silly fetch manifest @radix-ui/react-compose-refs@1.1.1
535 silly packumentCache full:https://registry.npmjs.org/@radix-ui%2freact-compose-refs cache-miss
536 http fetch GET https://registry.npmjs.org/@radix-ui%2freact-compose-refs attempt 1 failed with ENOTFOUND
537 http fetch GET https://registry.npmjs.org/@radix-ui%2freact-compose-refs attempt 2 failed with ENOTFOUND
538 http fetch GET https://registry.npmjs.org/@radix-ui%2freact-compose-refs attempt 3 failed with ENOTFOUND
539 silly fetch manifest @radix-ui/react-context@1.1.1
540 silly packumentCache full:https://registry.npmjs.org/@radix-ui%2freact-context cache-miss
541 http fetch GET https://registry.npmjs.org/@radix-ui%2freact-context attempt 1 failed with ENOTFOUND
542 http fetch GET https://registry.npmjs.org/@radix-ui%2freact-context attempt 2 failed with ENOTFOUND
543 http fetch GET https://registry.npmjs.org/@radix-ui%2freact-context attempt 3 failed with ENOTFOUND
544 silly fetch manifest @radix-ui/react-direction@1.1.0
545 silly packumentCache full:https://registry.npmjs.org/@radix-ui%2freact-direction cache-miss
546 http fetch GET https://registry.npmjs.org/@radix-ui%2freact-direction attempt 1 failed with ENOTFOUND
547 http fetch GET https://registry.npmjs.org/@radix-ui%2freact-direction attempt 2 failed with ENOTFOUND
548 http fetch GET https://registry.npmjs.org/@radix-ui%2freact-direction attempt 3 failed with ENOTFOUND
549 silly fetch manifest @radix-ui/react-dismissable-layer@1.1.5
550 silly packumentCache full:https://registry.npmjs.org/@radix-ui%2freact-dismissable-layer cache-miss
551 http fetch GET https://registry.npmjs.org/@radix-ui%2freact-dismissable-layer attempt 1 failed with ENOTFOUND
552 http fetch GET https://registry.npmjs.org/@radix-ui%2freact-dismissable-layer attempt 2 failed with ENOTFOUND
553 http fetch GET https://registry.npmjs.org/@radix-ui%2freact-dismissable-layer attempt 3 failed with ENOTFOUND
554 silly fetch manifest @radix-ui/react-id@1.1.0
555 silly packumentCache full:https://registry.npmjs.org/@radix-ui%2freact-id cache-miss
556 http fetch GET https://registry.npmjs.org/@radix-ui%2freact-id attempt 1 failed with ENOTFOUND
557 http fetch GET https://registry.npmjs.org/@radix-ui%2freact-id attempt 2 failed with ENOTFOUND
558 http fetch GET https://registry.npmjs.org/@radix-ui%2freact-id attempt 3 failed with ENOTFOUND
559 silly fetch manifest @radix-ui/react-presence@1.1.2
560 silly packumentCache full:https://registry.npmjs.org/@radix-ui%2freact-presence cache-miss
561 http fetch GET https://registry.npmjs.org/@radix-ui%2freact-presence attempt 1 failed with ENOTFOUND
562 http fetch GET https://registry.npmjs.org/@radix-ui%2freact-presence attempt 2 failed with ENOTFOUND
563 http fetch GET https://registry.npmjs.org/@radix-ui%2freact-presence attempt 3 failed with ENOTFOUND
564 silly fetch manifest @radix-ui/react-primitive@2.0.2
565 silly packumentCache full:https://registry.npmjs.org/@radix-ui%2freact-primitive cache-miss
566 http fetch GET https://registry.npmjs.org/@radix-ui%2freact-primitive attempt 1 failed with ENOTFOUND
567 http fetch GET https://registry.npmjs.org/@radix-ui%2freact-primitive attempt 2 failed with ENOTFOUND
568 http fetch GET https://registry.npmjs.org/@radix-ui%2freact-primitive attempt 3 failed with ENOTFOUND
569 silly fetch manifest @radix-ui/react-use-callback-ref@1.1.0
570 silly packumentCache full:https://registry.npmjs.org/@radix-ui%2freact-use-callback-ref cache-miss
571 http fetch GET https://registry.npmjs.org/@radix-ui%2freact-use-callback-ref attempt 1 failed with ENOTFOUND
572 http fetch GET https://registry.npmjs.org/@radix-ui%2freact-use-callback-ref attempt 2 failed with ENOTFOUND
573 http fetch GET https://registry.npmjs.org/@radix-ui%2freact-use-callback-ref attempt 3 failed with ENOTFOUND
574 silly fetch manifest @radix-ui/react-use-controllable-state@1.1.0
575 silly packumentCache full:https://registry.npmjs.org/@radix-ui%2freact-use-controllable-state cache-miss
576 http fetch GET https://registry.npmjs.org/@radix-ui%2freact-use-controllable-state attempt 1 failed with ENOTFOUND
577 http fetch GET https://registry.npmjs.org/@radix-ui%2freact-use-controllable-state attempt 2 failed with ENOTFOUND
578 http fetch GET https://registry.npmjs.org/@radix-ui%2freact-use-controllable-state attempt 3 failed with ENOTFOUND
579 silly fetch manifest @radix-ui/react-use-layout-effect@1.1.0
580 silly packumentCache full:https://registry.npmjs.org/@radix-ui%2freact-use-layout-effect cache-miss
581 http fetch GET https://registry.npmjs.org/@radix-ui%2freact-use-layout-effect attempt 1 failed with ENOTFOUND
582 http fetch GET https://registry.npmjs.org/@radix-ui%2freact-use-layout-effect attempt 2 failed with ENOTFOUND
583 http fetch GET https://registry.npmjs.org/@radix-ui%2freact-use-layout-effect attempt 3 failed with ENOTFOUND
584 silly fetch manifest @radix-ui/react-use-previous@1.1.0
585 silly packumentCache full:https://registry.npmjs.org/@radix-ui%2freact-use-previous cache-miss
586 http fetch GET https://registry.npmjs.org/@radix-ui%2freact-use-previous attempt 1 failed with ENOTFOUND
587 http fetch GET https://registry.npmjs.org/@radix-ui%2freact-use-previous attempt 2 failed with ENOTFOUND
588 http fetch GET https://registry.npmjs.org/@radix-ui%2freact-use-previous attempt 3 failed with ENOTFOUND
589 silly fetch manifest @radix-ui/react-visually-hidden@1.1.2
590 silly packumentCache full:https://registry.npmjs.org/@radix-ui%2freact-visually-hidden cache-miss
591 http fetch GET https://registry.npmjs.org/@radix-ui%2freact-visually-hidden attempt 1 failed with ENOTFOUND
592 http fetch GET https://registry.npmjs.org/@radix-ui%2freact-visually-hidden attempt 2 failed with ENOTFOUND
593 http fetch GET https://registry.npmjs.org/@radix-ui%2freact-visually-hidden attempt 3 failed with ENOTFOUND
594 silly placeDep node_modules/@radix-ui/react-navigation-menu @radix-ui/react-collection@ OK for: @radix-ui/react-navigation-menu@1.2.5 want: 1.1.2
595 silly placeDep node_modules/@radix-ui/react-navigation-menu @radix-ui/react-compose-refs@ OK for: @radix-ui/react-navigation-menu@1.2.5 want: 1.1.1
596 silly placeDep node_modules/@radix-ui/react-navigation-menu @radix-ui/react-context@ OK for: @radix-ui/react-navigation-menu@1.2.5 want: 1.1.1
597 silly placeDep node_modules/@radix-ui/react-navigation-menu @radix-ui/react-direction@ OK for: @radix-ui/react-navigation-menu@1.2.5 want: 1.1.0
598 silly placeDep node_modules/@radix-ui/react-navigation-menu @radix-ui/react-dismissable-layer@ OK for: @radix-ui/react-navigation-menu@1.2.5 want: 1.1.5
599 silly placeDep node_modules/@radix-ui/react-navigation-menu @radix-ui/react-id@ OK for: @radix-ui/react-navigation-menu@1.2.5 want: 1.1.0
600 silly placeDep node_modules/@radix-ui/react-navigation-menu @radix-ui/react-presence@ OK for: @radix-ui/react-navigation-menu@1.2.5 want: 1.1.2
601 silly placeDep node_modules/@radix-ui/react-navigation-menu @radix-ui/react-primitive@ OK for: @radix-ui/react-navigation-menu@1.2.5 want: 2.0.2
602 silly placeDep node_modules/@radix-ui/react-navigation-menu @radix-ui/react-use-callback-ref@ OK for: @radix-ui/react-navigation-menu@1.2.5 want: 1.1.0
603 silly placeDep node_modules/@radix-ui/react-navigation-menu @radix-ui/react-use-controllable-state@ OK for: @radix-ui/react-navigation-menu@1.2.5 want: 1.1.0
604 silly placeDep node_modules/@radix-ui/react-navigation-menu @radix-ui/react-use-layout-effect@ OK for: @radix-ui/react-navigation-menu@1.2.5 want: 1.1.0
605 silly placeDep node_modules/@radix-ui/react-navigation-menu @radix-ui/react-use-previous@ OK for: @radix-ui/react-navigation-menu@1.2.5 want: 1.1.0
606 silly placeDep node_modules/@radix-ui/react-navigation-menu @radix-ui/react-visually-hidden@ OK for: @radix-ui/react-navigation-menu@1.2.5 want: 1.1.2
607 silly fetch manifest @radix-ui/react-compose-refs@1.1.1
608 silly packumentCache full:https://registry.npmjs.org/@radix-ui%2freact-compose-refs cache-miss
609 http fetch GET https://registry.npmjs.org/@radix-ui%2freact-compose-refs attempt 1 failed with ENOTFOUND
610 http fetch GET https://registry.npmjs.org/@radix-ui%2freact-compose-refs attempt 2 failed with ENOTFOUND
611 http fetch GET https://registry.npmjs.org/@radix-ui%2freact-compose-refs attempt 3 failed with ENOTFOUND
612 silly fetch manifest @radix-ui/react-context@1.1.1
613 silly packumentCache full:https://registry.npmjs.org/@radix-ui%2freact-context cache-miss
614 http fetch GET https://registry.npmjs.org/@radix-ui%2freact-context attempt 1 failed with ENOTFOUND
615 http fetch GET https://registry.npmjs.org/@radix-ui%2freact-context attempt 2 failed with ENOTFOUND
616 http fetch GET https://registry.npmjs.org/@radix-ui%2freact-context attempt 3 failed with ENOTFOUND
617 silly fetch manifest @radix-ui/react-dismissable-layer@1.1.5
618 silly packumentCache full:https://registry.npmjs.org/@radix-ui%2freact-dismissable-layer cache-miss
619 http fetch GET https://registry.npmjs.org/@radix-ui%2freact-dismissable-layer attempt 1 failed with ENOTFOUND
620 http fetch GET https://registry.npmjs.org/@radix-ui%2freact-dismissable-layer attempt 2 failed with ENOTFOUND
621 http fetch GET https://registry.npmjs.org/@radix-ui%2freact-dismissable-layer attempt 3 failed with ENOTFOUND
622 silly fetch manifest @radix-ui/react-focus-guards@1.1.1
623 silly packumentCache full:https://registry.npmjs.org/@radix-ui%2freact-focus-guards cache-miss
624 http fetch GET https://registry.npmjs.org/@radix-ui%2freact-focus-guards attempt 1 failed with ENOTFOUND
625 http fetch GET https://registry.npmjs.org/@radix-ui%2freact-focus-guards attempt 2 failed with ENOTFOUND
626 http fetch GET https://registry.npmjs.org/@radix-ui%2freact-focus-guards attempt 3 failed with ENOTFOUND
627 silly fetch manifest @radix-ui/react-focus-scope@1.1.2
628 silly packumentCache full:https://registry.npmjs.org/@radix-ui%2freact-focus-scope cache-miss
629 http fetch GET https://registry.npmjs.org/@radix-ui%2freact-focus-scope attempt 1 failed with ENOTFOUND
630 http fetch GET https://registry.npmjs.org/@radix-ui%2freact-focus-scope attempt 2 failed with ENOTFOUND
631 http fetch GET https://registry.npmjs.org/@radix-ui%2freact-focus-scope attempt 3 failed with ENOTFOUND
632 silly fetch manifest @radix-ui/react-id@1.1.0
633 silly packumentCache full:https://registry.npmjs.org/@radix-ui%2freact-id cache-miss
634 http fetch GET https://registry.npmjs.org/@radix-ui%2freact-id attempt 1 failed with ENOTFOUND
635 http fetch GET https://registry.npmjs.org/@radix-ui%2freact-id attempt 2 failed with ENOTFOUND
636 http fetch GET https://registry.npmjs.org/@radix-ui%2freact-id attempt 3 failed with ENOTFOUND
637 silly fetch manifest @radix-ui/react-popper@1.2.2
638 silly packumentCache full:https://registry.npmjs.org/@radix-ui%2freact-popper cache-miss
639 http fetch GET https://registry.npmjs.org/@radix-ui%2freact-popper attempt 1 failed with ENOTFOUND
640 http fetch GET https://registry.npmjs.org/@radix-ui%2freact-popper attempt 2 failed with ENOTFOUND
641 http fetch GET https://registry.npmjs.org/@radix-ui%2freact-popper attempt 3 failed with ENOTFOUND
642 silly fetch manifest @radix-ui/react-portal@1.1.4
643 silly packumentCache full:https://registry.npmjs.org/@radix-ui%2freact-portal cache-miss
644 http fetch GET https://registry.npmjs.org/@radix-ui%2freact-portal attempt 1 failed with ENOTFOUND
645 http fetch GET https://registry.npmjs.org/@radix-ui%2freact-portal attempt 2 failed with ENOTFOUND
646 http fetch GET https://registry.npmjs.org/@radix-ui%2freact-portal attempt 3 failed with ENOTFOUND
647 silly fetch manifest @radix-ui/react-presence@1.1.2
648 silly packumentCache full:https://registry.npmjs.org/@radix-ui%2freact-presence cache-miss
649 http fetch GET https://registry.npmjs.org/@radix-ui%2freact-presence attempt 1 failed with ENOTFOUND
650 http fetch GET https://registry.npmjs.org/@radix-ui%2freact-presence attempt 2 failed with ENOTFOUND
651 http fetch GET https://registry.npmjs.org/@radix-ui%2freact-presence attempt 3 failed with ENOTFOUND
652 silly fetch manifest @radix-ui/react-primitive@2.0.2
653 silly packumentCache full:https://registry.npmjs.org/@radix-ui%2freact-primitive cache-miss
654 http fetch GET https://registry.npmjs.org/@radix-ui%2freact-primitive attempt 1 failed with ENOTFOUND
655 http fetch GET https://registry.npmjs.org/@radix-ui%2freact-primitive attempt 2 failed with ENOTFOUND
656 http fetch GET https://registry.npmjs.org/@radix-ui%2freact-primitive attempt 3 failed with ENOTFOUND
657 silly fetch manifest @radix-ui/react-use-controllable-state@1.1.0
658 silly packumentCache full:https://registry.npmjs.org/@radix-ui%2freact-use-controllable-state cache-miss
659 http fetch GET https://registry.npmjs.org/@radix-ui%2freact-use-controllable-state attempt 1 failed with ENOTFOUND
660 http fetch GET https://registry.npmjs.org/@radix-ui%2freact-use-controllable-state attempt 2 failed with ENOTFOUND
661 http fetch GET https://registry.npmjs.org/@radix-ui%2freact-use-controllable-state attempt 3 failed with ENOTFOUND
662 silly fetch manifest react-remove-scroll@^2.6.3
663 silly packumentCache full:https://registry.npmjs.org/react-remove-scroll cache-miss
664 http fetch GET https://registry.npmjs.org/react-remove-scroll attempt 1 failed with ENOTFOUND
665 http fetch GET https://registry.npmjs.org/react-remove-scroll attempt 2 failed with ENOTFOUND
666 http fetch GET https://registry.npmjs.org/react-remove-scroll attempt 3 failed with ENOTFOUND
667 silly placeDep node_modules/@radix-ui/react-popover @radix-ui/react-compose-refs@ OK for: @radix-ui/react-popover@1.1.6 want: 1.1.1
668 silly placeDep node_modules/@radix-ui/react-popover @radix-ui/react-context@ OK for: @radix-ui/react-popover@1.1.6 want: 1.1.1
669 silly placeDep node_modules/@radix-ui/react-popover @radix-ui/react-dismissable-layer@ OK for: @radix-ui/react-popover@1.1.6 want: 1.1.5
670 silly placeDep node_modules/@radix-ui/react-popover @radix-ui/react-focus-guards@ OK for: @radix-ui/react-popover@1.1.6 want: 1.1.1
671 silly placeDep node_modules/@radix-ui/react-popover @radix-ui/react-focus-scope@ OK for: @radix-ui/react-popover@1.1.6 want: 1.1.2
672 silly placeDep node_modules/@radix-ui/react-popover @radix-ui/react-id@ OK for: @radix-ui/react-popover@1.1.6 want: 1.1.0
673 silly placeDep node_modules/@radix-ui/react-popover @radix-ui/react-popper@ OK for: @radix-ui/react-popover@1.1.6 want: 1.2.2
674 silly placeDep node_modules/@radix-ui/react-popover @radix-ui/react-portal@ OK for: @radix-ui/react-popover@1.1.6 want: 1.1.4
675 silly placeDep node_modules/@radix-ui/react-popover @radix-ui/react-presence@ OK for: @radix-ui/react-popover@1.1.6 want: 1.1.2
676 silly placeDep node_modules/@radix-ui/react-popover @radix-ui/react-primitive@ OK for: @radix-ui/react-popover@1.1.6 want: 2.0.2
677 silly placeDep node_modules/@radix-ui/react-popover @radix-ui/react-use-controllable-state@ OK for: @radix-ui/react-popover@1.1.6 want: 1.1.0
678 silly placeDep node_modules/@radix-ui/react-popover react-remove-scroll@ OK for: @radix-ui/react-popover@1.1.6 want: ^2.6.3
679 silly fetch manifest @radix-ui/react-context@1.1.1
680 silly packumentCache full:https://registry.npmjs.org/@radix-ui%2freact-context cache-miss
681 http fetch GET https://registry.npmjs.org/@radix-ui%2freact-context attempt 1 failed with ENOTFOUND
682 http fetch GET https://registry.npmjs.org/@radix-ui%2freact-context attempt 2 failed with ENOTFOUND
683 http fetch GET https://registry.npmjs.org/@radix-ui%2freact-context attempt 3 failed with ENOTFOUND
684 silly fetch manifest @radix-ui/react-primitive@2.0.2
685 silly packumentCache full:https://registry.npmjs.org/@radix-ui%2freact-primitive cache-miss
686 http fetch GET https://registry.npmjs.org/@radix-ui%2freact-primitive attempt 1 failed with ENOTFOUND
687 http fetch GET https://registry.npmjs.org/@radix-ui%2freact-primitive attempt 2 failed with ENOTFOUND
688 http fetch GET https://registry.npmjs.org/@radix-ui%2freact-primitive attempt 3 failed with ENOTFOUND
689 silly placeDep node_modules/@radix-ui/react-progress @radix-ui/react-context@ OK for: @radix-ui/react-progress@1.1.2 want: 1.1.1
690 silly placeDep node_modules/@radix-ui/react-progress @radix-ui/react-primitive@ OK for: @radix-ui/react-progress@1.1.2 want: 2.0.2
691 silly fetch manifest @radix-ui/react-compose-refs@1.1.1
692 silly packumentCache full:https://registry.npmjs.org/@radix-ui%2freact-compose-refs cache-miss
693 http fetch GET https://registry.npmjs.org/@radix-ui%2freact-compose-refs attempt 1 failed with ENOTFOUND
694 http fetch GET https://registry.npmjs.org/@radix-ui%2freact-compose-refs attempt 2 failed with ENOTFOUND
695 http fetch GET https://registry.npmjs.org/@radix-ui%2freact-compose-refs attempt 3 failed with ENOTFOUND
696 silly fetch manifest @radix-ui/react-context@1.1.1
697 silly packumentCache full:https://registry.npmjs.org/@radix-ui%2freact-context cache-miss
698 http fetch GET https://registry.npmjs.org/@radix-ui%2freact-context attempt 1 failed with ENOTFOUND
699 http fetch GET https://registry.npmjs.org/@radix-ui%2freact-context attempt 2 failed with ENOTFOUND
700 http fetch GET https://registry.npmjs.org/@radix-ui%2freact-context attempt 3 failed with ENOTFOUND
701 silly fetch manifest @radix-ui/react-direction@1.1.0
702 silly packumentCache full:https://registry.npmjs.org/@radix-ui%2freact-direction cache-miss
703 http fetch GET https://registry.npmjs.org/@radix-ui%2freact-direction attempt 1 failed with ENOTFOUND
704 http fetch GET https://registry.npmjs.org/@radix-ui%2freact-direction attempt 2 failed with ENOTFOUND
705 http fetch GET https://registry.npmjs.org/@radix-ui%2freact-direction attempt 3 failed with ENOTFOUND
706 silly fetch manifest @radix-ui/react-presence@1.1.2
707 silly packumentCache full:https://registry.npmjs.org/@radix-ui%2freact-presence cache-miss
708 http fetch GET https://registry.npmjs.org/@radix-ui%2freact-presence attempt 1 failed with ENOTFOUND
709 http fetch GET https://registry.npmjs.org/@radix-ui%2freact-presence attempt 2 failed with ENOTFOUND
710 http fetch GET https://registry.npmjs.org/@radix-ui%2freact-presence attempt 3 failed with ENOTFOUND
711 silly fetch manifest @radix-ui/react-primitive@2.0.2
712 silly packumentCache full:https://registry.npmjs.org/@radix-ui%2freact-primitive cache-miss
713 http fetch GET https://registry.npmjs.org/@radix-ui%2freact-primitive attempt 1 failed with ENOTFOUND
714 http fetch GET https://registry.npmjs.org/@radix-ui%2freact-primitive attempt 2 failed with ENOTFOUND
715 http fetch GET https://registry.npmjs.org/@radix-ui%2freact-primitive attempt 3 failed with ENOTFOUND
716 silly fetch manifest @radix-ui/react-roving-focus@1.1.2
717 silly packumentCache full:https://registry.npmjs.org/@radix-ui%2freact-roving-focus cache-miss
718 http fetch GET https://registry.npmjs.org/@radix-ui%2freact-roving-focus attempt 1 failed with ENOTFOUND
719 http fetch GET https://registry.npmjs.org/@radix-ui%2freact-roving-focus attempt 2 failed with ENOTFOUND
720 http fetch GET https://registry.npmjs.org/@radix-ui%2freact-roving-focus attempt 3 failed with ENOTFOUND
721 silly fetch manifest @radix-ui/react-use-controllable-state@1.1.0
722 silly packumentCache full:https://registry.npmjs.org/@radix-ui%2freact-use-controllable-state cache-miss
723 http fetch GET https://registry.npmjs.org/@radix-ui%2freact-use-controllable-state attempt 1 failed with ENOTFOUND
724 http fetch GET https://registry.npmjs.org/@radix-ui%2freact-use-controllable-state attempt 2 failed with ENOTFOUND
725 http fetch GET https://registry.npmjs.org/@radix-ui%2freact-use-controllable-state attempt 3 failed with ENOTFOUND
726 silly fetch manifest @radix-ui/react-use-previous@1.1.0
727 silly packumentCache full:https://registry.npmjs.org/@radix-ui%2freact-use-previous cache-miss
728 http fetch GET https://registry.npmjs.org/@radix-ui%2freact-use-previous attempt 1 failed with ENOTFOUND
729 http fetch GET https://registry.npmjs.org/@radix-ui%2freact-use-previous attempt 2 failed with ENOTFOUND
730 http fetch GET https://registry.npmjs.org/@radix-ui%2freact-use-previous attempt 3 failed with ENOTFOUND
731 silly fetch manifest @radix-ui/react-use-size@1.1.0
732 silly packumentCache full:https://registry.npmjs.org/@radix-ui%2freact-use-size cache-miss
733 http fetch GET https://registry.npmjs.org/@radix-ui%2freact-use-size attempt 1 failed with ENOTFOUND
734 http fetch GET https://registry.npmjs.org/@radix-ui%2freact-use-size attempt 2 failed with ENOTFOUND
735 http fetch GET https://registry.npmjs.org/@radix-ui%2freact-use-size attempt 3 failed with ENOTFOUND
736 silly placeDep node_modules/@radix-ui/react-radio-group @radix-ui/react-compose-refs@ OK for: @radix-ui/react-radio-group@1.2.3 want: 1.1.1
737 silly placeDep node_modules/@radix-ui/react-radio-group @radix-ui/react-context@ OK for: @radix-ui/react-radio-group@1.2.3 want: 1.1.1
738 silly placeDep node_modules/@radix-ui/react-radio-group @radix-ui/react-direction@ OK for: @radix-ui/react-radio-group@1.2.3 want: 1.1.0
739 silly placeDep node_modules/@radix-ui/react-radio-group @radix-ui/react-presence@ OK for: @radix-ui/react-radio-group@1.2.3 want: 1.1.2
740 silly placeDep node_modules/@radix-ui/react-radio-group @radix-ui/react-primitive@ OK for: @radix-ui/react-radio-group@1.2.3 want: 2.0.2
741 silly placeDep node_modules/@radix-ui/react-radio-group @radix-ui/react-roving-focus@ OK for: @radix-ui/react-radio-group@1.2.3 want: 1.1.2
742 silly placeDep node_modules/@radix-ui/react-radio-group @radix-ui/react-use-controllable-state@ OK for: @radix-ui/react-radio-group@1.2.3 want: 1.1.0
743 silly placeDep node_modules/@radix-ui/react-radio-group @radix-ui/react-use-previous@ OK for: @radix-ui/react-radio-group@1.2.3 want: 1.1.0
744 silly placeDep node_modules/@radix-ui/react-radio-group @radix-ui/react-use-size@ OK for: @radix-ui/react-radio-group@1.2.3 want: 1.1.0
745 silly fetch manifest @radix-ui/react-compose-refs@1.1.1
746 silly packumentCache full:https://registry.npmjs.org/@radix-ui%2freact-compose-refs cache-miss
747 http fetch GET https://registry.npmjs.org/@radix-ui%2freact-compose-refs attempt 1 failed with ENOTFOUND
748 http fetch GET https://registry.npmjs.org/@radix-ui%2freact-compose-refs attempt 2 failed with ENOTFOUND
749 http fetch GET https://registry.npmjs.org/@radix-ui%2freact-compose-refs attempt 3 failed with ENOTFOUND
750 silly fetch manifest @radix-ui/react-context@1.1.1
751 silly packumentCache full:https://registry.npmjs.org/@radix-ui%2freact-context cache-miss
752 http fetch GET https://registry.npmjs.org/@radix-ui%2freact-context attempt 1 failed with ENOTFOUND
753 http fetch GET https://registry.npmjs.org/@radix-ui%2freact-context attempt 2 failed with ENOTFOUND
754 http fetch GET https://registry.npmjs.org/@radix-ui%2freact-context attempt 3 failed with ENOTFOUND
755 silly fetch manifest @radix-ui/react-direction@1.1.0
756 silly packumentCache full:https://registry.npmjs.org/@radix-ui%2freact-direction cache-miss
757 http fetch GET https://registry.npmjs.org/@radix-ui%2freact-direction attempt 1 failed with ENOTFOUND
758 http fetch GET https://registry.npmjs.org/@radix-ui%2freact-direction attempt 2 failed with ENOTFOUND
759 http fetch GET https://registry.npmjs.org/@radix-ui%2freact-direction attempt 3 failed with ENOTFOUND
760 silly fetch manifest @radix-ui/react-presence@1.1.2
761 silly packumentCache full:https://registry.npmjs.org/@radix-ui%2freact-presence cache-miss
762 http fetch GET https://registry.npmjs.org/@radix-ui%2freact-presence attempt 1 failed with ENOTFOUND
763 http fetch GET https://registry.npmjs.org/@radix-ui%2freact-presence attempt 2 failed with ENOTFOUND
764 http fetch GET https://registry.npmjs.org/@radix-ui%2freact-presence attempt 3 failed with ENOTFOUND
765 silly fetch manifest @radix-ui/react-primitive@2.0.2
766 silly packumentCache full:https://registry.npmjs.org/@radix-ui%2freact-primitive cache-miss
767 http fetch GET https://registry.npmjs.org/@radix-ui%2freact-primitive attempt 1 failed with ENOTFOUND
768 http fetch GET https://registry.npmjs.org/@radix-ui%2freact-primitive attempt 2 failed with ENOTFOUND
769 http fetch GET https://registry.npmjs.org/@radix-ui%2freact-primitive attempt 3 failed with ENOTFOUND
770 silly fetch manifest @radix-ui/react-use-callback-ref@1.1.0
771 silly packumentCache full:https://registry.npmjs.org/@radix-ui%2freact-use-callback-ref cache-miss
772 http fetch GET https://registry.npmjs.org/@radix-ui%2freact-use-callback-ref attempt 1 failed with ENOTFOUND
773 http fetch GET https://registry.npmjs.org/@radix-ui%2freact-use-callback-ref attempt 2 failed with ENOTFOUND
774 http fetch GET https://registry.npmjs.org/@radix-ui%2freact-use-callback-ref attempt 3 failed with ENOTFOUND
775 silly fetch manifest @radix-ui/react-use-layout-effect@1.1.0
776 silly packumentCache full:https://registry.npmjs.org/@radix-ui%2freact-use-layout-effect cache-miss
777 http fetch GET https://registry.npmjs.org/@radix-ui%2freact-use-layout-effect attempt 1 failed with ENOTFOUND
778 http fetch GET https://registry.npmjs.org/@radix-ui%2freact-use-layout-effect attempt 2 failed with ENOTFOUND
779 http fetch GET https://registry.npmjs.org/@radix-ui%2freact-use-layout-effect attempt 3 failed with ENOTFOUND
780 silly placeDep node_modules/@radix-ui/react-scroll-area @radix-ui/react-compose-refs@ OK for: @radix-ui/react-scroll-area@1.2.3 want: 1.1.1
781 silly placeDep node_modules/@radix-ui/react-scroll-area @radix-ui/react-context@ OK for: @radix-ui/react-scroll-area@1.2.3 want: 1.1.1
782 silly placeDep node_modules/@radix-ui/react-scroll-area @radix-ui/react-direction@ OK for: @radix-ui/react-scroll-area@1.2.3 want: 1.1.0
783 silly placeDep node_modules/@radix-ui/react-scroll-area @radix-ui/react-presence@ OK for: @radix-ui/react-scroll-area@1.2.3 want: 1.1.2
784 silly placeDep node_modules/@radix-ui/react-scroll-area @radix-ui/react-primitive@ OK for: @radix-ui/react-scroll-area@1.2.3 want: 2.0.2
785 silly placeDep node_modules/@radix-ui/react-scroll-area @radix-ui/react-use-callback-ref@ OK for: @radix-ui/react-scroll-area@1.2.3 want: 1.1.0
786 silly placeDep node_modules/@radix-ui/react-scroll-area @radix-ui/react-use-layout-effect@ OK for: @radix-ui/react-scroll-area@1.2.3 want: 1.1.0
787 silly fetch manifest @radix-ui/react-collection@1.1.2
788 silly packumentCache full:https://registry.npmjs.org/@radix-ui%2freact-collection cache-miss
789 http fetch GET https://registry.npmjs.org/@radix-ui%2freact-collection attempt 1 failed with ENOTFOUND
790 http fetch GET https://registry.npmjs.org/@radix-ui%2freact-collection attempt 2 failed with ENOTFOUND
791 http fetch GET https://registry.npmjs.org/@radix-ui%2freact-collection attempt 3 failed with ENOTFOUND
792 silly fetch manifest @radix-ui/react-compose-refs@1.1.1
793 silly packumentCache full:https://registry.npmjs.org/@radix-ui%2freact-compose-refs cache-miss
794 http fetch GET https://registry.npmjs.org/@radix-ui%2freact-compose-refs attempt 1 failed with ENOTFOUND
795 http fetch GET https://registry.npmjs.org/@radix-ui%2freact-compose-refs attempt 2 failed with ENOTFOUND
796 http fetch GET https://registry.npmjs.org/@radix-ui%2freact-compose-refs attempt 3 failed with ENOTFOUND
797 silly fetch manifest @radix-ui/react-context@1.1.1
798 silly packumentCache full:https://registry.npmjs.org/@radix-ui%2freact-context cache-miss
799 http fetch GET https://registry.npmjs.org/@radix-ui%2freact-context attempt 1 failed with ENOTFOUND
800 http fetch GET https://registry.npmjs.org/@radix-ui%2freact-context attempt 2 failed with ENOTFOUND
801 http fetch GET https://registry.npmjs.org/@radix-ui%2freact-context attempt 3 failed with ENOTFOUND
802 silly fetch manifest @radix-ui/react-direction@1.1.0
803 silly packumentCache full:https://registry.npmjs.org/@radix-ui%2freact-direction cache-miss
804 http fetch GET https://registry.npmjs.org/@radix-ui%2freact-direction attempt 1 failed with ENOTFOUND
805 http fetch GET https://registry.npmjs.org/@radix-ui%2freact-direction attempt 2 failed with ENOTFOUND
806 http fetch GET https://registry.npmjs.org/@radix-ui%2freact-direction attempt 3 failed with ENOTFOUND
807 silly fetch manifest @radix-ui/react-dismissable-layer@1.1.5
808 silly packumentCache full:https://registry.npmjs.org/@radix-ui%2freact-dismissable-layer cache-miss
809 http fetch GET https://registry.npmjs.org/@radix-ui%2freact-dismissable-layer attempt 1 failed with ENOTFOUND
810 http fetch GET https://registry.npmjs.org/@radix-ui%2freact-dismissable-layer attempt 2 failed with ENOTFOUND
811 http fetch GET https://registry.npmjs.org/@radix-ui%2freact-dismissable-layer attempt 3 failed with ENOTFOUND
812 silly fetch manifest @radix-ui/react-focus-guards@1.1.1
813 silly packumentCache full:https://registry.npmjs.org/@radix-ui%2freact-focus-guards cache-miss
814 http fetch GET https://registry.npmjs.org/@radix-ui%2freact-focus-guards attempt 1 failed with ENOTFOUND
815 http fetch GET https://registry.npmjs.org/@radix-ui%2freact-focus-guards attempt 2 failed with ENOTFOUND
816 http fetch GET https://registry.npmjs.org/@radix-ui%2freact-focus-guards attempt 3 failed with ENOTFOUND
817 silly fetch manifest @radix-ui/react-focus-scope@1.1.2
818 silly packumentCache full:https://registry.npmjs.org/@radix-ui%2freact-focus-scope cache-miss
819 http fetch GET https://registry.npmjs.org/@radix-ui%2freact-focus-scope attempt 1 failed with ENOTFOUND
820 http fetch GET https://registry.npmjs.org/@radix-ui%2freact-focus-scope attempt 2 failed with ENOTFOUND
821 http fetch GET https://registry.npmjs.org/@radix-ui%2freact-focus-scope attempt 3 failed with ENOTFOUND
822 silly fetch manifest @radix-ui/react-id@1.1.0
823 silly packumentCache full:https://registry.npmjs.org/@radix-ui%2freact-id cache-miss
824 http fetch GET https://registry.npmjs.org/@radix-ui%2freact-id attempt 1 failed with ENOTFOUND
825 http fetch GET https://registry.npmjs.org/@radix-ui%2freact-id attempt 2 failed with ENOTFOUND
826 http fetch GET https://registry.npmjs.org/@radix-ui%2freact-id attempt 3 failed with ENOTFOUND
827 silly fetch manifest @radix-ui/react-popper@1.2.2
828 silly packumentCache full:https://registry.npmjs.org/@radix-ui%2freact-popper cache-miss
829 http fetch GET https://registry.npmjs.org/@radix-ui%2freact-popper attempt 1 failed with ENOTFOUND
830 http fetch GET https://registry.npmjs.org/@radix-ui%2freact-popper attempt 2 failed with ENOTFOUND
831 http fetch GET https://registry.npmjs.org/@radix-ui%2freact-popper attempt 3 failed with ENOTFOUND
832 silly fetch manifest @radix-ui/react-portal@1.1.4
833 silly packumentCache full:https://registry.npmjs.org/@radix-ui%2freact-portal cache-miss
834 http fetch GET https://registry.npmjs.org/@radix-ui%2freact-portal attempt 1 failed with ENOTFOUND
835 http fetch GET https://registry.npmjs.org/@radix-ui%2freact-portal attempt 2 failed with ENOTFOUND
836 http fetch GET https://registry.npmjs.org/@radix-ui%2freact-portal attempt 3 failed with ENOTFOUND
837 silly fetch manifest @radix-ui/react-primitive@2.0.2
838 silly packumentCache full:https://registry.npmjs.org/@radix-ui%2freact-primitive cache-miss
839 http fetch GET https://registry.npmjs.org/@radix-ui%2freact-primitive attempt 1 failed with ENOTFOUND
840 http fetch GET https://registry.npmjs.org/@radix-ui%2freact-primitive attempt 2 failed with ENOTFOUND
841 http fetch GET https://registry.npmjs.org/@radix-ui%2freact-primitive attempt 3 failed with ENOTFOUND
842 silly fetch manifest @radix-ui/react-use-callback-ref@1.1.0
843 silly packumentCache full:https://registry.npmjs.org/@radix-ui%2freact-use-callback-ref cache-miss
844 http fetch GET https://registry.npmjs.org/@radix-ui%2freact-use-callback-ref attempt 1 failed with ENOTFOUND
845 http fetch GET https://registry.npmjs.org/@radix-ui%2freact-use-callback-ref attempt 2 failed with ENOTFOUND
846 http fetch GET https://registry.npmjs.org/@radix-ui%2freact-use-callback-ref attempt 3 failed with ENOTFOUND
847 silly fetch manifest @radix-ui/react-use-controllable-state@1.1.0
848 silly packumentCache full:https://registry.npmjs.org/@radix-ui%2freact-use-controllable-state cache-miss
849 http fetch GET https://registry.npmjs.org/@radix-ui%2freact-use-controllable-state attempt 1 failed with ENOTFOUND
850 http fetch GET https://registry.npmjs.org/@radix-ui%2freact-use-controllable-state attempt 2 failed with ENOTFOUND
851 http fetch GET https://registry.npmjs.org/@radix-ui%2freact-use-controllable-state attempt 3 failed with ENOTFOUND
852 silly fetch manifest @radix-ui/react-use-layout-effect@1.1.0
853 silly packumentCache full:https://registry.npmjs.org/@radix-ui%2freact-use-layout-effect cache-miss
854 http fetch GET https://registry.npmjs.org/@radix-ui%2freact-use-layout-effect attempt 1 failed with ENOTFOUND
855 http fetch GET https://registry.npmjs.org/@radix-ui%2freact-use-layout-effect attempt 2 failed with ENOTFOUND
856 http fetch GET https://registry.npmjs.org/@radix-ui%2freact-use-layout-effect attempt 3 failed with ENOTFOUND
857 silly fetch manifest @radix-ui/react-use-previous@1.1.0
858 silly packumentCache full:https://registry.npmjs.org/@radix-ui%2freact-use-previous cache-miss
859 http fetch GET https://registry.npmjs.org/@radix-ui%2freact-use-previous attempt 1 failed with ENOTFOUND
860 http fetch GET https://registry.npmjs.org/@radix-ui%2freact-use-previous attempt 2 failed with ENOTFOUND
861 http fetch GET https://registry.npmjs.org/@radix-ui%2freact-use-previous attempt 3 failed with ENOTFOUND
862 silly fetch manifest @radix-ui/react-visually-hidden@1.1.2
863 silly packumentCache full:https://registry.npmjs.org/@radix-ui%2freact-visually-hidden cache-miss
864 http fetch GET https://registry.npmjs.org/@radix-ui%2freact-visually-hidden attempt 1 failed with ENOTFOUND
865 http fetch GET https://registry.npmjs.org/@radix-ui%2freact-visually-hidden attempt 2 failed with ENOTFOUND
866 http fetch GET https://registry.npmjs.org/@radix-ui%2freact-visually-hidden attempt 3 failed with ENOTFOUND
867 silly fetch manifest react-remove-scroll@^2.6.3
868 silly packumentCache full:https://registry.npmjs.org/react-remove-scroll cache-miss
869 http fetch GET https://registry.npmjs.org/react-remove-scroll attempt 1 failed with ENOTFOUND
870 http fetch GET https://registry.npmjs.org/react-remove-scroll attempt 2 failed with ENOTFOUND
871 http fetch GET https://registry.npmjs.org/react-remove-scroll attempt 3 failed with ENOTFOUND
872 silly placeDep node_modules/@radix-ui/react-select @radix-ui/react-collection@ OK for: @radix-ui/react-select@2.1.6 want: 1.1.2
873 silly placeDep node_modules/@radix-ui/react-select @radix-ui/react-compose-refs@ OK for: @radix-ui/react-select@2.1.6 want: 1.1.1
874 silly placeDep node_modules/@radix-ui/react-select @radix-ui/react-context@ OK for: @radix-ui/react-select@2.1.6 want: 1.1.1
875 silly placeDep node_modules/@radix-ui/react-select @radix-ui/react-direction@ OK for: @radix-ui/react-select@2.1.6 want: 1.1.0
876 silly placeDep node_modules/@radix-ui/react-select @radix-ui/react-dismissable-layer@ OK for: @radix-ui/react-select@2.1.6 want: 1.1.5
877 silly placeDep node_modules/@radix-ui/react-select @radix-ui/react-focus-guards@ OK for: @radix-ui/react-select@2.1.6 want: 1.1.1
878 silly placeDep node_modules/@radix-ui/react-select @radix-ui/react-focus-scope@ OK for: @radix-ui/react-select@2.1.6 want: 1.1.2
879 silly placeDep node_modules/@radix-ui/react-select @radix-ui/react-id@ OK for: @radix-ui/react-select@2.1.6 want: 1.1.0
880 silly placeDep node_modules/@radix-ui/react-select @radix-ui/react-popper@ OK for: @radix-ui/react-select@2.1.6 want: 1.2.2
881 silly placeDep node_modules/@radix-ui/react-select @radix-ui/react-portal@ OK for: @radix-ui/react-select@2.1.6 want: 1.1.4
882 silly placeDep node_modules/@radix-ui/react-select @radix-ui/react-primitive@ OK for: @radix-ui/react-select@2.1.6 want: 2.0.2
883 silly placeDep node_modules/@radix-ui/react-select @radix-ui/react-use-callback-ref@ OK for: @radix-ui/react-select@2.1.6 want: 1.1.0
884 silly placeDep node_modules/@radix-ui/react-select @radix-ui/react-use-controllable-state@ OK for: @radix-ui/react-select@2.1.6 want: 1.1.0
885 silly placeDep node_modules/@radix-ui/react-select @radix-ui/react-use-layout-effect@ OK for: @radix-ui/react-select@2.1.6 want: 1.1.0
886 silly placeDep node_modules/@radix-ui/react-select @radix-ui/react-use-previous@ OK for: @radix-ui/react-select@2.1.6 want: 1.1.0
887 silly placeDep node_modules/@radix-ui/react-select @radix-ui/react-visually-hidden@ OK for: @radix-ui/react-select@2.1.6 want: 1.1.2
888 silly placeDep node_modules/@radix-ui/react-select react-remove-scroll@ OK for: @radix-ui/react-select@2.1.6 want: ^2.6.3
889 silly fetch manifest @radix-ui/react-primitive@2.0.2
890 silly packumentCache full:https://registry.npmjs.org/@radix-ui%2freact-primitive cache-miss
891 http fetch GET https://registry.npmjs.org/@radix-ui%2freact-primitive attempt 1 failed with ENOTFOUND
892 http fetch GET https://registry.npmjs.org/@radix-ui%2freact-primitive attempt 2 failed with ENOTFOUND
893 http fetch GET https://registry.npmjs.org/@radix-ui%2freact-primitive attempt 3 failed with ENOTFOUND
894 silly placeDep node_modules/@radix-ui/react-separator @radix-ui/react-primitive@ OK for: @radix-ui/react-separator@1.1.2 want: 2.0.2
895 silly fetch manifest @radix-ui/react-collection@1.1.2
896 silly packumentCache full:https://registry.npmjs.org/@radix-ui%2freact-collection cache-miss
897 http fetch GET https://registry.npmjs.org/@radix-ui%2freact-collection attempt 1 failed with ENOTFOUND
898 http fetch GET https://registry.npmjs.org/@radix-ui%2freact-collection attempt 2 failed with ENOTFOUND
899 http fetch GET https://registry.npmjs.org/@radix-ui%2freact-collection attempt 3 failed with ENOTFOUND
900 silly fetch manifest @radix-ui/react-compose-refs@1.1.1
901 silly packumentCache full:https://registry.npmjs.org/@radix-ui%2freact-compose-refs cache-miss
902 http fetch GET https://registry.npmjs.org/@radix-ui%2freact-compose-refs attempt 1 failed with ENOTFOUND
903 http fetch GET https://registry.npmjs.org/@radix-ui%2freact-compose-refs attempt 2 failed with ENOTFOUND
904 http fetch GET https://registry.npmjs.org/@radix-ui%2freact-compose-refs attempt 3 failed with ENOTFOUND
905 silly fetch manifest @radix-ui/react-context@1.1.1
906 silly packumentCache full:https://registry.npmjs.org/@radix-ui%2freact-context cache-miss
907 http fetch GET https://registry.npmjs.org/@radix-ui%2freact-context attempt 1 failed with ENOTFOUND
908 http fetch GET https://registry.npmjs.org/@radix-ui%2freact-context attempt 2 failed with ENOTFOUND
909 http fetch GET https://registry.npmjs.org/@radix-ui%2freact-context attempt 3 failed with ENOTFOUND
910 silly fetch manifest @radix-ui/react-direction@1.1.0
911 silly packumentCache full:https://registry.npmjs.org/@radix-ui%2freact-direction cache-miss
912 http fetch GET https://registry.npmjs.org/@radix-ui%2freact-direction attempt 1 failed with ENOTFOUND
913 http fetch GET https://registry.npmjs.org/@radix-ui%2freact-direction attempt 2 failed with ENOTFOUND
914 http fetch GET https://registry.npmjs.org/@radix-ui%2freact-direction attempt 3 failed with ENOTFOUND
915 silly fetch manifest @radix-ui/react-primitive@2.0.2
916 silly packumentCache full:https://registry.npmjs.org/@radix-ui%2freact-primitive cache-miss
917 http fetch GET https://registry.npmjs.org/@radix-ui%2freact-primitive attempt 1 failed with ENOTFOUND
918 http fetch GET https://registry.npmjs.org/@radix-ui%2freact-primitive attempt 2 failed with ENOTFOUND
919 http fetch GET https://registry.npmjs.org/@radix-ui%2freact-primitive attempt 3 failed with ENOTFOUND
920 silly fetch manifest @radix-ui/react-use-controllable-state@1.1.0
921 silly packumentCache full:https://registry.npmjs.org/@radix-ui%2freact-use-controllable-state cache-miss
922 http fetch GET https://registry.npmjs.org/@radix-ui%2freact-use-controllable-state attempt 1 failed with ENOTFOUND
923 http fetch GET https://registry.npmjs.org/@radix-ui%2freact-use-controllable-state attempt 2 failed with ENOTFOUND
924 http fetch GET https://registry.npmjs.org/@radix-ui%2freact-use-controllable-state attempt 3 failed with ENOTFOUND
925 silly fetch manifest @radix-ui/react-use-layout-effect@1.1.0
926 silly packumentCache full:https://registry.npmjs.org/@radix-ui%2freact-use-layout-effect cache-miss
927 http fetch GET https://registry.npmjs.org/@radix-ui%2freact-use-layout-effect attempt 1 failed with ENOTFOUND
928 http fetch GET https://registry.npmjs.org/@radix-ui%2freact-use-layout-effect attempt 2 failed with ENOTFOUND
929 http fetch GET https://registry.npmjs.org/@radix-ui%2freact-use-layout-effect attempt 3 failed with ENOTFOUND
930 silly fetch manifest @radix-ui/react-use-previous@1.1.0
931 silly packumentCache full:https://registry.npmjs.org/@radix-ui%2freact-use-previous cache-miss
932 http fetch GET https://registry.npmjs.org/@radix-ui%2freact-use-previous attempt 1 failed with ENOTFOUND
933 http fetch GET https://registry.npmjs.org/@radix-ui%2freact-use-previous attempt 2 failed with ENOTFOUND
934 http fetch GET https://registry.npmjs.org/@radix-ui%2freact-use-previous attempt 3 failed with ENOTFOUND
935 silly fetch manifest @radix-ui/react-use-size@1.1.0
936 silly packumentCache full:https://registry.npmjs.org/@radix-ui%2freact-use-size cache-miss
937 http fetch GET https://registry.npmjs.org/@radix-ui%2freact-use-size attempt 1 failed with ENOTFOUND
938 http fetch GET https://registry.npmjs.org/@radix-ui%2freact-use-size attempt 2 failed with ENOTFOUND
939 http fetch GET https://registry.npmjs.org/@radix-ui%2freact-use-size attempt 3 failed with ENOTFOUND
940 silly placeDep node_modules/@radix-ui/react-slider @radix-ui/react-collection@ OK for: @radix-ui/react-slider@1.2.3 want: 1.1.2
941 silly placeDep node_modules/@radix-ui/react-slider @radix-ui/react-compose-refs@ OK for: @radix-ui/react-slider@1.2.3 want: 1.1.1
942 silly placeDep node_modules/@radix-ui/react-slider @radix-ui/react-context@ OK for: @radix-ui/react-slider@1.2.3 want: 1.1.1
943 silly placeDep node_modules/@radix-ui/react-slider @radix-ui/react-direction@ OK for: @radix-ui/react-slider@1.2.3 want: 1.1.0
944 silly placeDep node_modules/@radix-ui/react-slider @radix-ui/react-primitive@ OK for: @radix-ui/react-slider@1.2.3 want: 2.0.2
945 silly placeDep node_modules/@radix-ui/react-slider @radix-ui/react-use-controllable-state@ OK for: @radix-ui/react-slider@1.2.3 want: 1.1.0
946 silly placeDep node_modules/@radix-ui/react-slider @radix-ui/react-use-layout-effect@ OK for: @radix-ui/react-slider@1.2.3 want: 1.1.0
947 silly placeDep node_modules/@radix-ui/react-slider @radix-ui/react-use-previous@ OK for: @radix-ui/react-slider@1.2.3 want: 1.1.0
948 silly placeDep node_modules/@radix-ui/react-slider @radix-ui/react-use-size@ OK for: @radix-ui/react-slider@1.2.3 want: 1.1.0
949 silly fetch manifest @radix-ui/react-compose-refs@1.1.1
950 silly packumentCache full:https://registry.npmjs.org/@radix-ui%2freact-compose-refs cache-miss
951 http fetch GET https://registry.npmjs.org/@radix-ui%2freact-compose-refs attempt 1 failed with ENOTFOUND
952 http fetch GET https://registry.npmjs.org/@radix-ui%2freact-compose-refs attempt 2 failed with ENOTFOUND
953 http fetch GET https://registry.npmjs.org/@radix-ui%2freact-compose-refs attempt 3 failed with ENOTFOUND
954 silly fetch manifest @radix-ui/react-context@1.1.1
955 silly packumentCache full:https://registry.npmjs.org/@radix-ui%2freact-context cache-miss
956 http fetch GET https://registry.npmjs.org/@radix-ui%2freact-context attempt 1 failed with ENOTFOUND
957 http fetch GET https://registry.npmjs.org/@radix-ui%2freact-context attempt 2 failed with ENOTFOUND
958 http fetch GET https://registry.npmjs.org/@radix-ui%2freact-context attempt 3 failed with ENOTFOUND
959 silly fetch manifest @radix-ui/react-primitive@2.0.2
960 silly packumentCache full:https://registry.npmjs.org/@radix-ui%2freact-primitive cache-miss
961 http fetch GET https://registry.npmjs.org/@radix-ui%2freact-primitive attempt 1 failed with ENOTFOUND
962 http fetch GET https://registry.npmjs.org/@radix-ui%2freact-primitive attempt 2 failed with ENOTFOUND
963 http fetch GET https://registry.npmjs.org/@radix-ui%2freact-primitive attempt 3 failed with ENOTFOUND
964 silly fetch manifest @radix-ui/react-use-controllable-state@1.1.0
965 silly packumentCache full:https://registry.npmjs.org/@radix-ui%2freact-use-controllable-state cache-miss
966 http fetch GET https://registry.npmjs.org/@radix-ui%2freact-use-controllable-state attempt 1 failed with ENOTFOUND
967 http fetch GET https://registry.npmjs.org/@radix-ui%2freact-use-controllable-state attempt 2 failed with ENOTFOUND
968 http fetch GET https://registry.npmjs.org/@radix-ui%2freact-use-controllable-state attempt 3 failed with ENOTFOUND
969 silly fetch manifest @radix-ui/react-use-previous@1.1.0
970 silly packumentCache full:https://registry.npmjs.org/@radix-ui%2freact-use-previous cache-miss
971 http fetch GET https://registry.npmjs.org/@radix-ui%2freact-use-previous attempt 1 failed with ENOTFOUND
972 http fetch GET https://registry.npmjs.org/@radix-ui%2freact-use-previous attempt 2 failed with ENOTFOUND
973 http fetch GET https://registry.npmjs.org/@radix-ui%2freact-use-previous attempt 3 failed with ENOTFOUND
974 silly fetch manifest @radix-ui/react-use-size@1.1.0
975 silly packumentCache full:https://registry.npmjs.org/@radix-ui%2freact-use-size cache-miss
976 http fetch GET https://registry.npmjs.org/@radix-ui%2freact-use-size attempt 1 failed with ENOTFOUND
977 http fetch GET https://registry.npmjs.org/@radix-ui%2freact-use-size attempt 2 failed with ENOTFOUND
978 http fetch GET https://registry.npmjs.org/@radix-ui%2freact-use-size attempt 3 failed with ENOTFOUND
979 silly placeDep node_modules/@radix-ui/react-switch @radix-ui/react-compose-refs@ OK for: @radix-ui/react-switch@1.1.3 want: 1.1.1
980 silly placeDep node_modules/@radix-ui/react-switch @radix-ui/react-context@ OK for: @radix-ui/react-switch@1.1.3 want: 1.1.1
981 silly placeDep node_modules/@radix-ui/react-switch @radix-ui/react-primitive@ OK for: @radix-ui/react-switch@1.1.3 want: 2.0.2
982 silly placeDep node_modules/@radix-ui/react-switch @radix-ui/react-use-controllable-state@ OK for: @radix-ui/react-switch@1.1.3 want: 1.1.0
983 silly placeDep node_modules/@radix-ui/react-switch @radix-ui/react-use-previous@ OK for: @radix-ui/react-switch@1.1.3 want: 1.1.0
984 silly placeDep node_modules/@radix-ui/react-switch @radix-ui/react-use-size@ OK for: @radix-ui/react-switch@1.1.3 want: 1.1.0
985 silly fetch manifest @radix-ui/react-context@1.1.1
986 silly packumentCache full:https://registry.npmjs.org/@radix-ui%2freact-context cache-miss
987 http fetch GET https://registry.npmjs.org/@radix-ui%2freact-context attempt 1 failed with ENOTFOUND
988 http fetch GET https://registry.npmjs.org/@radix-ui%2freact-context attempt 2 failed with ENOTFOUND
989 http fetch GET https://registry.npmjs.org/@radix-ui%2freact-context attempt 3 failed with ENOTFOUND
990 silly fetch manifest @radix-ui/react-direction@1.1.0
991 silly packumentCache full:https://registry.npmjs.org/@radix-ui%2freact-direction cache-miss
992 http fetch GET https://registry.npmjs.org/@radix-ui%2freact-direction attempt 1 failed with ENOTFOUND
993 http fetch GET https://registry.npmjs.org/@radix-ui%2freact-direction attempt 2 failed with ENOTFOUND
994 http fetch GET https://registry.npmjs.org/@radix-ui%2freact-direction attempt 3 failed with ENOTFOUND
995 silly fetch manifest @radix-ui/react-id@1.1.0
996 silly packumentCache full:https://registry.npmjs.org/@radix-ui%2freact-id cache-miss
997 http fetch GET https://registry.npmjs.org/@radix-ui%2freact-id attempt 1 failed with ENOTFOUND
998 http fetch GET https://registry.npmjs.org/@radix-ui%2freact-id attempt 2 failed with ENOTFOUND
999 http fetch GET https://registry.npmjs.org/@radix-ui%2freact-id attempt 3 failed with ENOTFOUND
1000 silly fetch manifest @radix-ui/react-presence@1.1.2
1001 silly packumentCache full:https://registry.npmjs.org/@radix-ui%2freact-presence cache-miss
1002 http fetch GET https://registry.npmjs.org/@radix-ui%2freact-presence attempt 1 failed with ENOTFOUND
1003 http fetch GET https://registry.npmjs.org/@radix-ui%2freact-presence attempt 2 failed with ENOTFOUND
1004 http fetch GET https://registry.npmjs.org/@radix-ui%2freact-presence attempt 3 failed with ENOTFOUND
1005 silly fetch manifest @radix-ui/react-primitive@2.0.2
1006 silly packumentCache full:https://registry.npmjs.org/@radix-ui%2freact-primitive cache-miss
1007 http fetch GET https://registry.npmjs.org/@radix-ui%2freact-primitive attempt 1 failed with ENOTFOUND
1008 http fetch GET https://registry.npmjs.org/@radix-ui%2freact-primitive attempt 2 failed with ENOTFOUND
1009 http fetch GET https://registry.npmjs.org/@radix-ui%2freact-primitive attempt 3 failed with ENOTFOUND
1010 silly fetch manifest @radix-ui/react-roving-focus@1.1.2
1011 silly packumentCache full:https://registry.npmjs.org/@radix-ui%2freact-roving-focus cache-miss
1012 http fetch GET https://registry.npmjs.org/@radix-ui%2freact-roving-focus attempt 1 failed with ENOTFOUND
1013 http fetch GET https://registry.npmjs.org/@radix-ui%2freact-roving-focus attempt 2 failed with ENOTFOUND
1014 http fetch GET https://registry.npmjs.org/@radix-ui%2freact-roving-focus attempt 3 failed with ENOTFOUND
1015 silly fetch manifest @radix-ui/react-use-controllable-state@1.1.0
1016 silly packumentCache full:https://registry.npmjs.org/@radix-ui%2freact-use-controllable-state cache-miss
1017 http fetch GET https://registry.npmjs.org/@radix-ui%2freact-use-controllable-state attempt 1 failed with ENOTFOUND
1018 http fetch GET https://registry.npmjs.org/@radix-ui%2freact-use-controllable-state attempt 2 failed with ENOTFOUND
1019 http fetch GET https://registry.npmjs.org/@radix-ui%2freact-use-controllable-state attempt 3 failed with ENOTFOUND
1020 silly placeDep node_modules/@radix-ui/react-tabs @radix-ui/react-context@ OK for: @radix-ui/react-tabs@1.1.3 want: 1.1.1
1021 silly placeDep node_modules/@radix-ui/react-tabs @radix-ui/react-direction@ OK for: @radix-ui/react-tabs@1.1.3 want: 1.1.0
1022 silly placeDep node_modules/@radix-ui/react-tabs @radix-ui/react-id@ OK for: @radix-ui/react-tabs@1.1.3 want: 1.1.0
1023 silly placeDep node_modules/@radix-ui/react-tabs @radix-ui/react-presence@ OK for: @radix-ui/react-tabs@1.1.3 want: 1.1.2
1024 silly placeDep node_modules/@radix-ui/react-tabs @radix-ui/react-primitive@ OK for: @radix-ui/react-tabs@1.1.3 want: 2.0.2
1025 silly placeDep node_modules/@radix-ui/react-tabs @radix-ui/react-roving-focus@ OK for: @radix-ui/react-tabs@1.1.3 want: 1.1.2
1026 silly placeDep node_modules/@radix-ui/react-tabs @radix-ui/react-use-controllable-state@ OK for: @radix-ui/react-tabs@1.1.3 want: 1.1.0
1027 silly fetch manifest @radix-ui/react-context@1.1.1
1028 silly packumentCache full:https://registry.npmjs.org/@radix-ui%2freact-context cache-miss
1029 http fetch GET https://registry.npmjs.org/@radix-ui%2freact-context attempt 1 failed with ENOTFOUND
1030 http fetch GET https://registry.npmjs.org/@radix-ui%2freact-context attempt 2 failed with ENOTFOUND
1031 http fetch GET https://registry.npmjs.org/@radix-ui%2freact-context attempt 3 failed with ENOTFOUND
1032 silly fetch manifest @radix-ui/react-direction@1.1.0
1033 silly packumentCache full:https://registry.npmjs.org/@radix-ui%2freact-direction cache-miss
1034 http fetch GET https://registry.npmjs.org/@radix-ui%2freact-direction attempt 1 failed with ENOTFOUND
1035 http fetch GET https://registry.npmjs.org/@radix-ui%2freact-direction attempt 2 failed with ENOTFOUND
1036 http fetch GET https://registry.npmjs.org/@radix-ui%2freact-direction attempt 3 failed with ENOTFOUND
1037 silly fetch manifest @radix-ui/react-primitive@2.0.2
1038 silly packumentCache full:https://registry.npmjs.org/@radix-ui%2freact-primitive cache-miss
1039 http fetch GET https://registry.npmjs.org/@radix-ui%2freact-primitive attempt 1 failed with ENOTFOUND
1040 http fetch GET https://registry.npmjs.org/@radix-ui%2freact-primitive attempt 2 failed with ENOTFOUND
1041 http fetch GET https://registry.npmjs.org/@radix-ui%2freact-primitive attempt 3 failed with ENOTFOUND
1042 silly fetch manifest @radix-ui/react-roving-focus@1.1.2
1043 silly packumentCache full:https://registry.npmjs.org/@radix-ui%2freact-roving-focus cache-miss
1044 http fetch GET https://registry.npmjs.org/@radix-ui%2freact-roving-focus attempt 1 failed with ENOTFOUND
1045 http fetch GET https://registry.npmjs.org/@radix-ui%2freact-roving-focus attempt 2 failed with ENOTFOUND
1046 http fetch GET https://registry.npmjs.org/@radix-ui%2freact-roving-focus attempt 3 failed with ENOTFOUND
1047 silly fetch manifest @radix-ui/react-use-controllable-state@1.1.0
1048 silly packumentCache full:https://registry.npmjs.org/@radix-ui%2freact-use-controllable-state cache-miss
1049 http fetch GET https://registry.npmjs.org/@radix-ui%2freact-use-controllable-state attempt 1 failed with ENOTFOUND
1050 http fetch GET https://registry.npmjs.org/@radix-ui%2freact-use-controllable-state attempt 2 failed with ENOTFOUND
1051 http fetch GET https://registry.npmjs.org/@radix-ui%2freact-use-controllable-state attempt 3 failed with ENOTFOUND
1052 silly placeDep node_modules/@radix-ui/react-toggle-group @radix-ui/react-context@ OK for: @radix-ui/react-toggle-group@1.1.2 want: 1.1.1
1053 silly placeDep node_modules/@radix-ui/react-toggle-group @radix-ui/react-direction@ OK for: @radix-ui/react-toggle-group@1.1.2 want: 1.1.0
1054 silly placeDep node_modules/@radix-ui/react-toggle-group @radix-ui/react-primitive@ OK for: @radix-ui/react-toggle-group@1.1.2 want: 2.0.2
1055 silly placeDep node_modules/@radix-ui/react-toggle-group @radix-ui/react-roving-focus@ OK for: @radix-ui/react-toggle-group@1.1.2 want: 1.1.2
1056 silly placeDep node_modules/@radix-ui/react-toggle-group @radix-ui/react-use-controllable-state@ OK for: @radix-ui/react-toggle-group@1.1.2 want: 1.1.0
1057 silly fetch manifest @radix-ui/react-compose-refs@1.1.1
1058 silly packumentCache full:https://registry.npmjs.org/@radix-ui%2freact-compose-refs cache-miss
1059 http fetch GET https://registry.npmjs.org/@radix-ui%2freact-compose-refs attempt 1 failed with ENOTFOUND
1060 http fetch GET https://registry.npmjs.org/@radix-ui%2freact-compose-refs attempt 2 failed with ENOTFOUND
1061 http fetch GET https://registry.npmjs.org/@radix-ui%2freact-compose-refs attempt 3 failed with ENOTFOUND
1062 silly fetch manifest @radix-ui/react-context@1.1.1
1063 silly packumentCache full:https://registry.npmjs.org/@radix-ui%2freact-context cache-miss
1064 http fetch GET https://registry.npmjs.org/@radix-ui%2freact-context attempt 1 failed with ENOTFOUND
1065 http fetch GET https://registry.npmjs.org/@radix-ui%2freact-context attempt 2 failed with ENOTFOUND
1066 http fetch GET https://registry.npmjs.org/@radix-ui%2freact-context attempt 3 failed with ENOTFOUND
1067 silly fetch manifest @radix-ui/react-dismissable-layer@1.1.5
1068 silly packumentCache full:https://registry.npmjs.org/@radix-ui%2freact-dismissable-layer cache-miss
1069 http fetch GET https://registry.npmjs.org/@radix-ui%2freact-dismissable-layer attempt 1 failed with ENOTFOUND
1070 http fetch GET https://registry.npmjs.org/@radix-ui%2freact-dismissable-layer attempt 2 failed with ENOTFOUND
1071 http fetch GET https://registry.npmjs.org/@radix-ui%2freact-dismissable-layer attempt 3 failed with ENOTFOUND
1072 silly fetch manifest @radix-ui/react-id@1.1.0
1073 silly packumentCache full:https://registry.npmjs.org/@radix-ui%2freact-id cache-miss
1074 http fetch GET https://registry.npmjs.org/@radix-ui%2freact-id attempt 1 failed with ENOTFOUND
1075 http fetch GET https://registry.npmjs.org/@radix-ui%2freact-id attempt 2 failed with ENOTFOUND
1076 http fetch GET https://registry.npmjs.org/@radix-ui%2freact-id attempt 3 failed with ENOTFOUND
1077 silly fetch manifest @radix-ui/react-popper@1.2.2
1078 silly packumentCache full:https://registry.npmjs.org/@radix-ui%2freact-popper cache-miss
1079 http fetch GET https://registry.npmjs.org/@radix-ui%2freact-popper attempt 1 failed with ENOTFOUND
1080 http fetch GET https://registry.npmjs.org/@radix-ui%2freact-popper attempt 2 failed with ENOTFOUND
1081 http fetch GET https://registry.npmjs.org/@radix-ui%2freact-popper attempt 3 failed with ENOTFOUND
1082 silly fetch manifest @radix-ui/react-portal@1.1.4
1083 silly packumentCache full:https://registry.npmjs.org/@radix-ui%2freact-portal cache-miss
1084 http fetch GET https://registry.npmjs.org/@radix-ui%2freact-portal attempt 1 failed with ENOTFOUND
1085 http fetch GET https://registry.npmjs.org/@radix-ui%2freact-portal attempt 2 failed with ENOTFOUND
1086 http fetch GET https://registry.npmjs.org/@radix-ui%2freact-portal attempt 3 failed with ENOTFOUND
1087 silly fetch manifest @radix-ui/react-presence@1.1.2
1088 silly packumentCache full:https://registry.npmjs.org/@radix-ui%2freact-presence cache-miss
1089 http fetch GET https://registry.npmjs.org/@radix-ui%2freact-presence attempt 1 failed with ENOTFOUND
1090 http fetch GET https://registry.npmjs.org/@radix-ui%2freact-presence attempt 2 failed with ENOTFOUND
1091 http fetch GET https://registry.npmjs.org/@radix-ui%2freact-presence attempt 3 failed with ENOTFOUND
1092 silly fetch manifest @radix-ui/react-primitive@2.0.2
1093 silly packumentCache full:https://registry.npmjs.org/@radix-ui%2freact-primitive cache-miss
1094 http fetch GET https://registry.npmjs.org/@radix-ui%2freact-primitive attempt 1 failed with ENOTFOUND
1095 http fetch GET https://registry.npmjs.org/@radix-ui%2freact-primitive attempt 2 failed with ENOTFOUND
1096 http fetch GET https://registry.npmjs.org/@radix-ui%2freact-primitive attempt 3 failed with ENOTFOUND
1097 silly fetch manifest @radix-ui/react-use-controllable-state@1.1.0
1098 silly packumentCache full:https://registry.npmjs.org/@radix-ui%2freact-use-controllable-state cache-miss
1099 http fetch GET https://registry.npmjs.org/@radix-ui%2freact-use-controllable-state attempt 1 failed with ENOTFOUND
1100 http fetch GET https://registry.npmjs.org/@radix-ui%2freact-use-controllable-state attempt 2 failed with ENOTFOUND
1101 http fetch GET https://registry.npmjs.org/@radix-ui%2freact-use-controllable-state attempt 3 failed with ENOTFOUND
1102 silly fetch manifest @radix-ui/react-visually-hidden@1.1.2
1103 silly packumentCache full:https://registry.npmjs.org/@radix-ui%2freact-visually-hidden cache-miss
1104 http fetch GET https://registry.npmjs.org/@radix-ui%2freact-visually-hidden attempt 1 failed with ENOTFOUND
1105 http fetch GET https://registry.npmjs.org/@radix-ui%2freact-visually-hidden attempt 2 failed with ENOTFOUND
1106 http fetch GET https://registry.npmjs.org/@radix-ui%2freact-visually-hidden attempt 3 failed with ENOTFOUND
1107 silly placeDep node_modules/@radix-ui/react-tooltip @radix-ui/react-compose-refs@ OK for: @radix-ui/react-tooltip@1.1.8 want: 1.1.1
1108 silly placeDep node_modules/@radix-ui/react-tooltip @radix-ui/react-context@ OK for: @radix-ui/react-tooltip@1.1.8 want: 1.1.1
1109 silly placeDep node_modules/@radix-ui/react-tooltip @radix-ui/react-dismissable-layer@ OK for: @radix-ui/react-tooltip@1.1.8 want: 1.1.5
1110 silly placeDep node_modules/@radix-ui/react-tooltip @radix-ui/react-id@ OK for: @radix-ui/react-tooltip@1.1.8 want: 1.1.0
1111 silly placeDep node_modules/@radix-ui/react-tooltip @radix-ui/react-popper@ OK for: @radix-ui/react-tooltip@1.1.8 want: 1.2.2
1112 silly placeDep node_modules/@radix-ui/react-tooltip @radix-ui/react-portal@ OK for: @radix-ui/react-tooltip@1.1.8 want: 1.1.4
1113 silly placeDep node_modules/@radix-ui/react-tooltip @radix-ui/react-presence@ OK for: @radix-ui/react-tooltip@1.1.8 want: 1.1.2
1114 silly placeDep node_modules/@radix-ui/react-tooltip @radix-ui/react-primitive@ OK for: @radix-ui/react-tooltip@1.1.8 want: 2.0.2
1115 silly placeDep node_modules/@radix-ui/react-tooltip @radix-ui/react-use-controllable-state@ OK for: @radix-ui/react-tooltip@1.1.8 want: 1.1.0
1116 silly placeDep node_modules/@radix-ui/react-tooltip @radix-ui/react-visually-hidden@ OK for: @radix-ui/react-tooltip@1.1.8 want: 1.1.2
1117 silly fetch manifest @use-gesture/react@^10.3.1
1118 silly packumentCache full:https://registry.npmjs.org/@use-gesture%2freact cache-miss
1119 http fetch GET https://registry.npmjs.org/@use-gesture%2freact attempt 1 failed with ENOTFOUND
1120 http fetch GET https://registry.npmjs.org/@use-gesture%2freact attempt 2 failed with ENOTFOUND
1121 http fetch GET https://registry.npmjs.org/@use-gesture%2freact attempt 3 failed with ENOTFOUND
1122 silly fetch manifest suspend-react@^0.1.3
1123 silly packumentCache full:https://registry.npmjs.org/suspend-react cache-miss
1124 http fetch GET https://registry.npmjs.org/suspend-react attempt 1 failed with ENOTFOUND
1125 http fetch GET https://registry.npmjs.org/suspend-react attempt 2 failed with ENOTFOUND
1126 http fetch GET https://registry.npmjs.org/suspend-react attempt 3 failed with ENOTFOUND
1127 silly fetch manifest use-sync-external-store@^1.4.0
1128 silly packumentCache full:https://registry.npmjs.org/use-sync-external-store cache-miss
1129 http fetch GET https://registry.npmjs.org/use-sync-external-store attempt 1 failed with ENOTFOUND
1130 http fetch GET https://registry.npmjs.org/use-sync-external-store attempt 2 failed with ENOTFOUND
1131 http fetch GET https://registry.npmjs.org/use-sync-external-store attempt 3 failed with ENOTFOUND
1132 silly fetch manifest zustand@^5.0.1
1133 silly packumentCache full:https://registry.npmjs.org/zustand cache-miss
1134 http fetch GET https://registry.npmjs.org/zustand attempt 1 failed with ENOTFOUND
1135 http fetch GET https://registry.npmjs.org/zustand attempt 2 failed with ENOTFOUND
1136 http fetch GET https://registry.npmjs.org/zustand attempt 3 failed with ENOTFOUND
1137 silly placeDep node_modules/@react-three/drei @use-gesture/react@ OK for: @react-three/drei@10.7.7 want: ^10.3.1
1138 silly placeDep node_modules/@react-three/drei suspend-react@ OK for: @react-three/drei@10.7.7 want: ^0.1.3
1139 silly placeDep node_modules/@react-three/drei use-sync-external-store@ OK for: @react-three/drei@10.7.7 want: ^1.4.0
1140 silly placeDep node_modules/@react-three/drei zustand@ OK for: @react-three/drei@10.7.7 want: ^5.0.1
1141 silly fetch manifest its-fine@^2.0.0
1142 silly packumentCache full:https://registry.npmjs.org/its-fine cache-miss
1143 http fetch GET https://registry.npmjs.org/its-fine attempt 1 failed with ENOTFOUND
1144 http fetch GET https://registry.npmjs.org/its-fine attempt 2 failed with ENOTFOUND
1145 http fetch GET https://registry.npmjs.org/its-fine attempt 3 failed with ENOTFOUND
1146 silly fetch manifest react-use-measure@^2.1.7
1147 silly packumentCache full:https://registry.npmjs.org/react-use-measure cache-miss
1148 http fetch GET https://registry.npmjs.org/react-use-measure attempt 1 failed with ENOTFOUND
1149 http fetch GET https://registry.npmjs.org/react-use-measure attempt 2 failed with ENOTFOUND
1150 http fetch GET https://registry.npmjs.org/react-use-measure attempt 3 failed with ENOTFOUND
1151 silly fetch manifest suspend-react@^0.1.3
1152 silly packumentCache full:https://registry.npmjs.org/suspend-react cache-miss
1153 http fetch GET https://registry.npmjs.org/suspend-react attempt 1 failed with ENOTFOUND
1154 http fetch GET https://registry.npmjs.org/suspend-react attempt 2 failed with ENOTFOUND
1155 http fetch GET https://registry.npmjs.org/suspend-react attempt 3 failed with ENOTFOUND
1156 silly fetch manifest use-sync-external-store@^1.4.0
1157 silly packumentCache full:https://registry.npmjs.org/use-sync-external-store cache-miss
1158 http fetch GET https://registry.npmjs.org/use-sync-external-store attempt 1 failed with ENOTFOUND
1159 http fetch GET https://registry.npmjs.org/use-sync-external-store attempt 2 failed with ENOTFOUND
1160 http fetch GET https://registry.npmjs.org/use-sync-external-store attempt 3 failed with ENOTFOUND
1161 silly fetch manifest zustand@^5.0.3
1162 silly packumentCache full:https://registry.npmjs.org/zustand cache-miss
1163 http fetch GET https://registry.npmjs.org/zustand attempt 1 failed with ENOTFOUND
1164 http fetch GET https://registry.npmjs.org/zustand attempt 2 failed with ENOTFOUND
1165 http fetch GET https://registry.npmjs.org/zustand attempt 3 failed with ENOTFOUND
1166 silly placeDep node_modules/@react-three/fiber its-fine@ OK for: @react-three/fiber@9.5.0 want: ^2.0.0
1167 silly placeDep node_modules/@react-three/fiber react-use-measure@ OK for: @react-three/fiber@9.5.0 want: ^2.1.7
1168 silly placeDep node_modules/@react-three/fiber suspend-react@ OK for: @react-three/fiber@9.5.0 want: ^0.1.3
1169 silly placeDep node_modules/@react-three/fiber use-sync-external-store@ OK for: @react-three/fiber@9.5.0 want: ^1.4.0
1170 silly placeDep node_modules/@react-three/fiber zustand@ OK for: @react-three/fiber@9.5.0 want: ^5.0.3
1171 silly fetch manifest @radix-ui/react-compose-refs@^1.1.1
1172 silly packumentCache full:https://registry.npmjs.org/@radix-ui%2freact-compose-refs cache-miss
1173 http fetch GET https://registry.npmjs.org/@radix-ui%2freact-compose-refs attempt 1 failed with ENOTFOUND
1174 http fetch GET https://registry.npmjs.org/@radix-ui%2freact-compose-refs attempt 2 failed with ENOTFOUND
1175 http fetch GET https://registry.npmjs.org/@radix-ui%2freact-compose-refs attempt 3 failed with ENOTFOUND
1176 silly fetch manifest @radix-ui/react-id@^1.1.0
1177 silly packumentCache full:https://registry.npmjs.org/@radix-ui%2freact-id cache-miss
1178 http fetch GET https://registry.npmjs.org/@radix-ui%2freact-id attempt 1 failed with ENOTFOUND
1179 http fetch GET https://registry.npmjs.org/@radix-ui%2freact-id attempt 2 failed with ENOTFOUND
1180 http fetch GET https://registry.npmjs.org/@radix-ui%2freact-id attempt 3 failed with ENOTFOUND
1181 silly fetch manifest @radix-ui/react-primitive@^2.0.2
1182 silly packumentCache full:https://registry.npmjs.org/@radix-ui%2freact-primitive cache-miss
1183 http fetch GET https://registry.npmjs.org/@radix-ui%2freact-primitive attempt 1 failed with ENOTFOUND
1184 http fetch GET https://registry.npmjs.org/@radix-ui%2freact-primitive attempt 2 failed with ENOTFOUND
1185 http fetch GET https://registry.npmjs.org/@radix-ui%2freact-primitive attempt 3 failed with ENOTFOUND
1186 silly placeDep node_modules/cmdk @radix-ui/react-compose-refs@ OK for: cmdk@1.1.1 want: ^1.1.1
1187 silly placeDep node_modules/cmdk @radix-ui/react-id@ OK for: cmdk@1.1.1 want: ^1.1.0
1188 silly placeDep node_modules/cmdk @radix-ui/react-primitive@ OK for: cmdk@1.1.1 want: ^2.0.2
1189 silly fetch manifest framer-motion@^12.23.24
1190 silly packumentCache full:https://registry.npmjs.org/framer-motion cache-miss
1191 http fetch GET https://registry.npmjs.org/framer-motion attempt 1 failed with ENOTFOUND
1192 http fetch GET https://registry.npmjs.org/framer-motion attempt 2 failed with ENOTFOUND
1193 http fetch GET https://registry.npmjs.org/framer-motion attempt 3 failed with ENOTFOUND
1194 silly placeDep node_modules/motion framer-motion@ OK for: motion@12.23.24 want: ^12.23.24
1195 silly fetch manifest react-smooth@^4.0.4
1196 silly packumentCache full:https://registry.npmjs.org/react-smooth cache-miss
1197 http fetch GET https://registry.npmjs.org/react-smooth attempt 1 failed with ENOTFOUND
1198 http fetch GET https://registry.npmjs.org/react-smooth attempt 2 failed with ENOTFOUND
1199 http fetch GET https://registry.npmjs.org/react-smooth attempt 3 failed with ENOTFOUND
1200 silly placeDep node_modules/recharts react-smooth@ OK for: recharts@2.15.2 want: ^4.0.4
1201 silly fetch manifest yaml@^2.4.2
1202 silly packumentCache full:https://registry.npmjs.org/yaml cache-miss
1203 http fetch GET https://registry.npmjs.org/yaml attempt 1 failed with ENOTFOUND
1204 http fetch GET https://registry.npmjs.org/yaml attempt 2 failed with ENOTFOUND
1205 http fetch GET https://registry.npmjs.org/yaml attempt 3 failed with ENOTFOUND
1206 silly placeDep ROOT yaml@ REPLACE for: vite@6.3.5 want: ^2.4.2
1207 warn ERESOLVE overriding peer dependency {
1207 warn ERESOLVE   code: 'ERESOLVE',
1207 warn ERESOLVE   edge: {
1207 warn ERESOLVE     type: 'peerOptional',
1207 warn ERESOLVE     name: 'yaml',
1207 warn ERESOLVE     spec: '^2.4.2',
1207 warn ERESOLVE     error: 'INVALID',
1207 warn ERESOLVE     from: {
1207 warn ERESOLVE       name: 'vite',
1207 warn ERESOLVE       version: '6.3.5',
1207 warn ERESOLVE       location: 'node_modules/vite',
1207 warn ERESOLVE       isWorkspace: false,
1207 warn ERESOLVE       dependents: [Array]
1207 warn ERESOLVE     }
1207 warn ERESOLVE   },
1207 warn ERESOLVE   dep: {
1207 warn ERESOLVE     name: 'yaml',
1207 warn ERESOLVE     version: undefined,
1207 warn ERESOLVE     errors: [ [FetchError] ],
1207 warn ERESOLVE     package: {},
1207 warn ERESOLVE     whileInstalling: {
1207 warn ERESOLVE       name: 'vite',
1207 warn ERESOLVE       version: '6.3.5',
1207 warn ERESOLVE       path: '/Users/fujirio75/dev/w3software/node_modules/vite'
1207 warn ERESOLVE     },
1207 warn ERESOLVE     location: 'node_modules/yaml',
1207 warn ERESOLVE     isWorkspace: false,
1207 warn ERESOLVE     dependents: [ [Object] ]
1207 warn ERESOLVE   },
1207 warn ERESOLVE   force: false,
1207 warn ERESOLVE   isMine: true,
1207 warn ERESOLVE   strictPeerDeps: false,
1207 warn ERESOLVE   current: {
1207 warn ERESOLVE     name: 'yaml',
1207 warn ERESOLVE     version: '1.10.2',
1207 warn ERESOLVE     location: 'node_modules/yaml',
1207 warn ERESOLVE     isWorkspace: false,
1207 warn ERESOLVE     dependents: [ [Object] ]
1207 warn ERESOLVE   }
1207 warn ERESOLVE }
1208 warn ERESOLVE overriding peer dependency {
1208 warn ERESOLVE   code: 'ERESOLVE',
1208 warn ERESOLVE   edge: {
1208 warn ERESOLVE     type: 'peerOptional',
1208 warn ERESOLVE     name: 'yaml',
1208 warn ERESOLVE     spec: '^2.4.2',
1208 warn ERESOLVE     error: 'INVALID',
1208 warn ERESOLVE     from: {
1208 warn ERESOLVE       name: 'vite',
1208 warn ERESOLVE       version: '6.3.5',
1208 warn ERESOLVE       location: 'node_modules/vite',
1208 warn ERESOLVE       isWorkspace: false,
1208 warn ERESOLVE       dependents: [Array]
1208 warn ERESOLVE     }
1208 warn ERESOLVE   },
1208 warn ERESOLVE   dep: {
1208 warn ERESOLVE     name: 'yaml',
1208 warn ERESOLVE     version: undefined,
1208 warn ERESOLVE     errors: [ [FetchError] ],
1208 warn ERESOLVE     package: {},
1208 warn ERESOLVE     whileInstalling: {
1208 warn ERESOLVE       name: 'vite',
1208 warn ERESOLVE       version: '6.3.5',
1208 warn ERESOLVE       path: '/Users/fujirio75/dev/w3software/node_modules/vite'
1208 warn ERESOLVE     },
1208 warn ERESOLVE     location: 'node_modules/yaml',
1208 warn ERESOLVE     isWorkspace: false,
1208 warn ERESOLVE     dependents: [ [Object] ]
1208 warn ERESOLVE   },
1208 warn ERESOLVE   force: false,
1208 warn ERESOLVE   isMine: true,
1208 warn ERESOLVE   strictPeerDeps: false,
1208 warn ERESOLVE   current: {
1208 warn ERESOLVE     name: 'yaml',
1208 warn ERESOLVE     version: '1.10.2',
1208 warn ERESOLVE     location: 'node_modules/yaml',
1208 warn ERESOLVE     isWorkspace: false,
1208 warn ERESOLVE     dependents: [ [Object] ]
1208 warn ERESOLVE   }
1208 warn ERESOLVE }
1209 warn ERESOLVE overriding peer dependency {
1209 warn ERESOLVE   code: 'ERESOLVE',
1209 warn ERESOLVE   edge: {
1209 warn ERESOLVE     type: 'peerOptional',
1209 warn ERESOLVE     name: 'yaml',
1209 warn ERESOLVE     spec: '^2.4.2',
1209 warn ERESOLVE     error: 'INVALID',
1209 warn ERESOLVE     from: {
1209 warn ERESOLVE       name: 'vite',
1209 warn ERESOLVE       version: '6.3.5',
1209 warn ERESOLVE       location: 'node_modules/vite',
1209 warn ERESOLVE       isWorkspace: false,
1209 warn ERESOLVE       dependents: [Array]
1209 warn ERESOLVE     }
1209 warn ERESOLVE   },
1209 warn ERESOLVE   dep: {
1209 warn ERESOLVE     name: 'yaml',
1209 warn ERESOLVE     version: undefined,
1209 warn ERESOLVE     errors: [ [FetchError] ],
1209 warn ERESOLVE     package: {},
1209 warn ERESOLVE     whileInstalling: {
1209 warn ERESOLVE       name: 'vite',
1209 warn ERESOLVE       version: '6.3.5',
1209 warn ERESOLVE       path: '/Users/fujirio75/dev/w3software/node_modules/vite'
1209 warn ERESOLVE     },
1209 warn ERESOLVE     location: 'node_modules/yaml',
1209 warn ERESOLVE     isWorkspace: false,
1209 warn ERESOLVE     dependents: [ [Object] ]
1209 warn ERESOLVE   },
1209 warn ERESOLVE   force: false,
1209 warn ERESOLVE   isMine: true,
1209 warn ERESOLVE   strictPeerDeps: false,
1209 warn ERESOLVE   current: {
1209 warn ERESOLVE     name: 'yaml',
1209 warn ERESOLVE     version: '1.10.2',
1209 warn ERESOLVE     location: 'node_modules/yaml',
1209 warn ERESOLVE     isWorkspace: false,
1209 warn ERESOLVE     dependents: [ [Object] ]
1209 warn ERESOLVE   }
1209 warn ERESOLVE }
1210 warn ERESOLVE overriding peer dependency {
1210 warn ERESOLVE   code: 'ERESOLVE',
1210 warn ERESOLVE   edge: {
1210 warn ERESOLVE     type: 'peerOptional',
1210 warn ERESOLVE     name: 'yaml',
1210 warn ERESOLVE     spec: '^2.4.2',
1210 warn ERESOLVE     error: 'INVALID',
1210 warn ERESOLVE     from: {
1210 warn ERESOLVE       name: 'vite',
1210 warn ERESOLVE       version: '6.3.5',
1210 warn ERESOLVE       location: 'node_modules/vite',
1210 warn ERESOLVE       isWorkspace: false,
1210 warn ERESOLVE       dependents: [Array]
1210 warn ERESOLVE     }
1210 warn ERESOLVE   },
1210 warn ERESOLVE   dep: {
1210 warn ERESOLVE     name: 'yaml',
1210 warn ERESOLVE     version: undefined,
1210 warn ERESOLVE     errors: [ [FetchError] ],
1210 warn ERESOLVE     package: {},
1210 warn ERESOLVE     whileInstalling: {
1210 warn ERESOLVE       name: 'vite',
1210 warn ERESOLVE       version: '6.3.5',
1210 warn ERESOLVE       path: '/Users/fujirio75/dev/w3software/node_modules/vite'
1210 warn ERESOLVE     },
1210 warn ERESOLVE     location: 'node_modules/yaml',
1210 warn ERESOLVE     isWorkspace: false,
1210 warn ERESOLVE     dependents: [ [Object] ]
1210 warn ERESOLVE   },
1210 warn ERESOLVE   force: false,
1210 warn ERESOLVE   isMine: true,
1210 warn ERESOLVE   strictPeerDeps: false,
1210 warn ERESOLVE   current: {
1210 warn ERESOLVE     name: 'yaml',
1210 warn ERESOLVE     version: undefined,
1210 warn ERESOLVE     errors: [ [FetchError] ],
1210 warn ERESOLVE     package: {},
1210 warn ERESOLVE     location: 'node_modules/yaml',
1210 warn ERESOLVE     isWorkspace: false,
1210 warn ERESOLVE     dependents: []
1210 warn ERESOLVE   }
1210 warn ERESOLVE }
1211 silly fetch manifest use-sync-external-store@^1.2.2
1212 silly packumentCache full:https://registry.npmjs.org/use-sync-external-store cache-miss
1213 verbose cwd /Users/fujirio75/dev/w3software
1214 verbose os Darwin 25.4.0
1215 verbose node v23.10.0
1216 verbose npm  v11.6.2
1217 verbose exit 1
1218 verbose code 1
1219 error A complete log of this run can be found in: /Users/fujirio75/dev/w3software/.npm-cache/_logs/2026-04-19T14_50_25_904Z-debug-0.log
